timestamp_s,roll,pitch,yaw
0.000000,0.000000,1.049840,96.198890
0.100000,0.000000,1.049840,96.198890
0.200000,0.000000,1.049840,96.198890
0.300000,0.000000,1.049840,96.198890
0.400000,0.000000,1.049840,96.198890
0.499999,0.000000,1.049840,96.198890
0.599999,0.000000,1.049840,96.198890
0.799999,0.000000,1.049840,96.198890
0.899999,0.000000,1.049840,96.198890
0.999999,0.000000,1.049840,96.198890
1.099999,0.000000,1.049840,96.198890
1.199999,0.000000,1.049840,96.198890
1.299999,0.000000,1.049840,96.198890
1.399999,0.000000,1.049840,96.198890
1.499999,0.000000,1.049840,96.198890
1.599999,0.000000,1.049840,96.198890
1.699999,0.000000,1.049840,96.198890
1.799999,0.000000,1.049840,96.198890
1.899999,0.000000,1.049840,96.198890
1.999999,0.000000,1.049840,96.198890
2.099999,0.000000,1.049840,96.198890
2.199999,0.000000,1.049840,96.198890
2.299999,0.000000,1.049840,96.198890
2.399998,0.000000,1.049840,96.198890
2.499998,0.000000,1.049840,96.198890
2.599998,0.000000,1.049840,96.198890
2.699998,0.000000,1.049840,96.198890
2.799998,0.000000,1.049840,96.198890
2.899998,0.000000,1.049840,96.198890
2.999998,0.000000,1.049840,96.198890
3.099998,0.000000,1.049840,96.198890
3.199998,0.000000,1.049840,96.198890
3.299998,0.000000,1.049840,96.198890
3.399998,0.000000,1.049840,96.198890
3.499998,0.000000,1.049840,96.198890
3.599998,0.000000,1.049840,96.198890
3.699998,0.000000,1.049840,96.198890
3.799998,0.000000,1.049840,96.198890
3.899998,0.000000,1.049840,96.198890
3.999998,0.000000,1.049840,96.198890
4.099998,0.000000,1.049840,96.198890
4.199998,0.000000,1.049840,96.198890
4.299997,0.000000,1.049840,96.198890
4.399997,0.000000,1.049840,96.198890
4.499997,0.000000,1.049840,96.198890
4.599997,0.000000,1.049840,96.198890
4.699997,0.000000,1.049840,96.198890
4.799997,0.000000,1.049840,96.198890
4.899997,0.000000,1.049840,96.198890
4.999997,0.000000,1.049840,96.198890
5.099997,0.000000,1.049840,96.198890
5.199997,0.000000,1.049840,96.198890
5.299997,0.000000,1.049840,96.198890
5.399997,0.000000,1.049840,96.198890
5.499997,0.000000,1.049840,96.198890
5.599997,0.000000,1.049840,96.198890
5.799997,0.000000,1.049840,96.198890
5.899997,0.000000,1.049840,96.198890
5.999997,0.000000,1.049840,96.198890
6.099996,0.000000,1.049840,96.198890
6.199996,0.000000,1.049840,96.198890
6.299996,0.000000,1.049840,96.198890
6.399996,0.000000,1.049840,96.198890
6.499996,0.000000,1.049840,96.198890
6.599996,0.000000,1.049840,96.198890
6.699996,0.000000,1.049840,96.198890
6.799996,0.000000,1.049840,96.198890
6.899996,0.000000,1.049840,96.198890
6.999996,0.000000,1.049840,96.198890
7.099996,0.000000,1.049840,96.198890
7.199996,0.000000,1.049840,96.198890
7.299996,0.000000,1.049840,96.198890
7.399996,0.000000,1.049840,96.198890
7.499996,0.000000,1.049840,96.198890
7.599996,0.000000,1.049840,96.198890
7.699996,0.000000,1.049840,96.198890
7.799996,0.000000,1.049840,96.198890
7.899996,0.000000,1.049840,96.198890
7.999995,0.000000,1.049840,96.198890
8.099995,0.000000,1.049840,96.198890
8.199995,0.000000,1.049840,96.198890
8.299995,0.000000,1.049840,96.198890
8.399995,0.000000,1.049840,96.198890
8.499995,0.000000,1.049840,96.198890
8.599995,0.000000,1.049840,96.198890
8.699995,0.000000,1.049840,96.198890
8.799995,0.000000,1.049840,96.198890
8.899995,0.000000,1.049840,96.198890
8.999995,0.000000,1.049840,96.198890
9.099995,0.000000,1.049840,96.198890
9.199995,0.000000,1.049840,96.198890
9.299995,0.000000,1.049840,96.198890
9.399995,0.000000,1.049840,96.198890
9.499995,0.000000,1.049840,96.198890
9.599995,0.000000,1.049840,96.198890
9.699995,0.000000,1.049840,96.198890
9.799995,0.000000,1.049840,96.198890
9.899994,0.000000,1.049840,96.198890
9.999994,0.000000,1.049840,96.198890
10.099994,0.000000,1.049840,96.198890
10.199994,0.000000,1.049840,96.198890
10.299994,0.000000,-4.127800,96.198890
10.399994,0.000000,1.197040,38.613500
10.499994,0.000000,0.103740,39.326510
10.599994,0.000000,-2.754970,38.858690
10.799994,0.000000,-13.362800,25.608320
10.899994,0.000000,-14.000660,33.997370
10.999994,0.000000,-7.348770,37.629510
11.099994,0.000000,-0.681480,31.013770
11.199994,0.000000,-7.376360,38.682610
11.299994,0.000000,-2.646880,36.781100
11.399994,0.000000,-0.212770,30.938140
11.499994,0.000000,-2.473740,32.546590
11.599994,0.000000,-6.371070,38.409810
11.699994,0.000000,-5.253980,25.234990
11.799993,0.000000,-6.615600,41.862340
11.899993,0.000000,-5.869320,36.027470
11.999993,0.000000,-3.600790,28.891320
12.099993,0.000000,-7.316990,31.949980
12.199993,0.000000,-6.557480,34.938440
12.299993,0.000000,-5.010310,27.252230
12.399993,0.000000,-5.443720,32.571790
12.499993,0.000000,-5.704660,39.108050
12.599993,0.000000,-3.742620,31.299700
12.799993,0.000000,-4.647070,34.666300
12.899993,0.000000,-3.886140,37.163630
12.999993,0.000000,-3.735610,32.317610
13.099993,0.000000,-4.937440,28.721290
13.199993,0.000000,-6.169670,29.976200
13.299993,0.000000,-4.632540,35.600770
13.399993,0.000000,-6.008370,32.389180
13.499993,0.000000,-4.110860,36.673700
13.599993,0.000000,-3.604690,33.337870
13.699992,0.000000,-3.556170,34.206400
13.799992,0.000000,-2.868620,27.808510
13.899992,0.000000,-0.875820,32.747360
13.999992,0.000000,-3.188400,36.576770
14.099992,0.000000,-3.792130,32.113940
14.199992,0.000000,-3.387400,34.631580
14.299992,0.000000,-3.841340,36.213060
14.399992,0.000000,-3.124690,31.849760
14.499992,0.000000,-3.161600,30.258360
14.599992,0.000000,-3.651700,37.057260
14.799992,0.000000,-4.275440,40.584520
14.899992,0.000000,-4.037610,43.304580
14.999992,0.000000,-5.563260,45.577880
15.099992,0.000000,-5.668260,53.372000
15.199992,0.000000,-6.032160,45.944500
15.299992,0.000000,-4.877330,44.823360
15.399992,0.000000,-5.183280,40.275290
15.499992,0.000000,-3.695990,47.609550
15.599991,0.000000,-2.359880,55.346270
15.699991,0.000000,-3.054780,48.616390
15.799991,0.000000,-3.531800,56.780710
15.899991,0.000000,-3.599960,57.979240
15.999991,0.000000,-3.630530,63.106170
16.099991,0.000000,-3.513940,63.849720
16.199991,0.000000,-2.967970,59.578260
16.299991,0.000000,-3.596330,63.224740
16.399991,0.000000,-3.003900,62.021010
16.499991,0.000000,-2.507420,66.281240
16.599991,0.000000,-2.887510,69.983740
16.799991,0.000000,-2.449400,76.983890
16.899991,0.000000,-2.690540,84.281590
16.999991,0.000000,-3.879670,81.832640
17.099991,0.000000,-4.133960,87.927010
17.199991,0.000000,-3.328630,88.182760
17.299991,0.000000,-2.635680,79.205170
17.399991,0.000000,-2.839650,86.768590
17.499990,0.000000,-2.468940,86.267340
17.599990,0.000000,-2.277790,83.882190
17.799990,0.000000,-1.585820,91.925210
17.899990,0.000000,-1.549080,91.879990
17.999990,0.000000,-1.127650,95.899370
18.099990,0.000000,-1.411830,95.976970
18.199990,0.000000,-1.151780,93.264180
18.299990,0.000000,-0.628560,96.288870
18.399990,0.000000,-0.363420,97.008460
18.499990,0.000000,-0.599060,94.761800
18.599990,0.000000,-0.680910,98.525220
18.699990,0.000000,-0.736090,97.509650
18.799990,0.000000,-0.192480,97.340930
18.899990,0.000000,-0.833070,95.310320
18.999990,0.000000,-0.374000,97.825890
19.099990,0.000000,-0.503850,98.578670
19.199990,0.000000,-0.379460,98.586540
19.299990,0.000000,-0.394310,98.247100
19.399989,0.000000,-0.336030,99.052310
19.499989,0.000000,-0.349310,100.793080
19.599989,0.000000,-0.514310,101.369920
19.799989,0.000000,-0.479070,101.158340
19.899989,0.000000,-0.692570,100.986130
19.999989,0.000000,-0.924020,103.905700
20.099989,0.000000,-0.811890,101.917230
20.199989,0.000000,-0.951250,105.875700
20.299989,0.000000,-1.756980,106.894570
20.399989,0.000000,-1.472680,102.678790
20.499989,0.000000,-1.582090,102.371720
20.599989,0.000000,-1.586320,107.898470
20.799989,0.000000,-0.911850,108.234670
20.899989,0.000000,-1.109750,107.611010
20.999989,0.000000,-0.805200,106.628160
21.099989,0.000000,-0.876790,109.612460
21.199989,0.000000,-0.832870,110.559750
21.299988,0.000000,-0.733160,111.420280
21.399988,0.000000,-0.606560,112.605850
21.499988,0.000000,-0.889720,112.598020
21.599988,0.000000,-0.953580,112.931720
21.799988,0.000000,-0.951860,111.857890
21.899988,0.000000,-1.015240,115.366800
21.999988,0.000000,-0.786900,114.638210
22.099988,0.000000,-0.963220,116.166690
22.199988,0.000000,-0.812480,115.910280
22.299988,0.000000,-1.064780,117.150060
22.399988,0.000000,-0.843730,117.904940
22.499988,0.000000,-0.645700,117.203820
22.599988,0.000000,-0.565810,118.021930
22.799988,0.000000,-0.200160,118.418350
22.899988,0.000000,-0.480620,119.917870
22.999988,0.000000,-0.366280,118.117390
23.099988,0.000000,-0.074950,118.639180
23.199987,0.000000,-0.208100,117.304670
23.299987,0.000000,-0.407830,118.978500
23.399987,0.000000,-0.320240,118.901410
23.499987,0.000000,-0.022150,117.769950
23.599987,0.000000,-0.278320,118.180320
23.699987,0.000000,-0.140380,118.424880
23.799987,0.000000,-0.047590,118.618900
23.899987,0.000000,-0.571560,118.462940
23.999987,0.000000,-0.560100,118.727140
24.099987,0.000000,-0.298830,119.275710
24.199987,0.000000,-0.674190,118.868070
24.299987,0.000000,-0.424980,119.216900
24.399987,0.000000,-0.083150,117.340910
24.499987,0.000000,-0.639540,118.437560
24.599987,0.000000,-0.954670,118.944890
24.699987,0.000000,-0.128470,116.783000
24.799987,0.000000,-0.115340,122.246390
24.899987,0.000000,-0.393150,116.047340
24.999986,0.000000,-1.094240,119.565380
25.099986,0.000000,-1.082320,120.944240
25.199986,0.000000,-0.323130,120.360500
25.299986,0.000000,-0.918800,121.098610
25.399986,0.000000,-0.429770,120.599790
25.499986,0.000000,-0.368310,112.883020
25.599986,0.000000,-0.240860,119.766860
25.799986,0.000000,0.423720,116.307160
25.899986,0.000000,0.551670,119.155250
25.999986,0.000000,0.191240,121.602710
26.099986,0.000000,1.227650,117.017190
26.199986,0.000000,2.174370,116.862210
26.299986,0.000000,1.986260,122.711000
26.399986,0.000000,-1.316560,121.345070
26.499986,0.000000,-2.078970,121.476710
26.599986,0.000000,-1.932010,117.206480
26.699986,0.000000,-0.962920,118.072580
26.799986,0.000000,-0.003650,119.204240
26.899985,0.000000,-0.356990,117.683050
26.999985,0.000000,-1.025000,121.205240
27.099985,0.000000,-0.398800,117.728930
27.199985,0.000000,-0.564820,119.957730
27.299985,0.000000,-1.156970,117.805450
27.399985,0.000000,-1.239560,119.528270
27.499985,0.000000,-0.499560,116.171560
27.599985,0.000000,0.006430,117.851390
27.699985,0.000000,0.159470,119.513620
27.799985,0.000000,1.894040,117.469810
27.899985,0.000000,2.458700,120.779730
27.999985,0.000000,-0.207150,121.860710
28.099985,0.000000,-1.358240,123.349140
28.199985,0.000000,-1.029050,119.817310
28.299985,0.000000,0.314170,117.926360
28.399985,0.000000,0.334640,121.254580
28.499985,0.000000,-0.186070,119.196370
28.599985,0.000000,-0.027240,119.248230
28.699985,0.000000,0.071120,121.239390
28.799984,0.000000,0.061950,118.716800
28.899984,0.000000,0.289360,118.441070
28.999984,0.000000,0.832640,118.743500
29.099984,0.000000,0.342080,121.135810
29.199984,0.000000,0.096710,120.456580
29.299984,0.000000,0.040240,119.893270
29.399984,0.000000,0.299970,119.014120
29.499984,0.000000,-0.055480,120.166220
29.599984,0.000000,0.025210,122.485360
29.699984,0.000000,0.062720,120.177410
29.799984,0.000000,0.110360,122.069130
29.899984,0.000000,0.127810,119.918390
29.999984,0.000000,-0.237900,119.519550
30.099984,0.000000,-0.235850,121.025840
30.199984,0.000000,-0.190010,122.208580
30.299984,0.000000,-0.122400,121.616750
30.399984,0.000000,-0.192900,121.367290
30.499984,0.000000,-0.328700,122.597140
30.599984,0.000000,-0.166560,121.350120
30.699983,0.000000,0.034850,121.853540
30.799983,0.000000,-0.034870,121.415050
30.899983,0.000000,-0.182690,122.539890
30.999983,0.000000,-0.349500,123.189600
31.099983,0.000000,-0.203290,122.739130
31.199983,0.000000,-0.076940,121.332090
31.299983,0.000000,-0.108040,121.161040
31.399983,0.000000,0.010960,123.075210
31.499983,0.000000,0.046910,121.968270
31.599983,0.000000,-0.043890,122.585010
31.799983,0.000000,0.044310,121.260990
31.899983,0.000000,-0.071740,122.339350
31.999983,0.000000,-0.591110,122.641500
32.099983,0.000000,-0.240480,121.352510
32.199983,0.000000,-0.316400,121.231920
32.299983,0.000000,-0.170010,122.427180
32.399983,0.000000,-0.162510,123.085820
32.499983,0.000000,-0.379240,122.584670
32.599982,0.000000,-0.140250,123.039600
32.799982,0.000000,-0.423200,122.446270
32.899982,0.000000,-0.330670,122.225270
32.999982,0.000000,-0.044120,121.798680
33.099982,0.000000,-0.405560,122.890020
33.199982,0.000000,-0.510990,124.141130
33.299982,0.000000,0.002230,123.443810
33.399982,0.000000,-0.473590,121.958200
33.499982,0.000000,-0.324660,122.833130
33.599982,0.000000,-0.075320,122.382960
33.799982,0.000000,-0.223560,125.113860
33.899982,0.000000,-0.156310,123.694230
33.999982,0.000000,-0.192000,122.974560
34.099982,0.000000,-0.142610,127.231840
34.199982,0.000000,-0.436260,126.783970
34.299982,0.000000,-0.068830,125.383200
34.399982,0.000000,-0.234690,127.003060
34.499981,0.000000,-0.358400,126.344690
34.599981,0.000000,0.027770,126.831690
34.799981,0.000000,0.148960,126.299840
34.899981,0.000000,0.154710,123.718190
34.999981,0.000000,0.272980,124.664350
35.099981,0.000000,-0.184690,128.353660
35.199981,0.000000,-1.492450,128.790460
35.299981,0.000000,-0.554590,125.987940
35.399981,0.000000,-0.479540,127.712310
35.499981,0.000000,-0.531510,129.474770
35.599981,0.000000,-1.387850,124.958020
35.799981,0.000000,-1.025730,126.421690
35.899981,0.000000,-0.293950,126.770540
35.999981,0.000000,0.283350,131.326820
36.099981,0.000000,-0.181980,124.193850
36.199981,0.000000,-0.142210,128.580930
36.299981,0.000000,-1.200760,123.378950
36.399980,0.000000,-0.716360,124.282550
36.499980,0.000000,1.017510,132.003530
36.599980,0.000000,1.108990,123.470100
36.799980,0.000000,0.378420,127.681460
36.899980,0.000000,1.338710,127.799530
36.999980,0.000000,3.424950,125.110020
37.099980,0.000000,0.559140,124.824130
37.199980,0.000000,1.006710,126.865710
37.299980,0.000000,2.454370,137.183460
37.399980,0.000000,1.566320,128.131340
37.499980,0.000000,-0.155320,133.035450
37.599980,0.000000,-2.017300,123.988850
37.799980,0.000000,1.013960,128.148370
37.899980,0.000000,0.106970,132.617640
37.999980,0.000000,0.039690,127.038140
38.099980,0.000000,-0.714280,125.660860
38.199980,0.000000,-0.520580,125.746630
38.299979,0.000000,-0.307040,128.796760
38.399979,0.000000,-1.155730,128.093190
38.499979,0.000000,-0.882620,129.281850
38.599979,0.000000,-0.254560,125.801160
38.799979,0.000000,-0.643310,129.638890
38.899979,0.000000,-0.445910,126.509930
38.999979,0.000000,-0.371580,129.664540
39.099979,0.000000,-0.344520,130.199340
39.199979,0.000000,-0.117210,128.147680
39.299979,0.000000,-1.637480,123.780750
39.399979,0.000000,-1.488650,120.295770
39.499979,0.000000,-0.542790,128.916550
39.599979,0.000000,-0.022660,125.831550
39.799979,0.000000,-0.756320,127.259780
39.899979,0.000000,-0.036230,125.680230
39.999979,0.000000,-0.685340,126.424210
40.099979,0.000000,-0.316210,130.918560
40.199978,0.000000,-1.226880,128.882190
40.299978,0.000000,-0.464920,125.384440
40.399978,0.000000,-1.155030,127.562620
40.499978,0.000000,-0.534600,125.032870
40.599978,0.000000,-0.196770,127.832680
40.799978,0.000000,0.283550,125.257140
40.899978,0.000000,0.934290,128.929890
40.999978,0.000000,0.677920,125.634410
41.099978,0.000000,0.313040,128.401020
41.199978,0.000000,1.262870,127.397160
41.299978,0.000000,1.446330,126.577310
41.399978,0.000000,1.027600,122.881810
41.499978,0.000000,0.538290,127.083580
41.599978,0.000000,-0.304440,128.627120
41.799978,0.000000,-1.783790,125.165960
41.899978,0.000000,-0.255840,127.493090
41.999978,0.000000,0.091880,126.820720
42.099977,0.000000,-0.872060,127.779040
42.199977,0.000000,-0.423010,128.236850
42.299977,0.000000,-0.105600,126.714070
42.399977,0.000000,-1.155470,127.698290
42.499977,0.000000,-0.381190,129.234080
42.599977,0.000000,-0.199980,124.647880
42.799977,0.000000,0.291800,125.624580
42.899977,0.000000,-0.294360,127.574190
42.999977,0.000000,-0.076140,128.732400
43.099977,0.000000,0.179460,125.191870
43.199977,0.000000,0.076340,126.028090
43.299977,0.000000,0.124760,127.232380
43.399977,0.000000,-0.524170,128.069910
43.499977,0.000000,-1.330530,127.916600
43.599977,0.000000,-0.951980,121.365940
43.799977,0.000000,-1.844130,123.844050
43.899977,0.000000,-1.821930,119.624300
43.999976,0.000000,-1.694250,121.046270
44.099976,0.000000,-1.883540,123.636120
44.199976,0.000000,-2.117270,121.655590
44.299976,0.000000,-1.738450,117.330570
44.399976,0.000000,-1.856660,116.065080
44.499976,0.000000,-1.545630,116.480580
44.599976,0.000000,-2.196460,118.719970
44.799976,0.000000,-1.667040,110.022360
44.899976,0.000000,-1.026610,113.037700
44.999976,0.000000,-1.706730,110.820990
45.099976,0.000000,-2.417410,110.527400
45.199976,0.000000,-1.559040,102.925240
45.299976,0.000000,-1.400230,101.150010
45.399976,0.000000,-0.742110,101.522850
45.499976,0.000000,-0.358300,103.505450
45.599976,0.000000,-0.282310,96.128360
45.799976,0.000000,-0.890120,94.380830
45.899975,0.000000,-0.359410,91.722050
45.999975,0.000000,0.358540,90.330090
46.099975,0.000000,0.413600,89.953580
46.199975,0.000000,0.812090,84.000630
46.299975,0.000000,0.694460,77.849010
46.399975,0.000000,1.016680,76.402490
46.499975,0.000000,1.238730,77.573700
46.599975,0.000000,1.257380,75.736190
46.799975,0.000000,0.955390,71.162530
46.899975,0.000000,1.111600,68.339520
46.999975,0.000000,1.277630,65.977690
47.099975,0.000000,1.062780,63.221800
47.199975,0.000000,0.916560,59.813110
47.299975,0.000000,0.979130,60.316330
47.399975,0.000000,0.720100,57.064940
47.499975,0.000000,0.655930,54.231300
47.599975,0.000000,0.338140,53.096770
47.699975,0.000000,0.442880,52.237410
47.799974,0.000000,0.425790,50.525880
47.899974,0.000000,0.311510,49.161020
47.999974,0.000000,0.612720,47.265130
48.099974,0.000000,0.402010,47.265950
48.199974,0.000000,0.507340,45.208190
48.299974,0.000000,0.557380,44.172120
48.399974,0.000000,0.405080,42.869360
48.499974,0.000000,0.615210,43.289230
48.599974,0.000000,0.465990,42.147670
48.799974,0.000000,0.504410,40.315180
48.899974,0.000000,0.766820,40.668150
48.999974,0.000000,0.637230,40.665220
49.099974,0.000000,0.604170,41.141560
49.199974,0.000000,0.697710,40.373730
49.299974,0.000000,0.793770,39.480350
49.399974,0.000000,0.777680,40.312120
49.499974,0.000000,0.663440,39.983820
49.599974,0.000000,0.792740,40.578720
49.699973,0.000000,0.861960,40.119730
49.799973,0.000000,0.825730,39.434110
49.899973,0.000000,0.806920,39.710800
49.999973,0.000000,0.865880,39.188560
50.099973,0.000000,0.746360,40.649930
50.199973,0.000000,0.689930,40.225480
50.299973,0.000000,0.771790,40.065370
50.399973,0.233520,0.928150,39.710300
50.499973,0.958090,0.964910,39.642600
50.599973,3.365840,0.943280,40.151520
50.799973,2.118700,0.936840,40.043460
50.899973,1.910400,1.027910,39.885960
50.999973,2.657250,1.024780,40.053690
51.099973,2.962200,1.099610,40.147440
51.199973,2.757240,1.148000,40.067420
51.299973,2.342890,1.121010,39.928290
51.399973,2.715110,1.037620,39.990410
51.499973,2.114840,1.030610,39.798170
51.599972,2.825280,1.113520,39.843370
51.799972,2.805600,1.211990,39.837010
51.899972,2.477170,1.134000,39.703760
51.999972,2.619960,1.035210,39.697650
52.099972,2.562680,0.938850,39.571660
52.199972,2.727190,1.008490,39.555800
52.299972,2.829920,1.064020,39.519940
52.399972,2.867670,1.186910,39.534910
52.499972,2.866260,1.299210,39.492790
52.599972,2.849270,1.321560,39.400600
52.799972,2.839770,1.076550,39.340020
52.999972,2.724690,1.145630,39.215730
53.099972,2.738860,1.221210,39.274350
53.199972,2.651780,1.132440,39.228900
53.299972,2.691460,1.040810,39.260780
53.499971,2.429180,1.030010,39.164290
53.599971,2.441070,1.028470,39.124910
53.799971,2.665360,0.773030,39.151010
53.899971,2.637390,0.801420,39.075020
53.999971,2.669200,0.873090,39.082610
54.099971,2.635000,0.884800,39.057080
54.199971,2.494980,0.946360,39.024450
54.299971,2.450270,1.009940,38.981290
54.399971,2.371440,0.983320,38.977490
54.499971,2.344720,0.885550,38.966690
54.599971,2.284540,0.733460,38.956570
54.799971,2.425270,0.696860,38.890910
54.899971,2.360240,0.718380,38.843260
54.999971,2.417290,0.759460,38.790880
55.099971,2.541950,0.807610,38.791220
55.199971,2.520720,0.832010,38.818950
55.299971,2.360850,0.787870,38.813090
55.399970,2.393750,0.772320,38.873810
55.499970,2.479460,0.725920,38.966870
55.599970,2.544540,0.631190,39.008450
55.799970,2.488550,0.404610,39.057710
55.899970,2.244200,0.450760,39.093840
55.999970,2.152180,0.494510,39.174400
56.099970,2.140240,0.504460,39.111300
56.199970,2.243100,0.525440,39.158140
56.299970,2.212390,0.604700,39.168870
56.399970,2.233570,0.668020,39.182480
56.499970,2.298180,0.627860,39.168030
56.599970,2.542810,0.559170,39.176590
56.799970,2.586320,0.549020,39.112950
56.899970,2.748120,0.593020,39.115350
56.999970,2.598610,0.664110,39.081590
57.099970,2.522850,0.788420,39.030780
57.199970,2.416600,0.753720,38.999420
57.299969,2.276090,0.631400,38.962050
57.399969,2.033260,0.548140,38.924220
57.499969,2.174990,0.616460,38.938810
57.599969,2.127540,0.671210,38.960490
57.799969,2.236810,0.322730,38.943570
57.899969,2.503330,0.297030,38.987900
57.999969,2.469180,0.437550,39.051790
58.099969,2.510580,0.568660,39.050890
58.199969,2.525330,0.615400,39.152070
58.299969,2.919710,0.646340,39.342930
58.399969,2.941410,0.645120,39.517420
58.499969,2.912890,0.581340,39.642180
58.599969,2.305000,0.619050,39.717900
58.799969,2.163950,0.616900,39.944920
58.899969,1.841650,0.606670,40.032120
58.999969,1.430560,0.663340,40.114100
59.099968,1.167030,0.813150,40.170910
59.199968,1.361120,0.910860,40.278490
59.299968,1.466910,0.809580,40.316420
59.399968,1.233230,0.702200,40.342990
59.499968,1.185620,0.663540,40.381780
59.599968,1.118550,0.676650,40.403220
59.799968,1.407290,0.855740,40.504670
59.899968,1.476670,0.728510,40.484620
59.999968,1.481150,0.666050,40.472520
60.099968,1.783830,0.544230,40.517940
60.199968,1.622830,0.501150,40.521030
60.299968,1.657110,0.625370,40.509660
60.399968,1.511190,0.602120,40.508270
60.499968,1.492860,0.576860,40.472920
60.599968,1.556500,0.607310,40.461360
60.799968,1.673890,0.694070,40.408070
60.899968,1.885280,0.704830,40.420920
60.999967,1.867910,0.619680,40.401570
61.199967,1.998100,0.499490,40.368560
61.299967,2.058550,0.568280,40.339780
61.399967,2.187600,0.532640,40.260710
61.499967,2.171650,0.550620,40.165770
61.599967,2.159600,0.473400,40.114530
61.799967,2.180490,0.510920,39.966040
61.899967,2.039250,0.511940,39.869630
61.999967,1.857510,0.514420,39.801370
62.099967,1.826150,0.555480,39.702960
62.199967,1.836030,0.539860,39.661330
62.299967,1.779500,0.565710,39.531690
62.399967,1.714580,0.627180,39.470850
62.499967,1.673190,0.666920,39.419860
62.599967,1.660800,0.692710,39.388960
62.799967,1.673830,0.772120,39.309830
62.899966,1.603610,0.710520,39.301470
62.999966,1.549910,0.602210,39.259550
63.099966,1.640960,0.545950,39.253390
63.199966,1.662780,0.506060,39.271140
63.299966,1.697630,0.606980,39.311150
63.399966,1.713100,0.614640,39.315520
63.499966,1.658580,0.617270,39.328840
63.599966,1.608560,0.563320,39.333540
63.799966,1.535330,0.545090,39.433040
63.899966,1.689510,0.541420,39.527690
63.999966,1.581010,0.676400,39.565070
64.099966,1.569930,0.789540,39.639790
64.199966,1.655300,0.757000,39.798340
64.299966,1.676890,0.664810,39.895240
64.399966,1.681450,0.597510,40.038860
64.499966,1.618650,0.564030,40.182290
64.599966,1.408990,0.565620,40.388920
64.799965,1.498910,0.569570,40.766990
64.899965,0.878970,0.611450,40.992250
64.999965,1.276850,0.655110,41.285250
65.099965,1.959620,0.661630,41.592380
65.199965,1.712260,0.698350,41.845610
65.299965,2.087700,0.734540,42.150710
65.399965,2.480290,0.687600,42.440450
65.499965,2.480120,0.591070,42.728760
65.599965,2.335300,0.537780,43.001120
65.799965,2.073170,0.582730,43.546270
65.899965,2.057080,0.612320,43.785230
65.999965,2.258840,0.547400,44.050570
66.099965,2.169360,0.507610,44.340830
66.199965,2.210650,0.471440,44.614470
66.299965,2.234510,0.403060,44.898060
66.399965,2.263140,0.375430,45.190970
66.499965,2.376320,0.284960,45.479610
66.599965,2.310110,0.238870,45.797700
66.799964,2.090460,0.288010,46.516520
66.899964,2.038870,0.387400,46.911580
66.999964,2.045460,0.493340,47.291460
67.099964,2.331210,0.519410,47.743940
67.199964,2.413060,0.567430,48.208150
67.299964,2.324250,0.465420,48.637600
67.399964,2.425860,0.311430,49.156350
67.499964,2.503110,0.136990,49.712910
67.599964,2.164450,0.072990,50.135760
67.799964,1.831000,0.130180,51.076820
67.899964,1.918890,0.122420,51.593250
67.999964,1.812110,0.180240,52.143210
68.099964,1.629730,0.125330,52.624570
68.199964,1.608920,-0.049200,53.136630
68.299964,1.515540,-0.188230,53.635210
68.399964,1.544390,-0.258550,54.149140
68.499964,1.497330,-0.188570,54.640410
68.599963,1.539780,-0.116110,55.112500
68.799963,1.538060,-0.130250,56.096860
68.899963,1.600950,-0.111390,56.605520
68.999963,1.490140,-0.123120,57.097250
69.099963,1.626240,-0.079790,57.578770
69.199963,1.805510,-0.109980,58.103570
69.299963,1.814980,-0.166360,58.578370
69.399963,1.943040,-0.308230,59.094780
69.499963,2.027570,-0.339710,59.598440
69.599963,2.020160,-0.348350,60.089370
69.799963,2.151900,-0.399930,61.071020
69.899963,2.218080,-0.465170,61.475270
69.999963,2.250310,-0.475510,61.833990
70.099963,2.309410,-0.451000,62.207170
70.199963,2.353890,-0.478850,62.587700
70.299963,2.330720,-0.559050,62.957180
70.399963,2.272300,-0.755980,63.321890
70.499962,2.347370,-0.964360,63.690650
70.599962,2.422520,-0.999400,63.990160
70.799962,2.264590,-0.488880,64.554670
70.899962,2.534310,-0.446420,64.842960
70.999962,2.746560,-0.569790,65.079880
71.099962,2.602880,-0.662550,65.188230
71.199962,2.517280,-0.630240,65.309890
71.299962,2.602120,-0.540090,65.563360
71.399962,2.637250,-0.495850,65.793460
71.499962,2.555160,-0.511890,65.986960
71.599962,2.510400,-0.550450,66.171060
71.799962,2.408640,-0.531030,66.584360
71.899962,2.486850,-0.496620,66.822920
71.999962,2.446050,-0.469540,67.023950
72.199962,2.385870,-0.499230,67.427740
72.299962,2.451030,-0.471940,67.606520
72.399961,2.502000,-0.511640,67.787820
72.499961,2.487020,-0.541860,67.973340
72.599961,2.573170,-0.528780,68.152280
72.799961,2.684170,-0.560310,68.391380
72.899961,2.635230,-0.468660,68.481370
72.999961,2.706680,-0.368280,68.555130
73.099961,2.719330,-0.331440,68.628940
73.199961,2.536260,-0.154530,68.624270
73.299961,2.442200,-0.182960,68.636040
73.399961,2.520280,-0.208400,68.700600
73.499961,2.486750,-0.143640,68.722680
73.599961,2.390030,-0.206500,68.718220
73.799961,2.467220,-0.292780,68.797300
73.999961,2.405940,-0.455120,68.979300
74.099961,2.418590,-0.463340,69.042070
74.199961,2.561550,-0.525960,68.944240
74.299960,2.663260,-0.562930,68.749360
74.399960,2.620260,-0.528540,68.530960
74.499960,2.448860,-0.515420,68.334790
74.599960,2.522700,-0.573270,68.201960
74.799960,2.563930,-0.602760,68.023780
74.999960,2.588310,-0.574770,67.902270
75.099960,2.695620,-0.538440,67.799220
75.199960,2.681710,-0.502260,67.738940
75.299960,2.693720,-0.404870,67.682340
75.399960,2.698600,-0.132400,67.623500
75.499960,2.477550,0.497310,67.554880
75.599960,2.240300,0.997840,67.539210
75.799960,2.155120,0.633350,67.468380
75.999960,2.778270,-0.743670,67.416680
76.099960,2.555930,-1.076670,67.355580
76.199959,2.241760,-1.129710,67.455640
76.299959,1.905930,-1.224440,67.431760
76.399959,1.936990,-1.054590,67.488550
76.499959,2.078350,-0.550640,67.554040
76.599959,2.355660,0.167870,67.572000
76.799959,2.088250,0.489060,67.651430
76.899959,1.901720,0.130470,67.643870
76.999959,1.972000,0.177470,67.702560
77.199959,2.004570,0.414690,67.787030
77.299959,2.015410,0.355740,67.858970
77.399959,2.004050,0.284710,67.855690
77.499959,1.949630,0.316890,67.858990
77.699959,1.738660,0.386450,67.913600
77.899959,1.687730,0.410250,68.044220
78.099958,1.789030,0.347380,68.169780
78.199958,1.718400,0.234270,68.145670
78.299958,1.639040,0.122340,68.105070
78.399958,1.588450,0.103940,68.045890
78.499958,1.681800,-0.078730,67.962260
78.599958,1.825320,-0.187930,67.876840
78.799958,1.930530,-0.244540,67.733730
78.899958,1.802340,-0.268930,67.637100
78.999958,1.746590,-0.271640,67.604200
79.099958,1.803770,-0.297380,67.565100
79.199958,1.893120,-0.285830,67.515760
79.299958,1.806660,-0.318840,67.469740
79.399958,1.485420,-0.276880,67.454230
79.499958,1.532590,-0.175890,67.509060
79.599958,1.642850,-0.031790,67.593890
79.799958,1.715360,-0.138730,67.722790
79.899958,1.742580,-0.313290,67.827660
80.099957,1.689820,-0.247650,67.930060
80.199957,1.779310,-0.060100,67.981160
80.299957,1.783850,0.021520,68.014380
80.399957,1.597540,-0.028220,68.025320
80.499957,1.560580,-0.101770,68.039200
80.699957,1.550180,-0.090710,68.058560
80.899957,1.435520,-0.118380,68.113170
80.999957,1.454920,-0.269710,68.117560
81.099957,1.469000,-0.370920,68.125190
81.199957,1.534380,-0.359260,68.160490
81.299957,1.642620,-0.267380,68.210810
81.399957,1.732670,-0.256920,68.284910
81.499957,1.867340,-0.427260,68.328450
81.599957,1.951210,-0.468220,68.359220
81.799957,1.736340,-0.310440,68.394910
81.899956,1.779640,-0.124410,68.418850
81.999956,1.790700,-0.143790,68.436320
82.099956,1.768950,-0.207970,68.461720
82.199956,1.700690,-0.323090,68.490980
82.299956,1.726190,-0.360730,68.489980
82.399956,1.768300,-0.319490,68.500020
82.499956,1.728390,-0.273210,68.503460
82.599956,1.665760,-0.328470,68.505630
82.799956,1.710930,-0.449560,68.517510
82.899956,1.743840,-0.480360,68.534300
82.999956,1.706050,-0.584140,68.543410
83.099956,1.898510,-0.699670,68.571230
83.199956,2.074470,-0.695540,68.581370
83.299956,2.093360,-0.511930,68.572590
83.399956,2.148950,-0.247180,68.586430
83.499956,2.163510,0.000990,68.563520
83.599956,2.153780,0.099350,68.552210
83.799955,1.873510,0.036930,68.545010
83.899955,1.854670,-0.196490,68.544080
83.999955,1.828270,-0.398810,68.557590
84.099955,1.809140,-0.504390,68.571390
84.199955,1.891670,-0.458210,68.592790
84.299955,1.939410,-0.446180,68.601550
84.399955,1.913510,-0.430570,68.588620
84.499955,1.920960,-0.435280,68.592570
84.599955,1.958860,-0.401310,68.585390
84.799955,1.770880,-0.246980,68.591720
84.999955,1.841680,-0.161130,68.608680
85.099955,1.891970,-0.086830,68.610610
85.199955,1.785530,-0.160410,68.617450
85.299955,1.796550,-0.301530,68.631050
85.399955,1.870900,-0.432700,68.654250
85.499955,1.894910,-0.437830,68.672180
85.599955,1.846330,-0.431140,68.708940
85.799954,1.848330,-0.723560,68.759960
85.999954,1.881110,-0.604780,68.809330
86.099954,1.784550,-0.512530,68.825530
86.199954,1.700260,-0.604080,68.827640
86.299954,1.799840,-0.782380,68.855540
86.399954,1.795500,-0.770630,68.848530
86.499954,1.801890,-0.661220,68.851780
86.599954,1.905110,-0.631620,68.863180
86.799954,2.019140,-0.619860,68.839800
86.899954,1.988960,-0.523220,68.799140
86.999954,2.019220,-0.464740,68.797760
87.099954,2.005010,-0.412570,68.781130
87.199954,1.978270,-0.358590,68.791750
87.299954,1.960220,-0.430260,68.774970
87.399954,1.947060,-0.423270,68.745540
87.499954,1.964180,-0.447090,68.705580
87.599953,1.979820,-0.506410,68.630080
87.799953,2.045780,-0.342340,68.518370
87.899953,1.956140,-0.288610,68.450400
87.999953,1.972300,-0.307500,68.403020
88.099953,2.054770,-0.255240,68.362710
88.199953,2.129640,-0.223570,68.330670
88.299953,2.063400,-0.267450,68.307120
88.399953,1.983400,-0.248220,68.278290
88.499953,1.997090,-0.186290,68.258590
88.599953,2.003650,-0.233290,68.231380
88.799953,2.034100,-0.263700,68.161090
88.899953,2.164120,-0.070240,68.134200
88.999953,2.263140,0.112650,68.093010
89.099953,2.370520,0.722330,68.068650
89.199953,2.333060,1.135590,68.012370
89.299953,2.170530,0.723150,67.970910
89.399953,2.213640,-0.458160,67.924640
89.499952,2.340770,-1.293290,67.857930
89.599952,2.707710,-1.755500,67.816660
89.799952,2.766790,-1.943110,67.755210
89.899952,2.706350,-0.962940,67.733950
89.999952,2.676790,-0.201900,67.708790
90.099952,2.670370,-0.025000,67.647760
90.199952,2.624920,-0.040780,67.589710
90.299952,2.576770,0.022700,67.540300
90.399952,2.532940,0.095530,67.453610
90.499952,2.435850,0.065540,67.352500
90.599952,2.272590,-0.050060,67.192300
90.799952,2.171850,-0.083780,66.781960
90.899952,2.136910,-0.083090,66.519600
90.999952,2.080840,-0.106050,66.231030
91.099952,2.151460,-0.102370,65.950590
91.199952,2.253860,-0.160400,65.591350
91.299952,2.344870,-0.287510,65.146080
91.399951,2.346020,-0.432970,64.623100
91.499951,2.426160,-0.442430,64.042640
91.599951,2.512510,-0.218950,63.485170
91.799951,2.272150,0.023560,62.419400
91.899951,2.272620,-0.077530,61.845510
91.999951,2.369270,-0.230360,61.293940
92.099951,2.420710,-0.192790,60.712220
92.199951,2.466550,-0.171790,60.133010
92.299951,2.502910,-0.158220,59.534660
92.399951,2.498820,-0.127690,58.935780
92.499951,2.491700,-0.066120,58.345740
92.599951,2.407320,0.002110,57.773350
92.799951,2.269380,-0.059180,56.636580
92.899951,2.289020,-0.135140,56.104160
92.999951,2.255470,-0.153800,55.619810
93.099951,2.229940,-0.203320,55.177700
93.199951,2.314990,-0.223620,54.732860
93.299950,2.354350,-0.203200,54.296000
93.399950,2.333390,-0.135300,53.839890
93.499950,2.314940,-0.076200,53.393450
93.599950,2.330610,-0.036510,52.991360
93.799950,2.300650,-0.113730,52.175020
93.899950,2.314310,-0.149090,51.833970
93.999950,2.344140,-0.147140,51.555950
94.099950,2.295910,-0.076970,51.263130
94.199950,2.147460,-0.096190,50.973200
94.299950,2.130070,-0.129040,50.733460
94.399950,2.241770,-0.121020,50.522980
94.499950,2.204350,0.014470,50.290600
94.599950,2.229240,0.032470,50.053390
94.799950,2.549930,-0.224590,49.527220
94.899950,2.655740,-0.225970,49.258150
94.999950,2.720400,-0.169040,48.991370
95.099950,2.796210,-0.159870,48.714640
95.199949,2.838550,-0.115920,48.431700
95.299949,2.788210,-0.080430,48.127030
95.399949,2.742550,-0.051200,47.846800
95.499949,2.716740,-0.082060,47.544940
95.599949,2.687820,-0.049790,47.242010
95.799949,2.863500,0.047770,46.608860
95.899949,2.798250,0.047080,46.265670
95.999949,2.726390,0.017420,45.911790
96.099949,2.746560,-0.017810,45.590890
96.199949,2.649520,-0.059800,45.259110
96.299949,2.566570,-0.147310,44.926620
96.399949,2.499940,-0.145240,44.596960
96.499949,2.481730,-0.210840,44.280560
96.599949,2.537370,-0.222610,43.960560
96.799949,2.716530,-0.365550,43.362740
96.899949,2.756120,-0.307030,43.075540
96.999949,2.735560,-0.212090,42.798440
97.099948,2.823820,-0.066770,42.542200
97.199948,2.821730,-0.099620,42.312850
97.299948,2.823490,-0.190870,42.084100
97.399948,2.885480,-0.246890,41.869160
97.499948,3.007840,-0.252420,41.688300
97.599948,3.202340,-0.281740,41.495110
97.799948,3.263160,-0.232630,41.100120
97.899948,3.198730,0.055830,40.968080
97.999948,3.093500,0.373390,40.874280
98.199948,2.721110,0.485970,40.709330
98.299948,2.657270,0.506370,40.645990
98.399948,2.572750,0.536630,40.603920
98.499948,2.621220,0.602400,40.581320
98.599948,2.559100,0.578780,40.539090
98.799948,2.623730,0.453800,40.453230
98.899948,2.756020,0.513210,40.436470
98.999947,2.728150,0.408110,40.408290
99.099947,2.727510,0.341420,40.366770
99.199947,2.747560,0.290850,40.332720
99.299947,2.768440,0.244250,40.308150
99.399947,2.869740,0.408280,40.291050
99.499947,2.887360,0.456810,40.262520
99.599947,2.765950,0.442150,40.225870
99.799947,2.621950,0.412230,40.166440
99.899947,2.845980,0.289990,40.142970
99.999947,2.935730,0.252490,40.122720
100.099947,2.868930,0.206560,40.101390
100.199947,2.774320,0.174080,40.075750
100.299947,2.783880,0.162290,40.042520
100.399947,2.914450,0.194930,40.028810
100.499947,3.010820,0.228100,40.018720
100.599947,3.039020,0.276960,40.004660
100.799947,3.048990,0.365670,39.975190
100.899946,3.181790,0.446390,39.966900
100.999946,3.294490,0.569390,39.964750
101.099946,3.309100,0.657000,39.953190
101.199946,3.177800,0.660310,39.926350
101.299946,3.066060,0.663660,39.903310
101.399946,2.965360,0.643440,39.879090
101.499946,2.976400,0.581950,39.857060
101.599946,3.061920,0.553620,39.833850
101.799946,3.184110,0.478490,39.796220
101.899946,3.104270,0.454610,39.782300
101.999946,2.959130,0.446070,39.769170
102.099946,2.891620,0.443060,39.761970
102.199946,2.878640,0.452350,39.758070
102.299946,2.899190,0.443360,39.748050
102.399946,2.933730,0.412790,39.739490
102.499946,2.937810,0.395200,39.723930
102.599946,2.966250,0.374340,39.711540
102.799945,3.073610,0.380180,39.693420
102.899945,3.036170,0.379770,39.687100
102.999945,2.987970,0.374510,39.675950
103.099945,2.970290,0.355640,39.671100
103.199945,2.990480,0.339540,39.666960
103.299945,2.967970,0.364170,39.656710
103.399945,2.935000,0.410870,39.648120
103.499945,2.936810,0.463590,39.642140
103.599945,2.990370,0.485620,39.637870
103.799945,3.006100,0.575060,39.634930
103.899945,3.006100,0.575060,39.634920
103.999945,3.041850,0.440710,39.649240
104.099945,3.138800,0.193530,39.689130
104.199945,3.200070,-0.041070,39.727320
104.299945,3.201740,-0.221820,39.756240
104.499945,3.225610,-0.363610,39.773390
104.599945,3.187380,-0.471990,39.787680
104.799944,3.140290,-0.513000,39.777320
104.999944,3.140290,-0.513000,39.777320
105.099944,3.176110,-0.630330,39.802300
105.199944,3.189520,-0.699130,39.813630
105.299944,3.178060,-0.711960,39.809030
105.399944,3.166970,-0.689220,39.802780
105.499944,3.167820,-0.671100,39.796490
105.599944,3.167650,-0.618340,39.789270
105.799944,3.167650,-0.618340,39.789280
105.999944,3.178680,-0.608300,39.788320
106.099944,3.178680,-0.608300,39.788320
106.299944,3.181680,-0.591630,39.787250
106.399944,3.177950,-0.569140,39.788230
106.599944,3.168900,-0.516460,39.786710
106.799943,3.145970,-0.434210,39.786810
106.999943,3.140310,-0.368030,39.787040
107.199943,3.134690,-0.290490,39.785590
107.399943,3.126080,-0.237790,39.785190
107.599943,3.123770,-0.187040,39.785870
107.799943,3.117330,-0.140630,39.787960
107.999943,3.105350,-0.093280,39.790050
108.099943,3.110980,-0.067560,39.791910
108.299943,3.103910,-0.040740,39.788380
108.499943,3.105190,-0.020540,39.790970
108.699942,3.098380,0.006540,39.789960
108.899942,3.086190,0.030670,39.789430
109.099942,3.093070,0.042440,39.790930
109.299942,3.084410,0.051540,39.791360
109.499942,3.082550,0.068800,39.790280
109.699942,3.083600,0.086810,39.794210
109.899942,3.086160,0.096430,39.793490
109.999942,3.081760,0.110170,39.794300
110.099942,3.079130,0.118670,39.795020
110.299942,3.083170,0.130950,39.795910
110.499941,3.083180,0.130950,39.795910
110.699941,3.077210,0.146900,39.795010
110.899941,3.073610,0.144080,39.792700
111.099941,3.073960,0.134240,39.792460
111.299941,3.064970,0.154750,39.791350
111.499941,3.053250,0.172870,39.791420
111.699941,3.058710,0.179480,39.789250
111.899941,3.052790,0.197610,39.788880
112.099941,3.056490,0.243130,39.792620
112.299941,3.057670,0.326450,39.797180
112.499940,3.067550,0.398120,39.794990
112.699940,3.078820,0.381720,39.770650
112.899940,3.119900,0.328430,39.729800
113.099940,3.179540,0.297170,39.648170
113.299940,3.194000,0.292450,39.489270
113.499940,3.164870,0.338230,39.295030
113.699940,3.112050,0.512380,38.804700
113.899940,3.075840,0.656920,38.484670
114.099940,3.078280,0.772530,38.169050
114.299939,3.084490,0.779160,37.650570
114.499939,3.090360,0.735820,37.079490
114.699939,3.045180,0.767600,36.432630
114.899939,3.016930,0.689870,36.086400
115.099939,3.136080,0.672970,35.999300
115.299939,2.930060,0.551460,35.889560
115.499939,2.867400,0.437990,35.978270
115.699939,2.934910,0.527300,36.132610
115.899939,2.895900,0.534770,36.448410
116.099939,2.898810,0.466110,36.728460
116.299938,2.834510,0.487030,37.203030
116.499938,2.799580,0.409470,37.870280
116.699938,2.617000,0.402200,38.838900
116.899938,2.614030,0.313090,40.227670
117.099938,2.510360,0.271520,42.135890
117.299938,2.444260,0.237160,44.819100
117.399938,2.441490,0.292550,46.612140
117.599938,2.500410,0.300100,50.105320
117.799938,2.612300,0.212900,53.818930
117.999938,2.546570,0.140420,57.712870
118.199937,2.524380,0.061730,61.865550
118.399937,2.694720,-0.066600,66.134750
118.599937,2.764960,-0.243640,70.433280
118.799937,2.809920,-0.264940,74.738290
118.999937,2.664740,-0.282410,79.256760
119.199937,2.557430,-0.479250,84.213600
119.399937,2.472920,-0.796820,89.433130
119.599937,2.650070,-1.051750,94.754970
119.799937,2.646230,-1.111800,99.824230
119.999936,2.475700,-1.076270,104.344280
120.199936,2.529250,-1.050980,108.610050
120.399936,2.789390,-1.376570,112.492510
120.599936,2.797560,-1.905930,116.112080
120.799936,2.882670,-2.285770,119.395800
120.999936,2.837810,-2.253900,122.467140
121.199936,2.993360,-2.070280,125.220470
121.399936,2.876970,-1.786390,127.442940
121.599936,2.786420,-1.688560,129.562730
121.799936,3.014320,-1.768570,131.083610
121.999935,2.964550,-1.714210,132.046260
122.199935,3.169060,-1.604580,132.456630
122.399935,3.151920,-1.451330,132.586350
122.599935,3.070940,-1.264180,132.589270
122.799935,3.001450,-1.235670,132.631100
122.999935,2.893020,-1.152880,132.534520
123.199935,2.939250,-1.191020,132.344860
123.399935,2.833160,-1.087870,132.171170
123.599935,2.949240,-0.976650,131.969230
123.799934,2.971160,-1.139540,131.808790
123.999934,3.149560,-1.247190,131.713110
124.199934,3.392510,-1.400820,131.623050
124.399934,3.414320,-1.435880,131.555900
124.599934,3.423050,-1.452960,131.492560
124.799934,3.070040,-1.381460,131.439600
124.999934,2.963390,-1.281000,131.405090
125.199934,2.718400,-1.286080,131.397050
125.399934,2.547750,-1.404450,131.388290
125.599934,2.367160,-1.735300,131.323240
125.799933,2.222520,-1.764830,131.313230
125.999933,2.339790,-1.497780,131.245100
126.199933,2.269040,-1.066880,131.180860
126.399933,2.397710,-0.948670,131.124590
126.599933,2.665090,-0.832600,131.090020
126.799933,2.326210,0.461630,131.070290
126.999933,2.626770,0.423890,131.008360
127.199933,2.876100,-1.781800,130.989560
127.399933,2.926250,-2.091280,130.940740
127.599932,2.721290,-2.818230,130.854960
127.799932,2.966850,-0.470900,130.851840
127.999932,3.363700,0.013030,130.863230
128.199932,3.179520,-0.722940,130.846810
128.399932,3.358180,-0.278250,130.926750
128.599932,3.449190,-0.165820,131.015400
128.799932,3.442990,-0.157790,131.060130
128.999932,3.438750,-0.143990,131.068190
129.199932,3.397010,-0.215560,131.094120
129.399932,3.335030,-0.214340,131.119060
129.599931,3.095080,-0.156340,131.348640
129.799931,2.940360,-0.293870,131.884300
129.999931,2.877080,-0.502360,132.501760
130.199931,2.713410,-0.628210,133.202230
130.399931,2.590110,-0.409780,133.968230
130.599931,2.556220,-0.365940,134.735880
130.799931,2.338710,-0.462120,135.480720
130.999931,2.398750,-0.585870,136.107420
131.199931,2.400970,-0.726690,136.626770
131.399930,2.543170,-0.676810,137.141330
131.599930,2.522390,-0.689330,137.611910
131.799930,2.476380,-0.415770,138.076560
131.999930,2.299620,-0.480720,138.526440
132.199930,2.336130,-0.902170,138.962440
132.399930,2.477310,-0.782200,139.458060
132.599930,2.518910,-0.745150,139.882140
132.799930,2.701170,-1.155460,140.347120
132.999930,3.030470,-1.139990,141.064100
133.099930,3.152100,-0.844470,141.464640
133.299929,2.973250,-0.543220,142.130050
133.499929,2.899670,-0.257870,142.829980
133.699929,2.761470,-0.838380,143.383620
133.899929,3.150670,-1.047020,143.879380
134.099929,3.432520,-1.081900,144.092730
134.299929,3.542250,-1.123950,144.284510
134.499929,3.767100,-1.209580,144.449130
134.699929,3.954500,-1.244720,144.586590
134.899929,4.345380,-1.268830,144.666490
134.999929,4.217990,-1.069680,144.657080
135.099929,4.226470,-0.701650,144.655210
135.299928,4.062020,-0.448040,144.687940
135.399928,3.866190,-0.426870,144.687780
135.499928,3.691020,-0.379180,144.691380
135.699928,3.466520,-0.376890,144.736760
135.899928,3.151320,-0.379180,144.758820
136.099928,3.032300,-0.559540,144.786880
136.299928,2.958550,-0.837940,144.799300
136.499928,2.914920,-0.819080,144.832390
136.699928,2.962330,-0.679310,144.862410
136.899928,2.989270,-0.610620,144.856400
137.099927,2.938470,-0.532800,144.876450
137.299927,2.782620,-0.478880,144.922640
137.499927,2.854590,-0.509030,144.998410
137.699927,2.798500,-0.680850,145.101690
137.899927,2.819390,-0.744590,145.221900
138.099927,2.755010,-0.744410,145.285710
138.299927,2.720830,-0.706000,145.357940
138.499927,3.003970,-0.458550,145.449210
138.699927,2.627830,-0.233000,145.489520
138.899927,2.579690,-0.258500,145.553900
139.099926,2.612680,-0.270300,145.741470
139.299926,2.812930,-0.476660,146.012820
139.499926,2.476430,-0.487760,146.221430
139.699926,2.471630,-0.322580,146.396010
139.899926,2.618780,-0.424460,146.497350
140.099926,2.453970,-0.417150,146.572340
140.299926,2.339110,-0.572420,146.663150
140.399926,2.247140,-0.601910,146.705090
140.599926,2.349840,-0.652720,146.753540
140.799926,2.340930,-0.601710,146.786970
140.999925,2.325990,-0.586010,146.827050
141.199925,2.285320,-0.568500,146.853670
141.399925,2.363260,-0.469730,146.855060
141.599925,2.416330,-0.257280,146.817990
141.799925,2.557400,-0.126180,146.739110
141.999925,2.622600,-0.135320,146.644890
142.199925,2.593150,-0.104460,146.585040
142.399925,2.736140,-0.361160,146.570150
142.599925,2.794130,-0.316560,146.529100
142.799925,2.574740,-0.294490,146.460580
142.999924,2.845620,-0.438190,146.509760
143.199924,2.864790,-0.292200,146.432250
143.399924,2.453620,-0.324760,146.342570
143.599924,3.025920,-0.526430,146.295220
143.799924,2.732280,-0.660180,146.267860
143.999924,2.962140,-0.561770,146.251670
144.199924,3.135500,-0.569390,146.258640
144.399924,3.049620,-0.578160,146.147220
144.599924,3.152350,-0.545110,146.082040
144.799923,3.270140,-0.693210,145.998600
144.999923,3.278900,-0.763870,146.106640
145.199923,3.408950,-0.930970,146.143920
145.399923,3.344980,-1.103840,146.174740
145.599923,3.301900,-1.107990,146.172330
145.799923,3.512230,-0.950410,146.182950
145.999923,3.613900,-0.854930,146.066600
146.199923,3.405410,-0.804480,145.990390
146.399923,3.561220,-0.783470,145.943470
146.599923,4.248930,0.152460,145.991200
146.799922,4.138550,0.501480,146.018010
146.999922,3.213140,-0.675770,146.042600
147.199922,3.860960,-1.027800,146.083470
147.399922,4.161490,-1.813560,146.007420
147.599922,3.320600,-0.487500,146.134040
147.799922,3.412350,-0.516400,146.033620
147.999922,3.547100,-0.439530,145.924740
148.199922,3.508570,-0.206380,145.796300
148.399922,3.388620,-0.071650,145.665600
148.599921,3.315270,-0.044450,145.483710
148.799921,3.164220,-0.123310,145.344550
148.999921,3.177580,-0.060850,145.169400
149.199921,2.918070,-0.095840,145.014700
149.399921,3.115570,-0.166050,144.885630
149.599921,3.185970,-0.387180,144.721410
149.799921,3.003850,-0.351870,144.567050
149.999921,3.209110,-0.343310,144.420530
150.199921,2.885080,-0.264820,144.294690
150.399921,2.994420,-0.218480,144.298920
150.599920,2.995040,-0.388410,144.313850
150.799920,2.965300,-0.386330,144.383010
150.999920,3.144110,-0.449700,144.541060
151.199920,3.045450,-0.740310,144.719800
151.399920,3.233590,-0.406320,144.797510
151.599920,2.991600,-0.180180,144.923550
151.799920,3.455130,-0.651690,145.078270
151.999920,3.588880,-0.738420,145.213590
152.199920,3.938670,-0.452740,145.294600
152.399919,3.518300,-0.146830,145.385660
152.599919,3.359350,-0.223790,145.456240
152.799919,3.251820,-0.426550,145.554230
152.999919,3.214300,-0.349260,145.623050
153.199919,3.153260,-0.316560,145.677130
153.399919,2.954060,-0.331600,145.679360
153.599919,2.864640,-0.320160,145.643660
153.799919,2.431470,-0.166780,145.538980
153.999919,2.397860,-0.467710,145.467160
154.199919,2.632180,-0.449310,145.425260
154.399918,2.523700,-0.324860,145.332790
154.599918,2.575430,-0.265290,145.255150
154.799918,2.515410,-0.339730,145.257550
154.999918,2.420070,-0.297190,145.190970
155.199918,2.730680,-0.273980,145.226580
155.399918,2.621470,-0.251770,145.312300
155.599918,2.536900,-0.315770,145.375440
155.799918,2.547750,-0.392460,145.445350
155.999918,2.221360,-0.358830,145.512330
156.199917,2.130780,-0.427470,145.479850
156.399917,2.415650,-0.625380,145.364880
156.599917,2.483740,-0.508840,145.248790
156.799917,2.669310,-0.519960,145.097450
156.999917,2.788840,-0.446690,144.975960
157.199917,2.729220,-0.530270,144.865920
157.399917,2.753560,-0.594470,144.882490
157.599917,2.519280,-0.504110,145.096590
157.799917,2.583170,-0.565610,145.387690
157.999917,2.564710,-0.727680,145.664750
158.199916,2.516000,-0.718500,145.824290
158.399916,2.673970,-0.865450,145.964160
158.599916,2.723920,-0.937200,146.054090
158.799916,2.696580,-0.946820,146.099030
158.999916,2.766410,-0.911840,146.149200
159.099916,2.880510,-0.986200,146.114730
159.299916,2.967270,-1.080620,145.989000
159.499916,3.042120,-0.940940,145.848770
159.599916,2.955500,-0.924790,145.716240
159.799916,2.987160,-0.588050,145.493970
159.899916,2.940860,-0.457170,145.336560
159.999916,2.820290,-0.509160,145.176440
160.099915,2.794960,-0.634910,144.985270
160.299915,2.645760,-0.414370,144.596160
160.399915,2.472830,-0.326390,144.372450
160.499915,2.406280,-0.381450,144.169010
160.599915,2.388220,-0.476950,143.943150
160.799915,2.372760,-0.493370,143.537370
160.999915,2.444500,-0.705350,143.151260
161.199915,2.534050,-0.669140,142.746300
161.399915,2.782580,-0.684820,142.332250
161.499915,2.864460,-0.769870,142.089410
161.699915,3.060940,-0.854410,141.602500
161.899915,3.134420,-0.901820,141.105560
162.099914,3.118460,-0.743340,140.568480
162.299914,3.118470,-0.803570,139.967880
162.399914,3.073750,-0.873520,139.704950
162.499914,3.071960,-0.843050,139.452610
162.699914,3.103340,-0.750760,139.019800
162.899914,3.057840,-0.773720,138.646650
163.099914,3.219640,-0.892270,138.425530
163.299914,3.432100,-0.837850,138.184510
163.499914,3.491910,-0.726310,137.908050
163.699914,3.238480,-0.767540,137.696960
163.899913,2.909380,-0.985140,137.657270
164.099913,2.862200,-1.016070,137.621740
164.299913,3.052770,-0.843000,137.605510
164.499913,3.721770,-0.488780,137.505810
164.699913,4.340050,-0.103110,137.103000
164.899913,4.613530,-0.676690,136.420460
165.099913,4.676450,-0.645770,135.743380
165.299913,4.915820,0.442170,135.134170
165.499913,4.659850,-1.131890,134.388750
165.699913,4.582680,-1.994470,133.700080
165.899912,4.609640,-0.670000,133.091250
166.099912,3.839780,-1.255100,132.365970
166.299912,3.480460,-0.771840,131.727810
166.499912,3.231360,-0.062060,131.087980
166.699912,2.769510,-0.035890,130.417590
166.899912,2.758880,-0.153290,129.691250
167.099912,2.472780,-0.087780,129.088490
167.299912,2.361570,-0.267540,128.636190
167.499912,2.278990,-0.388230,128.168210
167.699911,2.325490,-0.511520,127.764370
167.899911,2.362070,-0.566580,127.287170
168.099911,2.350640,-0.485780,126.751370
168.299911,2.473190,-0.432280,126.228440
168.499911,2.404370,-0.365100,125.691550
168.699911,2.599590,-0.560860,125.162380
168.899911,2.526670,-0.712800,124.786590
169.099911,2.679980,-0.673880,124.535800
169.299911,2.873810,-0.747930,124.281230
169.499911,2.827010,-0.599050,124.021540
169.699910,2.936420,-0.544880,123.713990
169.899910,2.758380,-0.605180,123.400510
170.099910,2.819300,-0.680900,123.194240
170.299910,2.763210,-0.729060,122.984810
170.499910,2.693430,-0.658620,122.780750
170.699910,2.606900,-0.656090,122.739880
170.899910,2.472520,-0.646530,122.739460
171.099910,2.554110,-0.702590,122.739770
171.299910,2.509750,-0.698600,122.751380
171.499909,2.562520,-0.658460,122.753510
171.699909,2.634690,-0.717730,122.730150
171.899909,2.738560,-0.726080,122.613730
172.099909,2.825380,-0.760440,122.463790
172.299909,2.771460,-0.713480,122.291230
172.499909,2.715070,-0.981410,122.103470
172.699909,2.546410,-1.206260,121.946310
172.899909,2.389370,-1.031770,121.788530
173.099909,2.386350,-0.902140,121.664530
173.299909,2.232750,-0.871750,121.535580
173.499908,2.112110,-0.977120,121.391910
173.699908,2.259590,-1.260300,121.296470
173.899908,2.165660,-1.429270,121.201320
174.099908,2.238860,-1.346160,121.095280
174.199908,2.324140,-1.309610,121.069210
174.399908,2.315910,-1.252090,120.981690
174.599908,2.268290,-1.215170,120.890960
174.799908,2.292210,-1.240120,120.816660
174.999908,2.295540,-1.215940,120.831740
175.199908,2.365210,-1.122050,121.039540
175.399907,2.514850,-0.944730,121.246750
175.599907,2.626120,-0.678870,121.444550
175.799907,2.933070,-0.581970,121.609210
175.999907,3.227940,-0.444860,121.730490
176.199907,3.483650,-0.697370,121.824930
176.399907,3.721870,-1.022840,121.892330
176.599907,3.843180,-1.477510,121.942710
176.799907,3.937390,-1.603530,121.997740
176.999907,3.888470,-1.557770,122.058460
177.199907,3.992040,-1.605660,122.122290
177.399906,4.129920,-1.638510,122.176680
177.599906,4.137040,-1.697650,122.216000
177.799906,4.089210,-1.959280,122.242520
177.999906,4.110820,-2.378740,122.244390
178.199906,4.006310,-2.616760,122.258880
178.399906,4.077110,-2.832960,122.256120
178.599906,4.029590,-2.916220,122.258320
178.799906,3.919130,-2.948710,122.283510
178.999906,4.211960,-2.883160,122.297200
179.199905,4.263060,-2.715370,122.242590
179.399905,4.255200,-2.488910,122.176180
179.599905,4.329710,-2.135530,122.117460
179.799905,4.352350,-1.750870,122.049180
179.999905,4.258190,-1.231710,121.968400
180.199905,4.270620,-0.901240,121.844060
180.399905,4.258990,-0.730200,121.707860
180.599905,4.313990,-0.613990,121.576770
180.799905,4.287490,-0.533570,121.458360
180.999905,4.225400,-0.534690,121.399560
181.199904,4.140200,-0.502720,121.309690
181.399904,3.935030,-0.488430,121.177750
181.599904,3.878200,-0.524740,121.123720
181.799904,3.665020,-0.463480,121.042800
181.999904,3.443230,-0.346850,120.934960
182.199904,3.337520,-0.219320,120.731900
182.399904,3.201160,-0.316850,120.488870
182.599904,3.128390,-0.634180,120.286190
182.799904,3.209460,-0.812920,120.073700
182.999903,3.387910,-0.893960,119.908000
183.199903,3.345650,-1.110940,119.682630
183.399903,3.367210,-1.224810,119.430970
183.599903,3.283520,-1.345840,119.212510
183.799903,3.356830,-1.255080,118.988670
183.999903,3.301720,-0.813320,118.760110
184.199903,3.255160,-0.633550,118.544260
184.399903,2.959250,-0.988650,118.336800
184.499903,2.791750,-1.199890,118.246530
184.699903,2.664210,-1.387960,118.089030
184.899902,2.667890,-1.399960,117.906630
185.099902,2.738500,-1.269350,117.763570
185.299902,2.671200,-1.178430,117.585630
185.499902,2.473490,-1.162760,117.455660
185.699902,2.438720,-1.151910,117.392770
185.899902,2.256210,-1.336670,117.498270
185.999902,2.155600,-1.481520,117.627300
186.099902,2.175240,-1.414410,117.769760
186.299902,2.225780,-1.238740,118.026640
186.499902,1.773060,-1.018950,118.308880
186.699902,1.985700,-0.459910,118.596590
186.899901,2.123510,-1.030620,118.798160
187.099901,2.532890,-0.957460,118.943090
187.299901,2.746760,-1.156950,119.056690
187.499901,3.172280,-0.979050,119.166420
187.699901,2.854950,-0.024260,119.300110
187.899901,2.849970,-0.074010,119.432100
188.099901,2.884180,-0.274930,119.580300
188.299901,3.132390,-0.702360,119.710690
188.399901,3.148200,-0.724960,119.825100
188.499901,3.105430,-0.614100,119.945280
188.699900,3.079420,-0.327750,120.148740
188.899900,3.017780,-0.543980,120.332260
189.099900,3.108740,-0.632480,120.485590
189.299900,3.258080,-0.531070,120.631030
189.499900,3.491410,-0.605000,120.717310
189.699900,3.693570,-0.611300,120.725680
189.899900,3.627930,-0.639700,120.662290
190.099900,3.448370,-0.662720,120.610460
190.299900,3.244750,-0.746870,120.559120
190.499900,2.956910,-0.813760,120.526120
190.699899,2.757440,-0.865910,120.479090
190.899899,2.583430,-0.941510,120.439580
191.099899,2.647120,-0.966020,120.411900
191.299899,2.665970,-1.046690,120.404300
191.499899,2.886170,-0.919060,120.441630
191.699899,3.149840,-0.675930,120.491540
191.899899,3.409760,-0.670970,120.534360
192.099899,3.532230,-0.567760,120.538110
192.299899,3.679650,-0.528710,120.565900
192.499899,3.691380,-0.542150,120.625430
192.699898,3.266240,-0.329360,120.678650
192.899898,3.137910,-0.193940,120.649380
193.099898,2.491090,-0.245440,120.679460
193.299898,2.282350,-0.224300,120.648540
193.499898,1.819250,-0.377600,120.607450
193.699898,1.701160,-0.337370,120.592740
193.899898,1.643130,-0.339850,120.568150
194.099898,1.798230,-0.435380,120.606480
194.299898,1.991720,-0.397450,120.614410
194.499897,1.985580,-0.704440,120.598940
194.699897,2.730970,-0.840140,120.604830
194.899897,2.430300,-0.923120,120.544470
195.099897,2.831970,-0.065130,120.693880
195.299897,3.272310,0.359630,120.685430
195.499897,2.769410,-0.665550,120.733060
195.699897,3.051180,-0.638220,120.815980
195.899897,3.243480,-0.658680,120.911440
196.099897,3.332040,-0.712600,121.031160
196.299897,3.477060,-0.756420,121.227800
196.499896,3.798490,-0.848360,121.426460
196.699896,3.746310,-0.902420,121.624000
196.899896,3.846830,-0.954430,121.788750
197.099896,3.869880,-1.033010,122.005160
197.299896,4.040080,-1.157290,122.139740
197.499896,4.069840,-1.162650,122.256360
197.699896,4.191710,-1.155610,122.364590
197.899896,4.232490,-1.233910,122.448230
198.099896,4.079640,-1.294710,122.525640
198.299895,4.168430,-1.245240,122.561170
198.499895,3.870700,-1.087340,122.487390
198.699895,3.853290,-0.966170,122.394390
198.899895,3.460920,-0.829950,122.313140
199.099895,1.558780,0.079560,122.447600
199.299895,2.555850,-0.293730,122.703200
199.499895,4.039120,-1.051560,122.732940
199.699895,1.911710,-1.743830,122.931210
199.899895,2.165130,-1.506840,123.170260
200.099895,3.600510,-0.776570,123.102770
200.299894,2.991420,-0.648860,123.217750
200.499894,2.971870,-0.973280,123.315880
200.699894,2.883070,-0.920330,123.413270
200.899894,2.794300,-0.928800,123.559280
201.099894,2.922720,-0.926960,123.729480
201.299894,2.751500,-0.831900,124.104240
201.499894,2.775110,-0.831160,124.868280
201.699894,2.897450,-0.837090,125.628230
201.899894,2.898750,-0.935200,126.468710
202.099893,3.225230,-1.130080,127.267120
202.299893,3.209380,-1.092510,127.771670
202.499893,3.149360,-0.921500,128.337680
202.699893,3.246720,-0.919240,128.856310
202.899893,2.882910,-1.326910,129.645570
203.099893,3.123230,-1.419690,130.441490
203.299893,2.984600,-1.423610,131.053410
203.499893,3.006950,-1.497250,131.638550
203.699893,2.816500,-1.709680,132.100870
203.899893,2.716950,-1.761360,132.461530
204.099892,2.497670,-1.812520,132.748850
204.299892,2.441490,-1.840690,133.065080
204.499892,2.254990,-1.863080,133.315940
204.699892,2.481790,-1.742890,133.637880
204.899892,2.635060,-1.701630,133.862940
205.099892,2.542370,-1.915000,134.013750
205.299892,2.421070,-1.982190,134.212660
205.499892,2.326610,-1.848710,134.451170
205.699892,2.411100,-1.675310,134.838510
205.899892,2.745060,-1.563890,135.292280
206.099891,2.911920,-1.734540,135.784490
206.299891,3.030380,-1.914150,136.237320
206.499891,3.227120,-1.657830,136.697080
206.699891,3.180260,-1.453240,137.152250
206.899891,3.175890,-1.416420,137.582260
207.099891,2.978590,-1.364340,138.027320
207.299891,2.890120,-1.196780,138.487090
207.499891,2.867120,-1.380730,138.962070
207.699891,2.909970,-1.432110,139.413890
207.899890,2.957800,-1.506850,139.878610
208.099890,3.035390,-1.262620,140.367720
208.299890,2.995130,-1.203660,140.847270
208.499890,2.931760,-1.390010,141.300240
208.699890,2.829610,-1.448300,141.761230
208.899890,2.844460,-1.351540,142.274030
209.099890,2.919200,-1.406690,142.811200
209.299890,2.769300,-1.367870,143.359920
209.499890,2.872780,-1.210430,144.131120
209.699890,2.951100,-1.115530,144.878990
209.899889,3.080320,-1.103530,145.621030
210.099889,3.173380,-1.054790,146.228340
210.299889,3.242900,-0.932360,146.752720
210.499889,3.095380,-0.920670,147.151710
210.699889,3.203530,-0.804890,147.510120
210.899889,3.116860,-0.926380,147.726580
211.099889,3.014880,-0.828680,147.933850
211.299889,3.030750,-0.863160,148.128280
211.499889,2.905130,-1.000820,148.277640
211.699888,3.044420,-1.042220,148.432510
211.899888,3.123810,-0.985020,148.569150
212.099888,3.245900,-0.895490,148.717660
212.299888,3.241680,-0.832030,148.826220
212.499888,3.242940,-0.730820,148.863540
212.699888,3.062330,-0.616300,148.728950
212.899888,2.934830,-0.510930,148.626710
213.099888,2.833130,-0.475190,148.374490
213.299888,2.790490,-0.403070,148.093690
213.499888,2.821170,-0.463420,147.764500
213.699887,2.852820,-0.513600,147.432730
213.899887,2.887640,-0.526080,147.139510
214.099887,2.834300,-0.540980,146.925330
214.299887,2.804140,-0.532630,146.934270
214.499887,2.799150,-0.538250,146.954990
214.699887,2.715280,-0.511520,146.983740
214.899887,2.676410,-0.536460,147.007570
215.099887,2.539870,-0.519250,147.022830
215.299887,2.531840,-0.473860,147.035300
215.399887,2.478880,-0.403960,147.046460
215.599886,2.429860,-0.301710,147.043180
215.799886,2.531740,0.119830,147.081590
215.999886,2.835130,1.202180,147.086420
216.199886,2.659990,-0.270190,147.072740
216.399886,2.837360,-1.036600,147.029770
216.599886,2.980370,-1.079270,147.059410
216.799886,2.782460,0.630730,147.126880
216.999886,2.901490,0.106600,147.107890
217.199886,2.938500,0.102460,147.092600
217.399886,2.981820,0.191800,147.075280
217.599885,3.029000,0.146560,147.062960
217.799885,3.067680,0.132050,147.078790
217.999885,3.115550,0.029910,147.106110
218.199885,3.052540,-0.045620,147.162930
218.399885,3.086620,-0.139840,147.218880
218.599885,2.884200,-0.086940,147.227200
218.799885,2.861400,-0.065080,147.268360
218.999885,2.711230,-0.269900,147.233440
219.199885,2.779370,-0.411030,147.239410
219.399884,2.848780,-0.503450,147.225770
219.599884,3.054260,-0.613180,147.198240
219.799884,3.237280,-0.555350,147.179730
219.999884,3.177820,-0.259870,147.138650
220.199884,3.088180,-0.251590,147.109750
220.399884,2.884430,-0.340330,147.044970
220.599884,2.744520,-0.241560,147.024810
220.799884,2.765550,-0.567760,146.949270
220.999884,2.827530,-0.600400,146.917940
221.199884,3.000140,-0.286790,146.917300
221.399883,2.971200,0.096410,146.904320
221.599883,2.958870,-0.047780,147.120140
221.799883,2.899520,-0.314570,147.285600
221.999883,2.935070,-0.364960,147.420490
222.199883,3.093400,-0.697700,147.555240
222.399883,3.122500,-0.441360,147.653340
222.599883,3.141060,-0.571620,147.659950
222.799883,3.083940,-0.601150,147.634420
222.999883,2.961120,-0.596840,147.415770
223.199882,2.726550,-0.556360,147.015120
223.399882,2.547560,-0.803010,146.505970
223.599882,2.388960,-0.693270,145.990590
223.799882,2.448960,-0.662970,145.324310
223.999882,2.469530,-0.968660,144.572950
224.199882,2.530200,-1.103940,143.806410
224.399882,2.607960,-1.184380,143.053570
224.599882,2.699670,-1.326820,142.317290
224.799882,2.898250,-1.247640,141.584530
224.999882,3.060400,-1.423320,140.824550
225.199881,3.033440,-1.314460,140.067480
225.399881,2.958210,-1.287800,139.303960
225.599881,2.941630,-1.228420,138.600740
225.799881,2.945560,-1.284730,137.930980
225.999881,2.953360,-1.380330,137.303740
226.199881,3.014870,-1.508680,136.756940
226.399881,3.047730,-1.479280,136.203400
226.599881,3.198790,-1.315630,135.651860
226.799881,3.201950,-1.672880,135.117330
226.999880,3.071900,-1.638780,134.635840
227.199880,2.898060,-1.721680,134.275340
227.399880,2.862720,-1.667270,134.036810
227.599880,2.851160,-1.730980,133.956810
227.799880,2.967590,-1.742760,133.883200
227.999880,2.808450,-1.877920,133.767810
228.199880,2.649460,-2.056870,133.653720
228.399880,2.523800,-1.913810,133.582980
228.599880,2.555840,-1.754770,133.496740
228.799880,2.656710,-1.796080,133.376900
228.999879,2.727520,-1.786160,133.225300
229.199879,2.820490,-1.779220,133.125760
229.399879,2.886630,-1.699790,133.005270
229.599879,2.973360,-1.737640,132.903900
229.799879,3.123010,-1.864670,132.758470
229.999879,3.147230,-1.814710,132.464620
230.199879,3.179300,-1.581900,132.185280
230.399879,3.178470,-1.343480,131.936260
230.599879,3.211820,-1.249720,131.667480
230.799879,3.177220,-1.329810,131.368830
230.999878,3.140820,-1.424810,131.061630
231.199878,3.157060,-1.459970,130.797690
231.399878,3.128070,-1.405460,130.510270
231.599878,2.868120,-1.557480,130.313550
231.799878,2.557240,-1.690630,130.149430
231.999878,2.312500,-1.786020,129.998270
232.199878,2.377440,-1.643660,129.883040
232.399878,2.371690,-1.866820,129.741040
232.599878,2.389890,-1.827610,129.592890
232.799877,2.286360,-1.897280,129.428680
232.999877,2.190510,-1.947990,129.272870
233.199877,2.083470,-1.892110,129.123100
233.399877,1.935010,-1.965450,128.961470
233.599877,1.863450,-2.004340,128.953300
233.799877,1.812580,-2.207430,128.961760
233.999877,2.014780,-2.025980,129.043380
234.199877,2.099580,-1.983120,129.086310
234.399877,2.291450,-2.039970,129.125890
234.599877,2.403000,-1.968610,129.188940
234.799876,2.531280,-1.980220,129.250540
234.999876,2.564630,-2.147330,129.300970
235.199876,2.478180,-2.193300,129.342980
235.399876,2.398600,-2.039770,129.382400
235.599876,2.098140,-2.313950,129.402250
235.799876,1.960800,-2.385920,129.446000
235.999876,1.948010,-1.576450,129.511980
236.199876,1.883890,-2.107650,129.569230
236.399876,1.804940,-2.131120,129.728130
236.599875,1.692980,-2.305870,129.936550
236.799875,1.640280,-2.298610,130.254480
236.999875,1.563090,-2.119590,130.627350
237.199875,1.592220,-2.023920,131.029970
237.399875,1.558170,-2.087410,131.447180
237.599875,1.668780,-2.189600,131.774390
237.799875,1.654880,-1.893330,132.007710
237.999875,1.622880,-2.125800,132.160840
238.199875,1.587800,-2.204450,132.312100
238.399875,1.619500,-2.063230,132.433040
238.599874,1.718210,-2.048140,132.461940
238.799874,1.949430,-2.058670,132.406890
238.999874,2.175510,-2.055330,132.297140
239.199874,2.433010,-2.041850,132.157960
239.399874,2.672250,-1.984750,132.090290
239.599874,2.758570,-2.094060,132.023430
239.799874,2.719310,-1.823040,131.946300
239.999874,2.820790,-1.945860,131.883400
240.199874,2.710600,-1.910420,131.858170
240.399874,2.676010,-1.949060,131.850150
240.599873,2.409590,-1.968920,131.970210
240.799873,2.296990,-2.130880,132.262570
240.999873,2.135980,-2.305250,132.547780
241.199873,2.080190,-2.215140,132.897190
241.399873,2.102950,-1.534130,133.305760
241.599873,2.135820,-1.928780,133.773300
241.799873,2.184130,-1.902530,134.389600
241.999873,2.284150,-1.659790,134.998830
242.199873,2.287370,-1.678970,135.711570
242.399872,2.425630,-1.675390,136.515350
242.599872,2.822480,-1.664490,137.330200
242.799872,3.058130,-1.647660,138.071590
242.999872,3.229330,-1.562650,138.819920
243.199872,3.441850,-1.536140,139.587410
243.399872,3.632190,-1.509870,140.338450
243.599872,3.630240,-1.147210,140.977850
243.799872,3.691600,-1.265870,141.517570
243.999872,3.803740,-1.462910,142.033960
244.199872,4.051820,-1.502850,142.554070
244.399871,4.046730,-1.389730,143.049530
244.599871,4.037450,-1.138620,143.550690
244.799871,3.962450,-1.242430,144.032610
244.999871,3.861330,-1.302660,144.503540
245.199871,3.687210,-1.348480,144.925210
245.399871,3.442560,-1.469750,145.326990
245.599871,3.205350,-1.500580,145.658700
245.799871,3.038530,-1.492250,145.921140
245.999871,2.951970,-1.597620,146.162580
246.199870,2.969020,-1.656250,146.396280
246.399870,3.036430,-1.549680,146.630190
246.599870,3.060380,-1.417540,146.849160
246.799870,3.088650,-1.250580,147.072410
246.999870,2.937510,-1.239460,147.428080
247.199870,2.804910,-1.326080,148.042210
247.399870,2.703420,-1.404470,148.679050
247.599870,2.578270,-1.455440,149.248800
247.799870,2.451500,-1.549490,149.726350
247.999870,2.400760,-1.598180,150.102250
248.199869,2.325450,-1.637730,150.254390
248.399869,2.165080,-1.589740,150.374740
248.599869,2.215780,-1.052750,150.495620
248.799869,2.159470,-0.411320,150.549320
248.999869,2.154090,-0.391680,150.617910
249.199869,2.119210,-0.869720,150.604170
249.399869,2.100350,-1.128650,150.589460
249.599869,2.129880,-1.206510,150.597350
249.799869,2.108870,-1.322610,150.571940
249.999869,2.147060,-1.399680,150.534280
250.199868,2.154210,-1.460370,150.485510
250.399868,2.186030,-1.440610,150.435330
250.599868,2.234230,-1.466590,150.389150
250.799868,2.229580,-1.456500,150.346880
250.999868,2.242750,-1.449270,150.306710
251.199868,2.162040,-1.426520,150.271580
251.399868,2.145890,-1.387780,150.243170
251.599868,2.141280,-1.364980,150.217960
251.799868,2.116120,-1.390170,150.206750
251.999867,1.952440,-1.151420,150.178540
252.199867,2.109510,-0.948030,150.192530
252.399867,2.026820,-0.782000,150.261240
252.599867,1.875090,-0.697710,150.428580
252.799867,1.809230,-0.679690,150.749200
252.999867,1.594460,-0.648500,151.222070
253.199867,1.348770,-0.596440,151.878780
253.399867,1.153810,-0.557770,152.751740
253.599867,0.850540,-0.535520,153.921090
253.799867,0.690980,-0.723380,155.465380
253.999866,0.520750,-0.744570,157.336070
254.199866,0.116670,-0.584550,159.506990
254.399866,0.015570,-0.456880,162.020570
254.599866,-0.116350,-0.272780,164.814400
254.799866,0.040470,-0.261880,168.116050
254.999866,0.016060,-0.218120,171.993170
255.199866,0.150520,-0.373640,176.231890
255.399866,0.248780,-0.513920,180.650230
255.599866,0.335230,-0.430860,185.312540
255.799865,0.259890,-0.330080,190.144550
255.999865,0.336490,-0.353630,195.221060
256.199865,0.550910,-0.467830,200.574420
256.399865,0.844830,-0.704140,206.064950
256.599865,0.814710,-0.811750,211.574890
256.799865,1.117460,-0.608820,216.763040
256.999865,1.747160,-0.136500,221.506140
257.199865,1.900590,-0.034530,225.344540
257.399865,2.138320,-0.043780,228.761290
257.599865,1.895320,0.080510,231.995510
257.799864,1.952060,0.359680,235.080510
257.999864,1.935760,0.470880,237.320940
258.199864,1.774270,0.682490,238.656800
258.399864,1.843860,0.758500,239.194080
258.599864,1.731910,0.810950,239.256940
258.799864,1.841830,0.966300,239.062280
258.999864,1.895930,1.056320,238.615710
259.199864,1.935110,1.020250,237.999320
259.399864,2.031630,1.059560,237.168200
259.599864,2.109930,1.069610,236.249980
259.799863,2.200260,1.206700,235.435970
259.999863,2.146500,1.399290,234.867420
260.199863,2.214280,1.444370,234.412300
260.399863,2.133470,1.467750,233.964380
260.599863,2.298610,1.719030,233.596190
260.799863,2.663110,1.421270,233.218300
260.999863,2.670530,1.050470,232.862330
261.199863,2.659980,1.815450,232.542360
261.399863,2.503580,1.484990,232.145210
261.599862,2.571780,0.846770,231.834700
261.799862,2.382700,1.306880,231.447360
261.999862,2.382790,1.467290,231.053910
262.199862,2.258390,1.432850,230.667500
262.399862,2.142780,1.368010,230.305940
262.599862,2.117480,1.355960,229.865680
262.799862,2.128630,1.468950,229.049700
262.999862,1.926790,1.551990,228.132640
263.199862,1.807750,1.430310,227.237460
263.399862,1.764470,1.419270,226.267750
263.599861,1.613980,1.450070,225.096910
263.799861,1.471330,1.471390,223.929190
263.999861,1.333340,1.680790,222.727450
264.199861,1.120880,1.087880,221.575850
264.399861,1.140450,0.859530,220.598690
264.599861,1.019810,1.471150,219.689830
264.799861,1.026000,1.335400,218.826260
264.999861,1.064500,1.362500,218.013840
265.199861,0.993410,1.434360,217.337050
265.399860,0.994210,1.330540,216.777600
265.599860,0.812450,1.105730,216.201270
265.799860,0.721340,1.066260,215.623800
265.999860,0.727880,1.128170,215.017250
266.199860,0.791050,1.061950,214.276120
266.399860,0.797770,1.126780,213.490410
266.599860,0.555390,0.926820,212.827970
266.799860,0.198120,0.658440,212.419930
266.999860,-0.061540,0.894550,211.990920
267.199860,-0.130170,0.923640,211.614130
267.399859,-0.199580,0.691210,211.209060
267.599859,-0.243000,0.600110,210.755800
267.799859,-0.170040,0.404980,210.296820
267.999859,-0.034050,0.221670,209.850950
268.199859,0.086920,0.224140,209.385070
268.399859,0.150270,0.012280,209.001770
268.599859,0.219860,0.118220,208.710740
268.799859,0.018410,0.028040,208.428810
268.999859,-0.120750,0.075270,208.213460
269.199858,-0.275680,0.037490,208.007830
269.399858,-0.309130,-0.109610,207.816080
269.599858,-0.310390,-0.247720,207.629680
269.799858,-0.187550,-0.335940,207.455250
269.999858,-0.175820,-0.517010,207.272640
270.199858,-0.070890,-0.618350,207.105300
270.399858,0.023660,-0.592880,206.923480
270.599858,0.153160,-0.645600,206.764530
270.799858,0.214240,-0.861850,206.627200
270.999858,0.197710,-1.032750,206.625270
271.199857,0.285370,-1.114970,206.652430
271.399857,0.353200,-1.158140,206.643200
271.599857,0.440700,-1.137370,206.559360
271.799857,0.500190,-1.174410,206.488810
271.999857,0.335360,-1.150920,206.404250
272.199857,0.077920,-1.310000,206.316780
272.399857,0.182480,-1.647290,206.232390
272.599857,0.390460,-1.594040,206.126770
272.799857,0.339130,-1.585200,205.985570
272.999857,0.151010,-1.670710,205.841780
273.199856,0.467510,-1.933220,205.429950
273.399856,0.785280,-2.706500,204.788380
273.599856,0.916920,-1.829160,204.209640
273.799856,1.145950,-1.761390,203.673910
273.999856,0.913390,-2.623580,203.142080
274.199856,1.142130,-2.718910,202.689980
274.399856,1.059440,-3.224440,202.193740
274.599856,0.998180,-3.202700,201.673810
274.799856,1.424930,-3.036150,201.212140
274.999855,1.899380,-2.464400,200.737980
275.199855,1.840780,-2.609400,200.222850
275.399855,1.797460,-2.977000,199.822110
275.599855,1.707730,-2.812990,199.403210
275.799855,1.696080,-2.587490,199.005540
275.999855,1.656300,-2.610700,198.658460
276.199855,1.638990,-2.599260,198.362740
276.399855,1.531590,-2.669470,198.135190
276.599855,1.491470,-2.700560,197.949870
276.799855,1.484570,-2.436630,197.772460
276.999854,1.391860,-2.288740,197.570510
277.199854,1.245750,-3.019030,197.341330
277.399854,1.087830,-2.627040,197.154210
277.599854,1.171800,-2.431190,196.999950
277.799854,1.156270,-2.299640,196.953890
277.999854,1.225790,-2.236680,197.053860
278.199854,1.455090,-2.016080,197.136830
278.399854,1.662130,-2.789380,197.130300
278.599854,1.724310,-2.415610,197.090580
278.799853,1.650460,-2.423930,197.041330
278.999853,1.632240,-2.267450,197.010650
279.199853,1.796570,-2.253860,196.944870
279.399853,2.038740,-2.290360,196.841010
279.599853,2.277770,-2.187290,196.741610
279.799853,2.369390,-2.184610,196.666410
279.999853,2.372790,-2.338550,196.634950
280.199853,2.504520,-2.014530,196.810400
280.399853,2.359390,-2.854320,196.973510
280.599853,1.917650,-2.323820,197.195870
280.799852,1.751870,-1.775560,197.316640
280.999852,1.857000,-1.637330,197.295920
281.199852,1.643660,-1.368800,197.253180
281.399852,2.372150,-1.701510,197.038180
281.599852,2.719160,-1.923180,196.794190
281.799852,2.382600,-1.828890,196.680100
281.999852,2.188590,-1.536240,196.568830
282.199852,2.066570,-1.799180,196.465000
282.399852,2.065080,-1.324710,196.398690
282.499852,2.126730,-1.255390,196.363050
282.699851,2.097620,-1.160750,196.296200
282.899851,2.229350,-1.059720,196.257200
283.099851,2.236700,-1.018450,196.271460
283.299851,2.138590,-1.407190,196.367000
283.499851,2.297360,-0.980830,196.452460
283.699851,2.319830,-0.957770,196.491510
283.899851,2.257370,-0.853370,196.542560
284.099851,2.374190,-0.653070,196.553760
284.299851,2.501490,-0.612420,196.519300
284.499851,2.600140,-0.701240,196.482480
284.699850,2.553240,-0.572870,196.447080
284.899850,2.381970,-0.547220,196.468320
285.099850,2.141570,-0.426580,196.644780
285.299850,1.703320,-0.189490,196.851970
285.499850,1.753600,-0.602900,197.008450
285.699850,2.091250,-0.589770,197.138130
285.899850,2.103350,-0.286700,197.285920
286.099850,2.138540,-0.312190,197.389590
286.299850,2.487270,-0.022560,197.446100
286.499849,2.583530,0.173080,197.442400
286.699849,2.226880,-0.005650,197.350360
286.899849,1.724590,0.231440,197.242490
287.099849,1.600440,0.656630,197.167880
287.299849,1.757610,1.251950,197.080020
287.499849,2.309420,0.309250,197.009750
287.699849,2.362130,0.206180,196.974740
287.899849,2.093780,0.487600,196.984040
288.099849,2.105930,0.511760,196.958130
288.299849,1.934000,0.570890,196.916230
288.399849,1.747480,0.716410,196.893420
288.599848,1.569060,0.432760,196.968270
288.799848,1.747310,0.851750,196.866490
288.999848,1.948140,0.832000,196.742850
289.099848,1.955900,0.883520,196.709340
289.299848,1.854880,0.942200,196.638660
289.499848,1.915800,0.987860,196.593280
289.699848,2.010730,1.047900,196.525350
289.899848,2.044740,1.018640,196.495860
290.099848,2.100850,1.186190,196.462540
290.299848,2.192080,1.174790,196.429620
290.499847,2.243320,1.140150,196.399060
290.699847,2.138360,1.127250,196.454690
290.899847,2.068300,1.007740,196.522520
291.099847,2.199620,0.843080,196.573830
291.299847,2.173940,1.245210,196.409760
291.499847,2.096510,0.427760,196.117530
291.699847,2.433090,0.868790,195.745290
291.899847,2.709280,1.495610,195.581360
291.999847,2.585940,1.570230,195.495340
292.099847,2.479100,1.549920,195.438380
292.299846,1.849780,1.403740,195.342140
292.499846,1.374530,1.344030,195.265770
292.699846,1.199360,1.458610,195.366990
292.899846,1.303350,1.979910,195.663420
293.099846,1.016730,0.867040,195.873520
293.299846,0.869440,0.733790,196.220850
293.499846,1.208200,0.078760,196.506550
293.699846,1.644590,0.064710,196.757660
293.899846,2.052810,0.359500,197.079740
294.099846,2.493750,0.630660,197.211680
294.199845,2.610340,0.476500,197.244730
294.399845,2.642540,0.276670,197.388730
294.599845,2.490720,0.584050,197.507610
294.799845,2.280400,0.634660,197.614370
294.999845,2.245420,0.860200,197.719470
295.099845,2.245900,0.871710,197.762000
295.199845,2.202640,0.956050,197.791780
295.299845,2.138280,0.979550,197.838290
295.399845,2.099700,0.591060,197.888010
295.599845,1.930010,0.432330,198.030070
295.799845,1.852970,0.984610,198.173090
295.999845,2.066550,0.469200,198.331240
296.199844,2.348920,0.662230,198.576580
296.399844,2.405560,0.657000,198.906410
296.599844,2.321210,0.643300,199.218540
296.799844,2.294470,0.807850,199.534240
296.999844,2.326480,0.724360,199.849630
297.199844,2.141190,0.800700,200.149680
297.399844,2.131340,0.683230,200.533720
297.599844,2.239370,0.527910,200.961350
297.799844,2.201520,0.797160,201.360310
297.999844,2.065310,0.680140,201.754900
298.199843,2.148480,0.659980,202.152010
298.399843,2.257650,0.799260,202.540300
298.599843,2.339950,0.839000,202.935180
298.799843,2.220310,0.308020,203.306940
298.999843,1.974690,0.793730,203.744630
299.099843,1.975790,0.734010,203.949470
299.299843,2.036240,0.490490,204.347460
299.499843,2.137120,0.562950,204.722330
299.599843,2.180210,0.540810,204.871730
299.799843,2.348760,0.478660,205.087590
299.999842,2.224380,0.502740,205.290450
300.199842,2.027830,0.518830,205.535190
300.399842,1.918940,0.650030,205.790840
300.599842,1.971800,0.867880,206.039870
300.799842,1.998810,0.798950,206.322640
300.999842,2.029910,0.879550,206.636130
301.099842,2.051290,0.838610,206.823420
301.299842,2.054570,0.670090,207.182590
301.499842,1.973180,0.718170,207.564430
301.699842,1.851010,0.192740,207.976750
301.899841,1.912880,0.138880,208.425290
302.099841,2.073080,0.042320,208.892650
302.299841,2.282320,-0.090630,209.350410
302.499841,2.271850,-0.021240,209.793690
302.699841,2.153480,0.057380,210.247620
302.899841,2.223770,-0.033700,210.768240
303.099841,2.427060,0.047940,211.287640
303.299841,2.541610,0.165450,211.827870
303.499841,2.602920,0.080970,212.377700
303.599841,2.666520,0.023580,212.645490
303.799840,2.552380,0.033010,213.177730
303.999840,2.401860,-0.029330,213.686950
304.099840,2.303650,0.048180,213.942570
304.299840,2.246460,0.227070,214.476400
304.399840,2.228960,0.220130,214.759250
304.499840,2.230790,0.162480,215.024970
304.599840,2.252700,0.107180,215.277400
304.799840,2.374790,0.062670,215.542170
304.999840,2.263610,-0.061300,215.756140
305.199840,2.218400,-0.066610,215.987360
305.399840,2.162950,-0.092810,216.217070
305.599840,2.218870,-0.111910,216.434260
305.799839,2.238780,-0.193680,216.637390
305.999839,2.351430,-0.376870,216.866470
306.099839,2.373660,-0.242740,216.991320
306.299839,2.380060,-0.067610,217.240410
306.499839,2.205920,0.046550,217.667370
306.699839,2.444530,-0.426340,218.054240
306.899839,2.697410,-0.356650,218.418960
307.099839,2.445850,-0.589980,218.752280
307.299839,2.168420,-0.679910,219.090410
307.499839,1.988870,-0.949020,219.387870
307.699838,1.791660,-1.041200,219.657490
307.899838,1.597630,-1.110120,219.946010
307.999838,1.676430,-1.323330,220.070110
308.199838,1.736540,-1.205930,220.295340
308.399838,1.699850,-1.386300,220.477980
308.499838,1.674580,-1.691640,220.579270
308.699838,1.731010,-1.921400,220.799190
308.899838,1.872370,-1.722980,221.011470
309.099838,1.902870,-1.502760,221.264380
309.299838,1.846150,-1.515410,221.530770
309.499838,1.402130,-1.590500,221.790790
309.699837,1.398620,-1.708940,222.064220
309.899837,0.864540,-1.778900,222.388670
310.099837,1.009410,-1.712730,222.698230
310.299837,0.784500,-1.609380,223.005970
310.499837,0.755570,-1.682150,223.271110
310.699837,0.816810,-1.727690,223.540630
310.899837,0.775030,-1.680470,223.806600
311.099837,0.838080,-1.699670,224.050280
311.299837,0.980860,-1.675860,224.300510
311.499836,1.020790,-1.695060,224.511110
311.699836,1.021300,-1.564200,224.727260
311.899836,1.104420,-1.456410,224.941920
312.099836,1.099500,-1.400590,225.141970
312.299836,0.992910,-1.335640,225.494450
312.499836,0.938250,-1.354860,225.853950
312.699836,0.848030,-1.361100,226.078750
312.899836,0.762340,-1.311880,226.169900
313.099836,0.979670,-1.402420,226.140870
313.299836,0.709400,-1.347100,226.088270
313.499835,0.751080,-1.367620,226.032680
313.699835,0.760940,-1.408000,225.992550
313.899835,0.648610,-1.429230,225.955710
314.099835,0.588150,-1.494930,225.935540
314.299835,0.476370,-1.580320,225.912870
314.499835,0.388380,-1.663820,225.891760
314.699835,0.479650,-1.595320,225.849950
314.899835,0.594360,-1.556670,225.852080
315.099835,0.423290,-1.635230,225.847900
315.299835,0.434650,-1.655090,225.838160
315.499834,0.385840,-1.663670,225.834760
315.699834,0.370420,-1.674880,225.833470
315.899834,0.358080,-1.677010,225.831120
316.099834,0.351120,-1.684810,225.827830
316.299834,0.352090,-1.690650,225.823490
316.499834,0.352640,-1.691610,225.822890
316.699834,0.352370,-1.696350,225.819900
316.899834,0.356890,-1.696870,225.817740
317.099834,0.354070,-1.694150,225.813730
317.299833,0.355230,-1.694740,225.810780
317.499833,0.360190,-1.701860,225.811150
317.699833,0.359720,-1.704300,225.811580
317.899833,0.371390,-1.701810,225.808670
318.099833,0.375300,-1.702310,225.804050
318.299833,0.385560,-1.710940,225.800830
318.499833,0.385260,-1.722130,225.799690
318.699833,0.383840,-1.726920,225.797300
318.899833,0.382290,-1.731820,225.796470
319.099833,0.374050,-1.653940,225.795320
319.299832,0.374050,-1.653940,225.795310
319.499832,0.378820,-1.608510,225.797820
319.699832,0.393730,-1.589000,225.800060
319.899832,0.403550,-1.551620,225.800800
320.099832,0.447520,-1.497390,225.797770
320.299832,0.469070,-1.427230,225.778970
320.499832,0.425650,-1.338430,225.736620
320.699832,0.368880,-1.166360,225.662810
320.899832,0.277360,-1.187330,225.458500
321.099831,0.287900,-1.236560,225.409580
321.299831,0.223620,-1.279120,225.279570
321.499831,0.221840,-1.307800,224.753920
321.699831,-0.152240,-1.289550,223.558820
321.899831,-0.186160,-1.352390,222.164770
322.099831,-0.063100,-1.462420,220.392260
322.299831,-0.269010,-1.558970,218.102740
322.499831,-0.403840,-2.182120,215.550260
322.699831,-0.543980,-2.650400,212.941900
322.899831,-0.169670,-2.915170,210.095130
323.099830,-0.943640,-2.998320,206.893280
323.299830,-0.503980,-3.053130,203.626840
323.499830,-0.650750,-2.766800,199.763340
323.699830,-0.707420,-2.469660,195.600680
323.899830,-0.855790,-2.385180,191.276810
324.099830,-0.735400,-2.653270,186.909650
324.299830,-0.479770,-2.779340,182.482350
324.499830,-0.371100,-2.800620,177.927060
324.699830,-0.121640,-3.096660,173.367480
324.899830,0.194630,-3.223580,168.779550
325.099829,0.243830,-3.457060,164.288590
325.299829,0.431360,-3.816000,159.959920
325.499829,0.813600,-3.886710,155.637230
325.699829,1.048900,-3.660490,151.328540
325.899829,1.313930,-4.224490,147.514200
326.099829,1.866650,-4.744490,144.078720
326.299829,2.029510,-4.512340,141.097990
326.499829,2.278880,-4.286140,138.834560
326.699829,2.283970,-4.081370,137.080560
326.899828,2.246320,-4.052020,135.724740
327.099828,2.255120,-4.207050,134.594330
327.299828,2.198950,-4.223870,133.808870
327.499828,2.163760,-4.185430,133.414430
327.699828,2.221320,-4.226500,133.267990
327.899828,2.211830,-4.131960,133.303870
328.099828,2.247760,-4.081540,133.450050
328.299828,2.286460,-4.046110,133.558420
328.499828,2.192760,-4.126660,133.720650
328.699828,2.115710,-4.236490,133.848460
328.899827,2.021650,-4.220630,133.942330
329.099827,1.922910,-4.352510,133.997470
329.299827,1.924010,-4.559030,134.013580
329.499827,2.205480,-4.705110,133.795620
329.699827,2.210490,-4.465350,133.627950
329.899827,2.150910,-4.560380,133.534210
330.099827,2.184950,-4.497700,133.521430
330.299827,2.182660,-4.624390,133.499220
330.499827,2.264440,-4.546000,133.513550
330.699827,2.122570,-4.481240,133.540440
330.899826,2.158300,-4.498640,133.624820
331.099826,2.111030,-4.566350,133.664550
331.299826,1.791490,-4.539630,133.780220
331.499826,1.704130,-4.641600,133.906340
331.699826,1.684920,-4.512440,133.981440
331.899826,1.766580,-4.631130,134.059170
332.099826,2.082160,-4.624520,134.118430
332.299826,2.291370,-4.736270,134.246820
332.499826,2.581720,-4.708320,134.360670
332.699825,2.578480,-4.589560,134.452380
332.899825,2.373520,-4.886290,134.533690
333.099825,2.371840,-4.801770,134.581690
333.299825,2.354300,-4.688490,134.602430
333.499825,2.463710,-4.814920,134.658370
333.699825,2.365070,-4.812320,134.679270
333.899825,2.202920,-4.936780,134.690260
334.099825,2.094080,-5.097500,134.714910
334.299825,2.114470,-4.973850,134.813770
334.499825,2.270540,-4.946230,134.903890
334.699824,2.151090,-4.402670,134.944180
334.899824,2.094680,-4.246180,134.963580
335.099824,2.172030,-4.722970,134.966630
335.299824,2.301540,-4.848300,134.986750
335.499824,2.474950,-4.996780,135.016780
335.699824,2.607190,-4.694780,135.037020
335.899824,2.598950,-4.516130,135.053140
336.099824,2.610590,-4.579810,135.046340
336.299824,2.573410,-4.487020,135.033030
336.499824,2.548570,-4.508630,135.040490
336.699823,2.508540,-4.428120,135.022320
336.899823,2.498570,-4.515500,135.061100
337.099823,2.470180,-4.584170,135.084200
337.299823,2.558600,-4.627360,135.111700
337.499823,2.607290,-4.512180,135.130890
337.699823,2.514920,-4.653350,135.112060
337.899823,2.571390,-4.724970,135.116660
338.099823,2.427020,-4.445420,135.147850
338.299823,2.531530,-4.613930,135.181460
338.499822,2.583400,-4.334490,135.155050
338.699822,2.345010,-4.413550,135.163160
338.899822,2.404020,-4.382560,135.179020
339.099822,2.363430,-4.346330,135.188390
339.299822,2.473180,-4.305440,135.224900
339.499822,2.453370,-4.580530,135.243890
339.699822,2.202290,-4.370900,135.252910
339.899822,2.400110,-4.521950,135.314490
340.099822,2.597750,-4.272810,135.387980
340.299822,2.356570,-4.156550,135.452600
340.499821,2.095550,-4.137760,135.452460
340.699821,1.921170,-3.877160,135.451120
340.899821,1.776160,-3.670290,135.466990
341.099821,1.979540,-3.526120,135.406970
341.299821,1.961810,-3.412780,135.325450
341.499821,1.879700,-3.033090,135.257310
341.699821,1.846640,-2.832390,135.152610
341.899821,1.683940,-2.642420,135.027960
342.099821,1.713240,-2.603770,134.949630
342.299820,1.863020,-2.472510,134.910290
342.499820,1.862600,-2.451290,134.882340
342.699820,1.770810,-1.993770,134.878720
342.899820,1.945380,-1.983530,134.878850
343.099820,1.878040,-1.878750,134.928420
343.299820,1.426120,-1.600030,134.950930
343.499820,1.236360,-1.827020,135.026580
343.699820,1.287620,-2.013170,135.116840
343.899820,1.594990,-1.991110,135.229000
344.099820,1.522180,-1.120000,135.308410
344.299819,1.661780,-1.246300,135.426710
344.499819,1.779280,-1.550080,135.493710
344.699819,1.499300,-1.366550,135.540880
344.899819,1.338240,-1.396350,135.722400
345.099819,1.277960,-1.299860,136.182140
345.299819,1.114550,-1.040880,136.746680
345.499819,0.962030,-1.193500,137.484600
345.699819,0.832780,-1.237650,138.138380
345.899819,0.854380,-1.066150,138.712030
346.099819,1.182490,-1.049740,138.973220
346.299818,1.309030,-0.740240,139.155610
346.499818,1.504750,-1.232390,139.366280
346.699818,1.635110,-0.925370,139.550700
346.899818,1.496220,-1.011290,139.745060
347.099818,1.654970,-0.977950,139.825050
347.299818,1.838950,-0.873810,139.785380
347.499818,1.948480,-0.878090,139.684230
347.699818,2.154790,-0.537900,139.365750
347.899818,2.331390,-0.588050,139.039700
348.099817,2.406290,-0.515020,138.688510
348.299817,2.141340,-0.368210,138.302830
348.499817,1.942400,-0.501750,137.925770
348.699817,2.000330,-0.335840,137.605340
348.899817,1.870830,-0.673210,137.228280
349.099817,1.849540,-0.444220,136.940130
349.299817,1.929490,-0.232580,136.686580
349.499817,1.770970,-0.540910,136.417840
349.699817,1.553240,-0.572750,136.149640
349.899817,1.692910,-0.420420,135.862940
350.099816,2.111900,-0.810860,135.665940
350.299816,2.326790,-0.676660,135.471930
350.499816,2.197340,-0.039210,135.361060
350.699816,2.123640,-0.410570,135.279940
350.899816,1.953270,-0.221140,135.167520
351.099816,1.763860,-0.410820,135.093530
351.299816,1.715230,-0.562000,135.066230
351.499816,1.745700,-0.616730,135.033060
351.699816,1.875840,-0.368350,135.051130
351.899816,1.967340,-0.473590,135.193990
352.099815,1.854860,-0.512980,135.449140
352.299815,1.734930,-0.240750,135.899330
352.499815,1.326510,-0.235810,136.416100
352.699815,1.368760,-0.276780,137.121760
352.899815,1.494340,-0.607780,137.945750
353.099815,1.422970,-1.126200,138.712620
353.299815,1.470390,-0.358010,139.883670
353.499815,1.436630,-0.658680,141.145270
353.699815,1.352300,-0.999780,142.743600
353.899814,1.345950,-0.705150,144.773100
354.099814,1.097670,-0.601660,147.246880
354.299814,1.379020,-0.711420,150.249110
354.499814,1.481660,-0.656810,153.413790
354.699814,2.004530,-1.098360,156.423930
354.899814,2.077420,-1.173790,159.399650
355.099814,2.180040,-0.696350,162.417320
355.299814,2.025850,-0.895790,165.374020
355.499814,1.769910,-1.428590,168.335200
355.699814,1.519950,-1.644380,171.331460
355.899813,1.282980,-1.796670,174.312940
356.099813,0.915890,-2.041480,177.300140
356.299813,0.410640,-2.147350,180.429160
356.499813,0.323050,-1.978950,183.582220
356.699813,0.396180,-1.648960,186.813460
356.899813,0.609240,-1.257860,189.976420
357.099813,1.110050,-0.611310,193.404770
357.299813,1.454850,-0.517780,196.852890
357.499813,1.997940,-0.724690,200.195180
357.699812,2.270160,-0.599680,203.554110
357.899812,2.436370,-0.617350,206.779610
358.099812,2.477100,-0.344160,209.923890
358.299812,2.696540,-0.546940,212.684340
358.499812,2.521830,-0.759420,215.175360
358.699812,2.619760,-0.751530,217.542330
358.899812,2.737980,-0.707140,219.643710
359.099812,2.718220,-0.681910,221.388560
359.299812,2.671890,-0.724430,222.891080
359.499812,2.822730,-0.950900,223.883020
359.699811,2.991170,-0.987640,224.345570
359.899811,3.154400,-0.897900,224.468620
360.099811,3.138670,-0.660240,224.479960
360.299811,3.241140,-0.522810,224.549210
360.499811,3.298710,-0.571260,224.564770
360.699811,3.382060,-0.327230,224.538170
360.899811,3.296790,-0.098250,224.523470
361.099811,3.159640,-0.074520,224.542990
361.299811,2.957610,-0.069810,224.624930
361.499811,2.888750,0.051790,224.810050
361.699810,2.814200,0.134810,225.174330
361.899810,2.813680,0.131210,225.784910
362.099810,2.727580,0.423220,226.622870
362.299810,2.533450,0.543730,227.787130
362.499810,2.338110,0.317780,229.249290
362.699810,2.115790,0.186640,231.055840
362.899810,2.040580,0.017810,233.254040
363.099810,2.112570,-0.141760,235.722060
363.299810,2.098530,-0.175440,238.336900
363.499809,2.025080,-0.214350,241.210360
363.699809,2.208500,-0.246930,244.209410
363.899809,2.436090,-0.343080,247.140390
364.099809,1.465700,0.077880,250.123930
364.299809,0.822420,0.359160,253.515360
364.499809,0.730540,0.415460,256.964880
364.699809,0.199500,0.562040,260.344170
364.899809,0.163450,0.743750,263.292660
365.099809,-0.125680,1.158830,266.027250
365.299809,-0.742840,1.751960,268.608140
365.499808,-0.632610,2.149180,270.944430
365.699808,-1.055220,2.897250,273.414850
365.899808,-1.336570,3.506720,275.719670
366.099808,-0.520430,4.117950,278.066270
366.299808,-0.186640,4.297230,280.435020
366.499808,-0.562000,4.322130,282.749220
366.699808,-0.454180,3.820450,284.986160
366.899808,0.263840,3.671370,287.370250
367.099808,0.521690,2.860240,289.611700
367.299808,-0.300300,2.989900,291.802680
367.499807,0.218840,3.299620,294.077280
367.699807,-0.145070,3.685010,296.472860
367.899807,0.614840,4.093410,298.925580
368.099807,0.847920,4.586940,301.561040
368.299807,0.519440,4.838640,304.237840
368.499807,0.426080,4.438670,306.808530
368.699807,0.936360,4.310270,309.346720
368.899807,1.153910,4.010740,311.447140
369.099807,1.297600,3.815630,313.065460
369.299806,1.435660,3.481620,314.313260
369.499806,1.453760,3.033750,315.408580
369.699806,1.201080,2.585610,316.452470
369.899806,0.351520,1.943380,317.526240
370.099806,-0.282850,1.069840,318.442940
370.299806,-1.534400,0.291440,319.416540
370.499806,-0.321030,1.023080,320.759750
370.699806,0.016210,1.837580,322.011860
370.899806,-0.394070,3.094160,323.278930
371.099806,-0.274470,3.241580,324.648730
371.299805,0.424030,2.578470,326.426750
371.499805,1.226120,2.476820,328.479460
371.699805,1.161070,2.100340,330.739410
371.899805,0.721820,2.080900,333.772800
372.099805,0.855270,1.522060,337.148280
372.299805,0.864230,1.452740,340.919280
372.499805,0.507070,1.440300,344.778420
372.699805,0.867080,1.313860,348.762450
372.899805,0.647140,1.225810,352.722360
373.099805,0.704710,1.263420,356.909030
373.299804,0.943390,1.425960,1.051020
373.499804,1.194900,1.323070,5.103050
373.699804,1.505970,1.232140,8.743980
373.899804,1.670810,1.199870,11.545090
374.099804,1.789590,1.136640,13.328890
374.299804,1.787130,1.334550,14.581360
374.499804,1.709000,1.411530,15.541970
374.699804,1.908240,1.243870,16.161900
374.899804,1.674910,1.069040,16.260710
375.099803,1.639800,1.080000,16.080300
375.299803,1.695160,1.169510,15.712720
375.499803,1.766500,1.125640,15.150130
375.699803,1.887550,1.069560,14.304540
375.899803,1.988780,1.275460,13.116040
376.099803,2.008000,1.235930,11.638690
376.299803,1.984960,1.197050,9.781680
376.499803,2.026650,1.216710,7.612470
376.699803,1.821660,1.223170,5.370930
376.899803,1.865040,1.007060,3.118450
377.099802,1.994870,0.862470,0.790890
377.299802,1.950800,0.785370,358.159420
377.499802,1.972520,0.755900,355.301130
377.699802,2.038690,0.751910,352.253600
377.899802,2.130140,0.718120,349.030340
378.099802,2.028690,0.669770,345.753760
378.299802,2.116960,0.489750,342.516460
378.499802,2.231830,0.293070,339.232130
378.699802,1.875500,0.356950,335.981060
378.899802,1.892210,0.429800,332.858600
379.099801,1.873870,0.526000,329.923930
379.299801,1.593290,0.392610,327.117970
379.499801,1.599740,0.357060,324.572150
379.699801,1.590290,0.306030,322.175630
379.899801,1.610970,0.380070,319.984660
380.099801,1.613560,0.591690,318.047460
380.299801,1.593550,0.847240,316.488390
380.499801,1.633850,0.973360,315.239450
380.699801,1.685230,1.038810,314.142610
380.899800,1.658160,0.933420,313.120960
381.099800,1.739680,1.070760,312.226970
381.299800,1.739950,1.001340,311.425240
381.499800,1.569350,0.994360,310.826450
381.699800,1.628320,0.982160,310.378170
381.899800,1.648800,1.145980,309.913670
382.099800,1.528180,1.299120,309.449590
382.299800,1.481320,1.265040,308.997370
382.499800,1.305530,1.232080,308.512700
382.699800,1.191320,1.144260,308.169020
382.899799,1.218840,1.250950,308.015680
383.099799,1.242640,1.348030,307.899950
383.299799,1.178670,1.601000,307.952110
383.499799,1.184800,1.753730,308.010510
383.699799,1.245040,1.725390,308.071770
383.899799,1.202320,1.651460,308.033480
384.099799,1.259930,1.461750,307.763970
384.299799,1.247600,1.332510,307.105170
384.499799,1.186970,1.192310,306.121550
384.699798,1.282770,1.084340,304.751410
384.899798,1.420700,0.975780,302.762710
385.099798,1.517750,0.863800,300.171930
385.299798,1.480810,0.824710,297.061620
385.499798,1.486130,0.755030,293.664980
385.699798,1.505140,0.649660,289.894740
385.899798,1.334610,0.528240,286.060160
386.099798,1.082400,0.457760,282.449690
386.299798,1.093340,0.602390,278.912980
386.499798,1.334000,0.731650,275.395900
386.699797,1.238250,0.926000,272.060320
386.899797,0.846450,1.041500,269.126540
387.099797,0.633750,1.008280,266.952870
387.299797,0.874280,1.119470,265.438500
387.499797,0.938620,1.053980,264.406800
387.699797,0.658930,1.056310,263.790770
387.899797,0.486180,1.073880,263.391110
388.099797,0.606180,1.149700,262.877950
388.299797,1.049830,1.347620,261.810530
388.499797,1.012560,1.395140,260.015410
388.699796,0.988030,1.474090,257.386240
388.899796,1.032450,1.531440,254.120760
389.099796,1.053590,1.556910,250.408840
389.299796,0.968660,1.513700,246.367680
389.499796,0.734250,1.465500,242.276120
389.699796,0.767720,1.460410,237.919960
389.899796,0.640940,1.394580,233.251030
390.099796,0.401990,1.231000,228.510480
390.299796,0.147520,0.990350,223.785430
390.499795,-0.036460,0.672480,219.259290
390.699795,-0.153720,0.375290,215.034450
390.899795,-0.332610,0.049090,211.067000
391.099795,-0.457080,-0.228000,207.318690
391.299795,-0.489200,-0.569330,203.788220
391.499795,-0.494840,-0.684650,200.646360
391.699795,0.046620,-0.480770,197.963730
391.899795,-0.068550,-0.425350,195.629800
392.099795,-0.072520,-0.383340,193.718440
392.299795,0.423710,-0.579980,192.168370
392.499794,0.382190,-0.545500,190.775330
392.699794,0.333330,-0.371720,189.558120
392.899794,0.545880,-0.395320,188.421320
393.099794,0.597530,-0.583780,187.377350
393.299794,0.431680,-0.784810,186.532360
393.499794,0.572330,-0.752590,185.798160
393.699794,0.565170,-0.687160,185.443040
393.899794,0.404070,-0.612260,185.761790
394.099794,0.039410,-0.540010,186.784910
394.299794,0.065240,-0.540960,188.612620
394.499793,0.083140,-0.578290,191.016600
394.699793,0.072720,-0.635010,194.048740
394.899793,-0.241180,-0.726400,197.654850
395.099793,-0.334670,-0.641260,201.892980
395.299793,-0.428460,-0.631550,206.696680
395.499793,-0.265450,-0.576360,212.041920
395.699793,-0.469240,-0.403300,217.817020
395.899793,-0.346830,-0.384850,223.773280
396.099793,-0.435520,-0.218240,230.072890
396.299792,-0.212900,-0.128110,236.684910
396.499792,-0.378150,0.045470,243.298060
396.699792,-0.115900,0.028780,249.789420
396.899792,-0.253250,0.092170,256.269860
397.099792,-0.187700,-0.082040,262.581370
397.299792,-0.049290,0.068220,268.987290
397.499792,-0.279720,0.133920,275.547020
397.699792,-0.293460,0.265360,282.312840
397.899792,0.298570,0.002850,289.241100
398.099792,-0.232280,-0.011870,296.388390
398.299791,-0.250650,0.080030,303.529460
398.499791,-0.227240,0.179470,310.711400
398.699791,-0.271990,0.359040,317.834720
398.899791,-0.513620,0.759410,325.004610
399.099791,-0.026000,1.018440,332.054290
399.299791,0.003870,0.969200,339.286800
399.499791,0.005300,0.955970,346.276540
399.699791,0.304020,0.769250,353.261010
399.899791,0.310590,0.678320,0.230610
400.099791,0.293900,0.646080,7.195560
400.299790,0.375180,0.502140,14.262650
400.499790,0.259910,0.329580,21.320990
400.699790,0.330160,0.285880,28.435340
400.899790,0.335480,0.161320,35.614810
401.099790,0.449270,0.071310,42.751700
401.299790,0.490280,-0.021350,49.837470
401.499790,0.500820,-0.117760,56.846020
401.699790,0.859240,-0.226920,63.582180
401.899790,1.051600,-0.408340,69.629930
402.099789,1.249440,-0.632800,74.927350
402.299789,1.566200,-0.641530,79.388610
402.499789,1.340400,-0.774470,83.062750
402.699789,1.588440,-0.982930,86.227070
402.899789,1.638740,-0.948060,88.672150
403.099789,1.520400,-0.979340,90.516930
403.299789,1.392940,-1.061840,91.765890
403.499789,1.685620,-0.939700,92.504330
403.699789,1.836730,-0.873090,92.756240
403.899789,1.541690,-1.003160,92.591600
404.099788,1.610270,-0.950130,92.052700
404.299788,1.952020,-1.001750,90.868710
404.499788,2.187360,-1.079150,89.009220
404.699788,1.833360,-1.086630,86.920910
404.899788,2.054250,-1.007160,84.564030
405.099788,2.283580,-0.912510,81.530100
405.299788,2.370890,-0.966730,77.978450
405.499788,2.618130,-0.990100,73.869790
405.699788,2.581930,-0.911630,69.049590
405.899788,2.754940,-0.994250,63.839270
406.099787,2.725330,-1.035070,58.167580
406.299787,2.807770,-0.982770,52.053910
406.499787,2.530350,-1.025440,45.829500
406.699787,2.977410,-0.940970,39.370020
406.899787,3.094910,-0.915460,32.649500
407.099787,3.207160,-0.917670,25.716860
407.299787,3.132130,-0.778530,18.620290
407.499787,3.167880,-0.677260,11.393490
407.699787,3.253710,-0.509250,4.304960
407.899786,3.116610,-0.418350,357.267030
408.099786,3.045980,-0.335350,350.365750
408.299786,3.235540,-0.233230,343.525250
408.499786,3.208260,-0.111490,336.694680
408.699786,3.137290,0.048310,329.867740
408.899786,3.075620,0.309230,323.012880
409.099786,3.049080,0.496180,316.048680
409.299786,2.867910,0.388080,309.118570
409.499786,2.761590,0.430510,302.174130
409.699786,2.653600,0.471920,295.171380
409.899785,2.544150,0.255410,288.192770
410.099785,2.383390,0.173910,281.166720
410.299785,2.367080,-0.065650,274.089500
410.499785,2.227820,-0.203230,267.018350
410.699785,2.211960,-0.362690,259.834340
410.899785,2.297970,-0.534940,252.592410
411.099785,2.309010,-0.499630,245.253810
411.299785,2.037070,-0.386410,237.907810
411.499785,1.828170,-0.483810,230.468040
411.699785,1.730260,-0.368510,223.187980
411.899784,1.361490,-0.438270,216.659710
412.099784,1.091480,-0.673400,210.843120
412.299784,0.979560,-0.870120,205.594220
412.499784,0.931410,-0.974820,200.911880
412.699784,0.836190,-1.081840,196.803860
412.899784,0.761970,-1.137420,193.112400
413.099784,0.613370,-1.145710,189.838200
413.299784,0.651410,-1.277090,186.957510
413.499784,0.320370,-1.301070,184.452800
413.699783,0.301350,-1.358580,182.548990
413.899783,0.352070,-1.323320,181.214440
414.099783,0.103270,-1.255140,180.294620
414.299783,0.354980,-1.098720,179.997070
414.499783,0.202460,-0.951070,180.054240
414.699783,0.323990,-0.906140,180.771850
414.899783,0.199180,-0.846730,181.835500
415.099783,0.127260,-0.813120,183.518980
415.299783,0.153180,-0.724780,185.932380
415.499783,0.145160,-0.694100,188.921670
415.699782,0.236190,-0.560880,192.459480
415.899782,0.133120,-0.521120,196.457280
416.099782,0.159050,-0.536140,201.050950
416.299782,0.132510,-0.494220,206.072730
416.499782,0.131320,-0.415940,211.603390
416.699782,0.043080,-0.446310,217.702500
416.899782,-0.031000,-0.403570,224.179910
417.099782,0.159670,-0.344390,230.649580
417.299782,0.557330,-0.387440,236.999950
417.499781,0.571210,-0.215040,243.264020
417.699781,0.438820,-0.164190,249.497540
417.899781,0.117080,-0.287840,255.744810
418.099781,0.324670,0.000920,261.893420
418.299781,0.196820,0.145550,268.136290
418.499781,0.036700,0.198520,274.275120
418.699781,-0.017370,0.567360,280.464350
418.899781,-0.178620,0.487960,286.550390
419.099781,-0.114700,0.512920,292.600430
419.299781,-0.014910,0.486910,298.639940
419.499780,-0.175730,0.374880,304.628890
419.699780,-0.068440,0.525630,310.580370
419.899780,-0.200030,0.715260,316.551610
420.099780,-0.017090,0.658380,322.566930
420.299780,0.060770,0.464650,328.650850
420.499780,0.421790,0.394560,334.629600
420.699780,0.330960,0.473060,340.611380
420.899780,0.375290,0.173090,346.513120
421.099780,0.188970,0.251530,352.530070
421.299780,0.084430,0.212050,358.664220
421.499779,0.009590,-0.137680,4.836740
421.699779,0.298010,-0.177290,11.104570
421.899779,0.462500,-0.170130,17.394920
422.099779,0.477630,-0.201190,23.852070
422.299779,0.637370,-0.128300,30.472910
422.499779,0.282880,-0.319740,37.078780
422.699779,0.715740,-0.301530,43.796510
422.899779,0.676150,-0.155730,50.595080
423.099779,0.711200,-0.151580,57.403690
423.299778,0.562380,-0.067350,63.558880
423.499778,1.209210,-0.144110,69.241380
423.699778,1.073790,-0.369770,74.234550
423.899778,0.928020,-0.581130,78.807230
424.099778,1.287420,-0.522880,82.870770
424.299778,1.155970,-0.593330,86.331510
424.499778,1.727130,-0.843970,89.001390
424.699778,1.880600,-0.856500,90.997720
424.899778,1.727270,-0.927430,92.471140
425.099778,1.950180,-1.119660,93.615580
425.299777,2.020140,-1.062010,94.667000
425.499777,2.032710,-1.255150,95.613340
425.699777,1.968960,-1.391490,96.493550
425.899777,2.188930,-1.344930,97.169730
426.099777,1.777910,-1.306060,97.751450
426.299777,1.921460,-1.229850,97.961610
426.499777,2.130690,-1.124610,97.673400
426.699777,1.942340,-1.006910,97.098930
426.899777,1.837040,-1.145440,95.916690
427.099777,2.152610,-1.043730,93.798660
427.299776,2.392890,-1.092850,90.852820
427.499776,2.216350,-0.997880,87.321630
427.699776,2.181610,-0.988350,83.154730
427.899776,2.331030,-1.039650,78.315530
428.099776,2.375570,-1.119230,72.880450
428.299776,2.328580,-1.135730,66.983530
428.499776,2.361710,-1.267990,60.720620
428.699776,2.489380,-1.250320,54.300810
428.899776,2.615760,-1.117990,47.657770
429.099775,2.593370,-1.039520,40.899070
429.299775,2.837190,-1.038580,34.330210
429.499775,2.911010,-0.810190,27.927610
429.699775,2.895420,-0.662530,21.565740
429.899775,3.063540,-0.388370,15.283070
430.099775,2.840830,-0.438680,9.068420
430.299775,2.618990,-0.353630,2.823590
430.499775,2.698440,-0.255490,356.476080
430.699775,3.004490,-0.240060,350.124080
430.899775,3.030930,-0.120370,343.682190
431.099774,2.887150,0.054110,336.969310
431.299774,2.812670,0.273300,330.148750
431.499774,2.676710,0.371970,323.041760
431.699774,2.812260,0.418670,315.806470
431.899774,2.851230,0.309340,308.504450
432.099774,2.852410,0.334520,301.074350
432.299774,2.576310,0.174210,293.583420
432.499774,2.541430,0.061650,286.035490
432.699774,2.403890,0.116380,278.373670
432.899774,2.508780,-0.219190,270.642870
433.099773,2.531630,-0.163950,262.686140
433.299773,2.536210,-0.471870,254.644060
433.499773,2.374660,-0.525810,246.596480
433.699773,2.419340,-0.652170,238.615860
433.899773,2.009440,-0.588030,231.225380
434.099773,1.756380,-0.494240,224.675240
434.299773,1.465410,-0.507270,219.022310
434.499773,1.266480,-0.510900,214.063380
434.699773,1.040220,-0.533560,209.830050
434.899772,0.554130,-0.682860,206.233450
435.099772,0.436170,-0.906950,203.309480
435.299772,0.555800,-1.000810,200.996470
435.499772,0.171200,-1.187070,199.186340
435.699772,0.348840,-1.177120,197.868110
435.899772,0.069050,-1.183150,196.980100
436.099772,0.147620,-1.095880,196.427930
436.299772,0.154870,-1.005530,196.143840
436.499772,0.122090,-0.963140,196.081220
436.699772,0.068870,-0.880730,196.106150
436.899771,0.192610,-0.857820,196.210030
437.099771,0.024760,-0.861040,196.357300
437.299771,0.005540,-0.921040,196.555640
437.499771,0.143160,-0.948880,196.720040
437.699771,0.134130,-0.949370,196.865170
437.899771,0.139310,-0.939690,196.984130
438.099771,0.163960,-0.918960,197.083320
438.299771,0.209090,-0.881410,197.161680
438.499771,0.247970,-0.839620,197.226580
438.699771,0.279570,-0.788010,197.281230
438.899770,0.279570,-0.788010,197.281230
439.099770,0.278340,-0.793960,197.307350
439.299770,0.288990,-0.773380,197.332410
439.499770,0.305820,-0.811750,197.359890
439.699770,0.305820,-0.811750,197.359880
439.899770,0.310110,-0.856020,197.386500
440.099770,0.311050,-0.898560,197.408490
440.299770,0.325090,-0.932610,197.429120
440.499770,0.343310,-0.950790,197.445550
440.699769,0.363260,-0.953320,197.458710
440.899769,0.373850,-0.944790,197.466990
441.099769,0.388860,-0.933590,197.472340
441.299769,0.409530,-0.915260,197.476850
441.499769,0.427010,-0.890030,197.473500
441.699769,0.449480,-0.866470,197.472740
441.899769,0.465340,-0.847670,197.469650
442.099769,0.475520,-0.827600,197.467450
442.299769,0.488080,-0.801620,197.464680
442.499769,0.507150,-0.776370,197.462480
442.699768,0.507150,-0.776370,197.462480
442.899768,0.507540,-0.773360,197.459170
443.099768,0.509260,-0.766050,197.455250
443.299768,0.509260,-0.766050,197.455250
443.499768,0.509020,-0.760390,197.453030
443.699768,0.518230,-0.748650,197.452020
443.899768,0.526200,-0.741860,197.447960
444.099768,0.534690,-0.726950,197.443210
444.299768,0.547420,-0.710290,197.439450
444.499768,0.559730,-0.697410,197.435720
444.699767,0.574080,-0.678310,197.431950
444.899767,0.588100,-0.661610,197.429940
445.099767,0.599550,-0.643420,197.424410
445.299767,0.610010,-0.629210,197.420260
445.499767,0.610010,-0.629210,197.420260
445.699767,0.611690,-0.622390,197.414780
445.899767,0.618820,-0.612040,197.413080
446.099767,0.630490,-0.604430,197.407050
446.299767,0.647670,-0.588650,197.401010
446.499766,0.655950,-0.574080,197.396320
446.699766,0.670700,-0.571180,197.394700
446.899766,0.683120,-0.570160,197.390220
447.099766,0.691030,-0.553080,197.384370
447.299766,0.699230,-0.540400,197.377980
447.499766,0.705910,-0.527570,197.376020
447.699766,0.705910,-0.527570,197.376010
447.899766,0.708170,-0.527650,197.367100
448.099766,0.713240,-0.522330,197.361980
448.299766,0.720040,-0.514730,197.356500
448.499765,0.735080,-0.506680,197.353360
448.699765,0.746730,-0.499450,197.350770
448.899765,0.756800,-0.495230,197.345380
449.099765,0.760480,-0.485410,197.339740
449.299765,0.767040,-0.482270,197.334710
449.499765,0.775280,-0.480630,197.331410
449.699765,0.779010,-0.472690,197.331380
449.899765,0.779010,-0.472690,197.331380
450.099765,0.782600,-0.470420,197.329510
450.299765,0.778240,-0.464360,197.328650
450.499764,0.777940,-0.453060,197.326980
450.699764,0.781960,-0.449540,197.324460
450.899764,0.789900,-0.443120,197.320060
451.099764,0.798900,-0.444680,197.315170
451.299764,0.803220,-0.441720,197.313860
451.499764,0.811930,-0.433140,197.314390
451.699764,0.815880,-0.423150,197.313860
451.899764,0.827560,-0.420110,197.311520
452.099764,0.827560,-0.420110,197.311520
452.299763,0.829560,-0.421610,197.306560
452.499763,0.830180,-0.419230,197.302340
452.699763,0.836750,-0.418080,197.299440
452.899763,0.836750,-0.418080,197.299430
453.099763,0.837570,-0.393730,197.297850
453.299763,0.844010,-0.362670,197.298900
453.499763,0.861660,-0.337040,197.313420
453.699763,0.861660,-0.337040,197.313400
453.899763,0.874660,-0.447220,197.327220
454.099763,0.889980,-0.513000,197.319760
454.299762,0.889980,-0.513000,197.319740
454.499762,0.923510,-0.668020,197.178890
454.699762,0.956640,-0.864340,196.827630
454.899762,1.053560,-0.988000,196.329930
455.099762,1.068970,-1.012740,195.692330
455.299762,1.143380,-1.023220,194.798460
455.499762,1.262330,-1.059970,193.575750
455.699762,1.459600,-1.075580,191.867610
455.899762,1.623520,-1.062260,189.570660
456.099762,1.560560,-1.038690,186.983920
456.299761,1.474450,-1.033870,184.407630
456.499761,1.535040,-1.026160,181.954510
456.699761,1.540920,-0.948030,179.614150
456.899761,1.521010,-0.859920,177.728950
457.099761,1.660370,-0.851940,176.173540
457.299761,1.751090,-0.858940,175.018650
457.499761,1.614230,-0.864850,174.149930
457.699761,1.346690,-0.740810,173.539300
457.899761,1.346180,-0.687050,173.365940
458.099760,1.645440,-0.803620,173.360300
458.299760,1.689790,-0.747260,173.697500
458.499760,1.557420,-0.711270,174.740420
458.699760,1.345700,-0.718890,176.294220
458.899760,1.173300,-0.728880,178.297570
459.099760,1.410580,-0.654980,180.198510
459.299760,1.410180,-0.746930,181.921110
459.499760,1.414160,-0.681840,183.680770
459.699760,1.449630,-0.657930,185.462250
459.899760,1.111980,-0.839710,187.164560
460.099759,1.361530,-0.828590,188.783240
460.299759,1.459110,-0.843500,189.801280
460.499759,1.596460,-0.919620,190.589680
460.699759,1.672960,-0.806500,190.985170
460.899759,1.344980,-0.638160,191.376060
461.099759,1.992700,-0.498060,191.637940
461.299759,1.692600,-0.377390,191.796310
461.499759,2.029730,-0.225800,192.057330
461.699759,1.973180,-0.369170,191.955440
461.899759,1.765190,-0.427830,191.878690
462.099758,2.179640,-0.403760,191.517200
462.299758,1.855030,-0.249530,190.886760
462.499758,2.398260,-0.353660,190.154920
462.699758,1.925550,-0.194350,189.075130
462.899758,1.731490,-0.307170,187.907100
463.099758,2.050520,-0.294850,186.819270
463.299758,2.231760,-0.238350,185.540440
463.499758,2.002740,-0.368990,184.256910
463.699758,2.051290,-0.332480,182.741440
463.899757,1.867760,-0.400860,181.216560
464.099757,1.703270,-0.581080,179.266090
464.299757,1.472350,0.009150,177.229390
464.499757,1.391240,0.164290,174.999050
464.699757,1.228660,0.636050,172.785840
464.899757,0.952250,0.828660,170.433920
465.099757,1.009160,0.662330,167.821040
465.299757,0.668340,0.663460,165.223370
465.499757,0.712610,0.475750,162.805320
465.699757,0.777310,0.285630,160.482860
465.899756,0.884110,0.141900,158.086680
466.099756,0.592540,0.068420,155.925390
466.299756,0.606470,0.000680,153.952630
466.499756,0.645140,-0.320940,152.010740
466.699756,0.595380,-0.475140,150.023480
466.899756,0.852190,-0.538800,147.653750
467.099756,0.906110,-0.601520,144.820050
467.299756,0.982180,-0.635400,141.880800
467.499756,1.067100,-0.709920,139.018610
467.699756,1.172460,-0.664600,136.071850
467.899755,1.291630,-0.665000,133.155600
468.099755,1.411750,-0.851210,130.029640
468.299755,1.398950,-1.101510,126.679150
468.499755,1.432860,-1.200460,123.289940
468.699755,2.005970,-0.759710,119.762910
468.899755,1.496920,-0.820660,116.071620
469.099755,1.538400,-1.021900,112.427170
469.299755,1.984750,-1.720730,108.868190
469.499755,1.587870,-1.667080,105.354180
469.699754,1.537350,-1.635730,102.061320
469.899754,1.554170,-1.608490,98.927840
470.099754,1.152850,-1.655330,96.027210
470.299754,0.888610,-1.942420,93.379960
470.499754,0.787090,-2.293460,90.954750
470.699754,0.565570,-2.635080,88.594820
470.899754,0.496080,-2.728450,86.485260
471.099754,0.901390,-2.544980,84.801440
471.299754,0.802500,-2.280450,83.433040
471.499754,0.821640,-2.292100,82.591770
471.699753,1.495510,-2.486200,81.881050
471.899753,1.550360,-2.477530,81.199150
472.099753,1.666520,-2.668180,80.574740
472.299753,1.916250,-2.705940,80.015150
472.499753,1.828230,-2.724560,79.731190
472.699753,1.596170,-2.911560,79.843290
472.899753,1.656720,-3.018680,79.994920
473.099753,1.652130,-3.028940,80.239440
473.299753,1.591060,-3.204980,80.981200
473.499753,2.178450,-3.230230,81.900330
473.699752,1.767950,-3.208480,82.955930
473.899752,1.601370,-2.815760,84.674570
474.099752,1.801840,-2.302100,86.857650
474.299752,1.540820,-2.033320,89.571840
474.499752,1.885650,-1.807520,92.626370
474.699752,2.165800,-1.655480,96.137570
474.899752,1.703310,-1.728140,100.136340
475.099752,1.442910,-1.774570,104.370740
475.299752,1.516840,-1.869860,108.823740
475.499751,1.543220,-1.695710,113.217720
475.699751,0.890030,-1.644170,117.460940
475.899751,0.445200,-2.087770,121.201750
476.099751,-0.124020,-2.724590,124.510400
476.299751,-1.094330,-3.185770,127.077060
476.499751,-1.130420,-3.213290,128.767750
476.699751,-0.580480,-2.316630,129.786740
476.899751,-0.214790,-1.289870,130.217010
477.099751,-0.334430,-0.933140,130.201010
477.299751,-0.389610,-1.228520,130.089070
477.499750,0.233270,-2.116070,129.958710
477.699750,0.953440,-3.243860,129.837520
477.899750,0.966610,-4.045440,129.925140
478.099750,1.167380,-4.243150,130.091870
478.299750,1.142090,-4.430140,130.273890
478.499750,1.199170,-4.447180,130.474210
478.699750,1.179960,-4.357160,130.703910
478.899750,1.022110,-4.257800,131.024160
479.099750,1.154260,-4.339320,131.489060
479.299750,1.442730,-4.729710,132.003130
479.499749,1.212170,-4.602900,132.533330
479.699749,0.982060,-3.893860,133.099760
479.899749,0.958030,-3.539450,133.717330
480.099749,0.737580,-3.191730,134.489120
480.299749,0.651560,-3.717800,135.429850
480.499749,0.748360,-2.995240,136.493330
480.699749,0.471940,-3.568260,137.975590
480.899749,0.320740,-4.578770,139.890680
481.099749,0.558570,-5.197970,142.396630
481.299748,-0.400850,-4.531360,145.226280
481.499748,-0.262420,-4.114340,148.355250
481.699748,-0.883650,-3.660180,151.899960
481.899748,-0.704990,-2.568370,155.537850
482.099748,-0.451610,-1.936990,159.105570
482.299748,-0.094800,-1.332280,162.906300
482.499748,0.922480,-1.184240,166.563890
482.699748,0.860760,-0.379380,170.485970
482.899748,0.831300,0.110750,174.526430
483.099748,0.470220,0.742360,178.997280
483.299747,1.275150,0.625070,183.453720
483.499747,1.710170,0.707470,188.192810
483.699747,2.231370,0.828560,193.097520
483.899747,1.927760,0.602020,198.099810
484.099747,2.096690,0.525060,203.205780
484.299747,2.242120,0.422130,208.321140
484.499747,2.594550,0.316020,212.842600
484.699747,2.766500,0.300650,216.235300
484.899747,2.866820,0.248820,218.771850
485.099747,3.035690,0.253000,220.474330
485.299746,3.150670,0.240410,221.598720
485.499746,3.397410,0.159530,222.025670
485.699746,3.449700,0.164640,222.073580
485.899746,3.500550,0.263330,221.928600
486.099746,3.499710,0.289640,221.660760
486.299746,3.376610,0.314080,221.330850
486.499746,3.418650,0.431650,220.763210
486.699746,3.422420,0.365750,219.982150
486.899746,3.353030,0.404420,219.184790
487.099745,3.251390,0.495580,218.381150
487.299745,3.077560,0.596550,217.547940
487.499745,3.001220,0.613230,216.691350
487.699745,3.003920,0.437320,215.702830
487.899745,3.029040,0.401290,214.606990
488.099745,3.085920,0.445050,213.571930
488.299745,3.138810,0.583370,212.569410
488.499745,3.084080,0.756540,211.575540
488.699745,3.169020,0.655800,210.640520
488.899745,3.162340,0.742410,209.829440
489.099744,3.247350,0.599740,209.036020
489.299744,3.286200,0.395550,208.250640
489.499744,3.331560,0.337770,207.427790
489.699744,3.351460,0.195070,206.569510
489.899744,3.321600,0.118930,205.704070
490.099744,3.245120,0.175060,204.892780
490.299744,3.144470,0.147630,204.118950
490.499744,3.024240,0.137950,203.332040
490.699744,3.001630,0.085430,202.545790
490.899744,3.009390,-0.029020,201.748010
491.099743,3.135640,-0.044900,200.965380
491.299743,3.268590,-0.077390,200.191860
491.499743,3.265710,-0.009010,199.421240
491.699743,3.217090,-0.197420,198.692870
491.899743,3.193720,-0.409650,198.158740
492.099743,3.404850,-0.461870,197.621970
492.299743,3.555140,-0.453380,197.104660
492.499743,3.470640,-0.361130,196.551850
492.699743,3.231060,-0.398980,195.990420
492.899742,3.065980,-0.593770,195.451340
493.099742,3.012700,-0.638660,194.994210
493.299742,3.016850,-0.509730,194.568730
493.499742,2.980350,-0.584820,194.106290
493.699742,3.004140,-0.555810,193.678690
493.899742,2.895290,-0.615550,193.465060
494.099742,2.859810,-0.524430,193.414760
494.299742,2.831640,-0.539220,193.363260
494.499742,2.672240,-0.423210,193.323620
494.699742,2.572590,-0.399910,193.415050
494.899741,2.467090,-0.387970,193.632850
495.099741,2.362850,-0.304020,194.088280
495.299741,2.280870,-0.314900,194.743850
495.499741,2.316640,-0.527660,195.429240
495.699741,2.342370,-0.430540,196.120660
495.899741,2.410350,-0.468260,196.769570
496.099741,2.530120,-0.374570,197.435430
496.299741,2.607160,-0.369170,198.128150
496.499741,2.617870,-0.238620,198.838740
496.699741,2.649850,-0.161690,199.551190
496.899740,2.798000,0.022280,200.275920
497.099740,2.943810,-0.068690,201.059940
497.299740,3.078760,-0.043720,202.030840
497.499740,3.297650,0.021770,202.952150
497.699740,3.300590,0.299560,203.878270
497.899740,3.213300,0.439530,204.861980
498.099740,3.129500,0.478500,205.819270
498.299740,3.047610,0.574150,206.796810
498.499740,2.910980,0.568210,207.755880
498.699739,2.774090,0.647190,208.704510
498.899739,2.644680,0.890750,209.651650
499.099739,2.536820,1.035200,210.607470
499.299739,2.474250,0.801710,211.566080
499.499739,2.566680,0.742250,212.531230
499.699739,2.608850,0.642670,213.502260
499.899739,2.653290,0.566450,214.571530
500.099739,2.747360,0.456670,215.617670
500.299739,2.912920,0.398910,216.707060
500.499739,3.040050,0.423100,217.797690
500.699738,3.198170,0.541220,218.748120
500.899738,3.147330,0.706170,219.557870
501.099738,3.151160,0.585350,220.374530
501.299738,3.343030,0.629590,221.108190
501.499738,3.390470,0.692000,221.707580
501.699738,3.302830,0.697340,222.300630
501.899738,3.294660,0.661790,222.879170
502.099738,3.285550,0.605990,223.369990
502.299738,3.242880,0.660880,223.836830
502.499738,3.194490,0.595270,224.242350
502.699737,3.095480,0.675670,224.511650
502.899737,2.995140,0.520590,224.753480
503.099737,3.013790,0.287200,224.966000
503.299737,3.081100,0.398730,225.136920
503.499737,3.109570,0.396120,225.243540
503.699737,3.086380,0.435390,225.353270
503.899737,3.010630,0.297870,225.444780
504.099737,2.972430,0.333430,225.534160
504.299737,2.839040,0.338210,225.602260
504.499736,2.706770,0.522030,225.661900
504.699736,2.748870,0.507920,225.715800
504.899736,2.793830,0.491840,225.745430
505.099736,3.036530,0.546280,225.793010
505.299736,3.356820,0.599550,225.883660
505.499736,3.492770,0.657940,225.949380
505.699736,3.537150,0.650240,225.999900
505.899736,3.553150,0.620620,225.992480
506.099736,3.534840,0.543870,225.999870
506.299736,3.407630,0.645050,225.968480
506.499735,3.321580,0.525030,225.938730
506.699735,3.217420,0.504550,225.880820
506.899735,3.156580,0.595260,225.786130
507.099735,2.922770,0.666590,225.669800
507.299735,2.741210,0.798220,225.588390
507.499735,2.786180,0.942670,225.499180
507.699735,2.915640,0.869010,225.434470
507.899735,3.043310,0.797760,225.377600
508.099735,3.101210,0.685550,225.296020
508.299735,3.142840,0.749170,225.287020
508.499734,3.137060,0.805140,225.258190
508.699734,3.180680,0.751750,225.226350
508.899734,3.196930,0.716410,225.180880
509.099734,3.255890,0.751170,225.168810
509.299734,3.254660,0.643790,225.127860
509.499734,3.225370,0.764340,225.169610
509.699734,3.191520,0.650010,225.337250
509.899734,3.344520,0.772700,225.607750
510.099734,3.369730,0.738350,225.842050
510.299733,3.244540,0.816260,226.077670
510.499733,3.284880,0.757450,226.231240
510.699733,3.349890,0.774260,226.300930
510.899733,3.346320,0.758030,226.403230
511.099733,3.345320,0.738550,226.522600
511.299733,3.303830,0.764830,226.583910
511.499733,3.245190,0.825440,226.632290
511.699733,3.108330,0.719210,226.715060
511.899733,3.061280,0.761040,226.775490
512.099733,2.959130,0.947440,226.824700
512.299732,2.657150,0.965210,226.879290
512.499732,2.803650,0.466070,226.861440
512.699732,2.932810,0.987270,226.797250
512.899732,2.765370,0.661610,226.730170
513.099732,2.724920,0.621820,226.639010
513.299732,2.717180,0.509090,226.538920
513.499732,2.743450,0.410340,226.460720
513.699732,2.815770,0.518400,226.365710
513.899732,2.908440,0.477020,226.171310
514.099732,2.893020,0.409980,225.937570
514.299731,2.770130,0.593980,225.741920
514.499731,2.734650,0.568320,225.644070
514.699731,2.850290,0.402960,225.668280
514.899731,2.855170,0.374120,225.663890
515.099731,2.649240,0.302310,225.639470
515.299731,2.550740,0.078710,225.651190
515.499731,2.608300,-0.046500,225.672960
515.699731,2.628420,-0.017300,225.660960
515.899731,2.689890,-0.035300,225.665120
516.099730,2.865350,-0.162710,225.663630
516.299730,3.055300,-0.023900,225.652160
516.499730,3.105800,-0.079660,225.637520
516.699730,3.127190,-0.172880,225.638130
516.899730,3.079720,-0.168920,225.622750
517.099730,3.038290,-0.120360,225.614850
517.299730,3.017980,-0.108120,225.610520
517.499730,2.955940,-0.167550,225.576330
517.699730,2.913410,-0.130390,225.571840
517.899730,2.831960,-0.054430,225.577490
518.099729,2.767100,0.004880,225.537070
518.299729,2.810490,0.101450,225.507200
518.499729,2.814340,0.264650,225.474660
518.699729,2.785950,0.277120,225.459730
518.899729,2.762770,0.325470,225.441630
519.099729,2.782400,0.275040,225.432100
519.299729,2.802520,0.310330,225.418470
519.499729,2.844170,0.283080,225.381620
519.699729,2.927470,0.313460,225.349120
519.899729,2.990930,0.286150,225.324320
520.099728,3.055260,0.340350,225.314270
520.299728,3.128150,0.295030,225.276840
520.499728,3.190990,0.370590,225.269610
520.699728,3.213670,0.304470,225.243660
520.899728,3.270580,0.278480,225.210970
521.099728,3.256180,0.230930,225.194990
521.299728,3.167570,-0.195490,225.145610
521.499728,3.169780,-0.163530,225.122830
521.699728,3.327780,-0.086830,225.134470
521.899727,3.492580,-0.002010,225.112730
522.099727,3.712830,0.021790,225.107140
522.299727,3.859660,0.013200,225.090640
522.499727,3.951420,-0.002220,225.079600
522.699727,3.951810,-0.003420,225.052800
522.899727,4.000560,0.074000,225.086050
523.099727,4.012390,0.064940,225.063660
523.299727,3.934540,0.029850,225.020850
523.499727,3.777960,0.128030,224.999300
523.699727,3.736330,0.121110,224.998320
523.899726,3.702340,0.161860,224.999670
524.099726,3.629150,0.144760,225.044610
524.299726,3.570430,0.075960,225.261130
524.499726,3.523790,-0.040800,225.509630
524.699726,3.540340,-0.011050,225.815540
524.899726,3.604060,0.163970,226.146640
525.099726,3.582520,0.275480,226.569370
525.299726,3.565070,0.274800,227.039080
525.499726,3.530370,0.261610,227.487570
525.699726,3.447760,0.323020,227.921480
525.899725,3.438090,0.322520,228.379620
526.099725,3.510570,0.175170,228.834030
526.299725,3.542190,0.117770,229.491520
526.499725,3.593650,0.241810,230.239510
526.699725,3.658350,0.358950,231.020630
526.899725,3.630110,0.383180,231.768430
527.099725,3.597300,0.465040,232.510890
527.299725,3.512660,0.508080,233.261500
527.499725,3.402150,0.546320,233.991930
527.699724,3.343400,0.382230,234.738200
527.899724,3.374480,0.444650,235.509760
528.099724,3.324680,0.436260,236.240060
528.299724,3.331830,0.419740,236.986010
528.499724,3.382980,0.388200,237.737730
528.699724,3.357260,0.416900,238.486290
528.899724,3.308990,0.467640,239.232830
529.099724,3.325690,0.374630,239.980670
529.299724,3.289320,0.293600,240.722580
529.499724,3.132460,0.254880,241.625680
529.699723,3.091230,0.307330,242.622280
529.899723,3.026190,0.372220,243.585310
530.099723,2.840840,0.423000,244.548110
530.299723,2.593390,0.444210,245.493770
530.499723,2.406080,0.305540,246.403390
530.699723,2.300590,0.150590,247.340630
530.899723,2.078880,0.050590,248.287650
531.099723,1.876870,0.053030,249.225080
531.299723,1.862990,0.123610,250.134630
531.499723,2.069240,0.106790,250.843240
531.699722,2.275100,0.100970,251.473080
531.899722,2.487590,-0.097070,252.059820
532.099722,2.556910,-0.217950,252.379680
532.299722,2.547630,-0.167990,252.684420
532.499722,2.606470,-0.286150,252.881200
532.699722,2.685760,-0.374520,252.984190
532.899722,2.890440,-0.296140,253.090970
533.099722,3.115790,-0.051010,253.221130
533.299722,3.393010,0.223140,253.342120
533.499721,3.667070,0.306950,253.386270
533.699721,4.145230,0.042060,253.574940
533.899721,4.329020,0.214260,254.068490
534.099721,4.254470,0.116230,254.492020
534.299721,4.194220,0.175490,254.881630
534.499721,4.042570,0.023490,255.151320
534.699721,3.912630,0.104320,255.333620
534.899721,3.857650,0.112620,255.344710
535.099721,3.677410,0.111550,255.303700
535.299721,3.675810,0.076760,255.220470
535.499720,3.710140,0.216930,255.026950
535.699720,3.778940,0.220220,254.797750
535.899720,3.716380,0.250330,254.479730
536.099720,3.610430,0.283760,254.155410
536.299720,3.508840,0.331650,253.819860
536.499720,3.355190,0.247340,253.462410
536.699720,3.601430,0.116780,253.199750
536.899720,3.668180,0.425700,252.610140
537.099720,3.779040,0.215140,251.896660
537.299720,3.685390,0.213730,251.216100
537.499719,3.752680,0.286330,250.534250
537.699719,3.904400,0.355840,249.648790
537.899719,3.978320,0.370830,248.778980
538.099719,4.055930,0.361140,247.881680
538.299719,4.107830,0.455330,247.035730
538.499719,4.060910,0.525450,246.192810
538.699719,3.934620,0.531290,245.473480
538.899719,3.856260,0.364770,244.766500
539.099719,3.871860,0.272120,244.066100
539.299718,3.804600,0.247430,243.365870
539.499718,3.799170,0.260250,242.717760
539.699718,3.758610,0.289530,242.073680
539.899718,3.712010,0.370100,241.442590
540.099718,3.650730,0.394340,240.776960
540.299718,3.621740,0.485750,240.147010
540.499718,3.579710,0.619680,239.392740
540.699718,3.436040,0.719770,238.532500
540.899718,3.334000,0.748380,237.639660
541.099718,3.261410,0.679810,236.684360
541.299717,3.119740,0.746230,235.745990
541.499717,2.981990,0.735900,234.807000
541.699717,2.956810,0.679700,233.953450
541.899717,3.042950,0.446280,233.314050
542.099717,3.256600,0.236850,232.805880
542.299717,3.350360,0.378780,232.569930
542.499717,3.325260,0.583110,232.433900
542.699717,3.191750,0.684720,232.290080
542.899717,3.063000,0.659460,232.119560
543.099717,3.006140,0.518350,231.964070
543.299716,3.067390,0.480400,231.669800
543.499716,3.187890,0.573930,231.273130
543.699716,3.144890,0.574730,230.872710
543.899716,3.224950,0.675430,230.577370
544.099716,3.299440,0.806710,230.325700
544.299716,3.370310,0.986530,230.264120
544.499716,3.611540,1.155780,230.181070
544.699716,3.566190,0.779680,230.108680
544.899716,3.546190,0.694300,230.075940
545.099716,3.689540,0.763130,230.022110
545.299715,3.541380,0.630910,229.974100
545.499715,2.534860,1.032120,229.733430
545.699715,2.976180,1.715860,229.696710
545.899715,2.599320,0.742000,229.326390
546.099715,2.991400,-0.046860,229.022790
546.299715,3.078750,0.176830,228.744080
546.499715,3.470790,1.113620,228.547090
546.699715,3.883070,1.468340,228.285310
546.899715,3.048620,1.216260,227.947310
547.099714,3.619900,1.252340,227.515520
547.299714,2.463750,1.404720,226.943790
547.499714,2.562080,1.882290,226.547880
547.699714,2.610600,1.620370,226.059250
547.899714,2.285090,1.601980,225.766520
548.099714,2.372020,1.416230,225.488820
548.299714,2.191690,1.440220,225.385800
548.499714,2.154630,1.446810,225.353910
548.699714,2.014350,1.427830,225.365740
548.899714,1.889680,1.319120,225.445550
549.099713,1.871340,1.173430,225.550350
549.299713,1.846390,1.014600,225.716270
549.499713,1.870520,0.913980,225.905660
549.699713,1.926170,0.877200,226.087200
549.899713,1.885170,0.925400,226.251710
550.099713,1.882070,1.019960,226.412620
550.299713,1.873950,1.158210,226.548090
550.499713,1.829340,1.229470,226.667950
550.699713,1.829330,1.229470,226.667930
550.899713,1.831880,1.240150,226.785040
551.099712,1.837500,1.224040,226.902780
551.299712,1.837500,1.224040,226.902780
551.499712,1.889540,1.128270,227.008920
551.699712,1.902930,1.055700,227.093670
551.899712,1.926850,1.005170,227.172920
552.099712,1.926850,1.005170,227.172920
552.299712,1.902120,0.935590,227.215660
552.499712,1.905270,0.931340,227.242750
552.699712,1.912370,0.938720,227.277720
552.899711,1.912360,0.938720,227.277700
553.099711,1.910670,0.985030,227.293710
553.299711,1.903060,1.002840,227.313340
553.499711,1.903060,1.002840,227.313330
553.699711,1.901390,0.969110,227.359880
553.899711,1.893540,0.991640,227.438060
554.099711,1.896890,1.024810,227.574830
554.299711,1.896890,1.024810,227.574820
554.499711,1.910980,0.986020,227.837570
554.699711,1.913920,0.941570,228.113720
554.899710,1.918480,0.900140,228.415940
555.099710,1.918470,0.900140,228.415940
555.299710,1.914760,0.832190,228.708450
555.499710,1.920090,0.764240,229.005030
555.699710,1.924520,0.754510,229.279510
555.899710,1.921480,0.706820,229.553130
556.099710,1.882680,0.676990,229.813190
556.299710,1.863870,0.668800,230.063080
556.499710,1.845250,0.672930,230.307140
556.699710,1.834230,0.675630,230.545430
556.899709,1.805070,0.678870,230.768080
557.099709,1.774880,0.706460,230.971990
557.299709,1.777820,0.735470,231.161380
557.499709,1.782830,0.771330,231.332430
557.699709,1.788050,0.821010,231.475630
557.899709,1.795660,0.864300,231.599630
558.099709,1.807800,0.908310,231.700770
558.299709,1.808300,0.946660,231.775490
558.499709,1.826740,0.981020,231.832210
558.699708,1.826740,0.981020,231.832210
558.899708,1.834030,0.974940,231.861910
559.099708,1.843520,0.983030,231.879070
559.299708,1.845730,1.004060,231.888330
559.499708,1.846440,1.029630,231.889520
559.699708,1.850470,1.056960,231.889010
559.899708,1.850130,1.086410,231.886510
560.099708,1.849610,1.111410,231.882810
560.299708,1.844830,1.137320,231.879560
560.499708,1.845130,1.169600,231.875770
560.699707,1.851710,1.204780,231.872470
560.899707,1.851700,1.204780,231.872470
561.099707,1.844620,1.207420,231.867620
561.299707,1.838690,1.220040,231.862920
561.499707,1.844860,1.233500,231.854720
561.699707,1.843110,1.256420,231.851420
561.899707,1.844570,1.282500,231.850950
562.099707,1.842260,1.305650,231.851810
562.299707,1.831410,1.338960,231.849050
562.499707,1.834970,1.369420,231.846340
562.699706,1.829270,1.415890,231.859090
562.899706,1.811370,1.489920,231.930310
563.099706,1.794640,1.517780,232.099260
563.299706,1.783400,1.559580,232.414780
563.499706,1.729290,1.646170,232.995190
563.699706,1.626350,1.738630,233.954680
563.899706,1.539390,1.730770,235.410310
564.099706,1.460560,1.618330,237.067400
564.299706,1.503470,1.564290,238.829530
564.499705,1.544610,1.577860,240.625230
564.699705,1.422050,1.702650,242.643990
564.899705,1.347360,1.830870,245.120660
565.099705,1.313850,1.806250,248.225840
565.299705,1.450620,1.730840,251.623130
565.499705,1.699750,1.643160,254.934550
565.699705,1.711510,1.617490,258.023950
565.899705,1.652930,1.562490,261.005360
566.099705,1.539790,1.595680,264.200810
566.299705,1.735370,1.606520,267.817560
566.499704,1.874530,1.494620,271.834220
566.699704,1.913160,1.518090,276.160690
566.899704,2.069900,1.656890,280.698070
567.099704,2.185340,1.473170,285.223890
567.299704,2.114230,1.496240,289.894330
567.499704,2.366190,1.599710,294.672670
567.699704,2.686130,1.534090,299.467350
567.899704,2.722870,1.506560,303.994010
568.099704,2.892580,1.399330,307.925670
568.299704,3.283730,1.286530,311.085520
568.499703,3.277340,1.301400,313.134170
568.699703,3.248130,1.476460,314.497280
568.899703,3.296590,1.626340,315.757220
569.099703,3.295180,1.430910,317.172120
569.299703,3.454760,1.160700,318.263260
569.499703,3.600720,1.194050,318.748660
569.699703,3.507840,1.293260,318.811730
569.899703,3.576190,1.182430,318.681730
570.099703,3.787120,1.074720,318.334230
570.299702,3.914560,1.289090,318.011790
570.499702,3.947720,1.503220,317.678710
570.699702,3.852310,1.532330,317.388670
570.900702,3.755630,1.640260,317.118640
571.100702,3.840470,1.678340,316.951700
571.300702,3.820600,1.604050,316.747290
571.500702,3.881090,1.567830,316.553060
571.700702,3.852030,1.574680,316.343030
571.900702,3.821110,1.657250,316.205220
572.100702,3.760170,1.764210,316.071560
572.300701,3.744510,1.789100,315.943610
572.500701,3.740910,1.859810,315.819410
572.700701,3.777570,1.898780,315.721170
572.900701,3.798930,1.960740,315.643540
573.100701,3.815690,2.053660,315.613350
573.300701,3.823830,2.040590,315.538340
573.500701,3.876620,2.131200,315.481990
573.700701,3.899650,2.234140,315.410840
573.900701,3.754540,2.376300,315.308060
574.100701,3.678360,2.374950,315.221310
574.300700,3.572560,2.460530,315.140270
574.500700,3.567430,2.339850,315.053360
574.700700,3.629900,2.234610,315.007020
574.900700,3.730450,2.092680,314.952470
575.100700,4.016260,1.768000,314.896090
575.300700,4.226510,1.821060,314.861210
575.500700,4.463560,2.024230,314.872890
575.700700,4.395050,2.076000,314.866320
575.900700,4.329090,2.364880,314.877580
576.100699,3.892480,2.485510,314.831950
576.300699,3.907140,2.449350,314.813630
576.500699,3.938470,2.472470,314.830450
576.700699,4.078040,2.434590,314.834700
576.900699,4.185980,2.543770,314.839820
577.100699,4.087850,2.667690,314.816890
577.300699,4.053260,2.686670,314.805870
577.500699,4.356540,2.429450,314.833620
577.700699,4.431410,2.541540,314.874530
577.900699,4.587760,3.107230,314.968800
578.100698,4.489540,2.516220,315.013280
578.300698,4.404950,2.682230,315.083530
578.500698,4.177030,2.860840,315.132920
578.700698,4.086110,2.599780,315.156580
578.900698,4.088070,2.498260,315.189430
579.100698,4.102860,2.429070,315.200290
579.300698,4.100990,2.453330,315.221850
579.500698,4.051470,2.486370,315.238770
579.700698,3.878820,2.279620,315.266910
579.900698,3.688700,2.244490,315.283450
580.100697,3.705510,2.256960,315.333470
580.300697,3.899360,2.411460,315.382000
580.500697,3.933480,2.411720,315.352730
580.700697,3.901220,2.296160,315.320100
580.900697,3.850800,2.190460,315.304610
581.100697,3.779150,2.245020,315.321260
581.300697,3.689150,2.183160,315.291380
581.500697,3.564310,2.263290,315.245930
581.700697,3.293580,2.203490,315.056510
581.900696,2.913930,2.392470,314.877810
582.100696,2.735550,2.498930,314.793140
582.300696,2.755110,2.475490,314.785490
582.500696,2.615340,2.750220,314.796920
582.700696,2.767450,2.475510,314.833110
582.900696,2.989970,2.651170,314.842470
583.100696,2.962320,2.333330,314.819240
583.300696,3.176810,2.177800,314.825750
583.500696,3.219850,2.120180,314.840770
583.700696,3.361620,2.081600,314.888800
583.900695,3.480370,2.170950,314.890310
584.100695,3.346960,2.004550,314.895100
584.300695,3.266390,2.133610,314.909620
584.500695,3.182690,2.384550,314.888950
584.700695,2.937560,2.380980,314.842340
584.900695,2.727400,2.550240,314.843090
585.100695,2.782520,2.677840,314.867020
585.300695,2.925170,2.507670,314.830660
585.500695,2.929250,2.405880,314.825160
585.700695,2.964200,2.417840,314.834560
585.900694,3.039510,2.240880,314.846420
586.100694,3.098570,2.346140,314.877510
586.300694,3.143550,2.400080,314.898570
586.500694,3.110600,2.259200,314.923990
586.700694,3.046590,2.474010,314.921680
586.900694,3.114370,2.596450,314.892860
587.100694,3.120790,2.492200,314.879830
587.300694,3.026900,2.369040,314.842830
587.500694,3.078900,2.360750,314.814790
587.700693,3.137870,2.387340,314.789100
587.900693,3.238310,2.525980,314.809170
588.100693,3.363060,2.362090,314.819570
588.300693,3.259990,2.250440,314.810410
588.500693,3.304730,2.293640,314.837920
588.700693,3.257280,2.397380,314.882310
588.900693,3.107050,2.372890,314.901980
589.100693,3.029980,2.413040,314.901850
589.300693,2.909720,2.775670,314.927530
589.500693,3.015300,2.402960,314.840050
589.700692,2.975990,2.619740,314.759790
589.900692,2.858240,2.634590,314.641480
590.100692,2.753470,2.400320,314.521430
590.300692,2.812040,2.291830,314.469080
590.500692,2.889580,1.962960,314.377600
590.700692,2.904920,2.245150,314.386710
590.900692,3.071120,2.446060,314.399160
591.100692,3.201610,2.345750,314.411570
591.300692,3.194230,2.281590,314.447920
591.500692,3.143910,2.321890,314.493570
591.700691,3.119200,2.246880,314.551180
591.900691,3.125840,2.323620,314.600200
592.100691,3.251370,2.516350,314.635920
592.300691,3.288350,2.234910,314.639410
592.500691,3.244110,2.385430,314.666620
592.700691,3.227240,2.390390,314.668560
592.900691,3.211550,2.312600,314.691060
593.100691,3.160440,2.267300,314.832540
593.300691,3.245010,2.215520,314.970870
593.500690,3.262400,2.269040,315.086540
593.700690,3.136370,2.308360,315.164920
593.900690,3.105300,2.332630,315.191250
594.100690,3.029850,2.314010,315.182280
594.300690,2.958980,2.231430,315.177890
594.500690,3.128650,2.288870,315.175610
594.700690,3.147810,2.286450,315.166670
594.900690,3.080740,2.382540,315.182190
595.100690,3.076060,2.445670,315.176230
595.300690,3.062980,2.275300,315.138230
595.500689,3.197830,2.377480,315.152670
595.700689,3.371410,2.190840,315.138040
595.900689,3.356920,2.220590,315.156990
596.100689,3.305190,2.058570,315.136740
596.300689,3.523210,1.850720,315.127780
596.500689,3.492360,1.923620,315.111030
596.700689,3.195950,2.051440,315.122470
596.900689,3.045900,1.731490,315.118970
597.100689,3.142380,1.825230,315.143840
597.300689,2.930750,2.307760,315.161960
597.500688,3.034100,2.024920,315.157610
597.700688,3.394550,1.636570,314.948240
597.900688,3.097520,1.880950,314.656280
598.100688,2.827440,1.739410,314.418010
598.300688,3.097920,1.472840,314.152980
598.500688,2.848510,1.794490,313.934940
598.700688,2.815450,2.008330,313.827510
598.900688,3.103270,1.454180,313.724770
599.100688,3.204270,1.143680,313.639730
599.300687,3.407700,1.439220,313.783330
599.500687,3.580020,1.673270,313.948860
599.700687,3.400860,2.068100,314.100860
599.900687,2.901160,1.994050,314.219810
600.100687,2.977860,1.660350,314.380330
600.300687,3.068540,1.526220,314.448730
600.500687,2.588970,1.756000,314.538950
600.700687,2.448910,1.715890,314.635940
600.900687,2.657610,1.657180,314.647130
601.100687,2.853020,1.629920,314.725980
601.300686,2.999540,1.434510,314.763810
601.500686,2.925550,1.524020,314.812590
601.700686,3.039860,1.671380,314.877550
601.900686,3.249680,1.477390,314.937350
602.100686,3.318450,1.355040,315.018840
602.300686,3.353810,1.262840,315.075100
602.500686,3.249010,1.168990,315.105850
602.700686,3.131930,1.307460,315.145030
602.900686,3.250840,1.276000,315.209170
603.100686,3.228570,1.196240,315.221610
603.300685,3.030980,1.252550,315.242240
603.500685,2.945100,1.224930,315.254390
603.700685,2.856720,1.133810,315.225540
603.900685,2.844630,1.294300,315.259430
604.100685,2.969850,1.208410,315.128000
604.300685,2.902150,1.074440,314.878870
604.500685,2.824320,1.232970,314.777460
604.700685,2.961160,1.266350,314.682000
604.900685,3.105140,1.318280,314.632500
605.100685,3.187580,1.243400,314.570590
605.300684,3.129960,1.032040,314.545430
605.500684,3.234530,0.943510,314.566250
605.700684,3.232210,0.865190,314.552910
605.900684,3.157790,0.795780,314.569600
606.100684,3.165750,0.735370,314.565330
606.300684,3.167910,0.944730,314.616950
606.500684,3.224760,0.828970,314.604370
606.700684,3.218990,0.883280,314.618410
606.900684,3.259590,0.937010,314.667520
607.100683,3.325920,0.800550,314.674210
607.300683,3.250000,0.875090,314.729840
607.500683,3.156940,0.822190,314.785620
607.700683,3.298060,0.621070,314.844830
607.900683,3.421590,0.558160,314.888420
608.100683,3.338340,0.693290,314.948500
608.300683,3.081960,0.844620,314.966380
608.500683,2.896890,1.194650,315.014150
608.700683,2.713540,0.885150,314.990010
608.900683,2.772870,0.692680,315.008740
609.100682,2.536980,0.688990,315.010720
609.300682,2.296760,0.790060,315.071230
609.500682,2.405270,0.696330,315.070180
609.700682,2.438510,0.597910,315.031560
609.900682,2.526740,0.554940,315.023150
610.100682,2.608110,0.609440,314.940970
610.300682,2.603220,0.668470,314.871900
610.500682,2.862500,0.382230,314.764590
610.700682,2.819520,0.523730,314.685050
610.900682,3.018450,0.394100,314.658940
611.100681,2.928010,0.531320,314.740760
611.300681,2.507950,0.584720,314.816170
611.500681,2.446710,0.708130,314.881390
611.700681,2.310450,0.766570,314.971620
611.900681,2.262770,0.808150,315.040630
612.100681,2.450650,0.769000,314.973360
612.300681,2.227500,0.673370,314.897310
612.500681,2.089360,0.736290,314.872390
612.700681,2.256380,0.954400,314.815060
612.900680,2.312250,0.880180,314.774630
613.100680,2.342090,0.834430,314.707100
613.300680,2.347520,0.891710,314.630380
613.500680,2.415480,0.633220,314.630880
613.700680,2.447650,0.756070,314.604920
613.900680,2.276190,0.913940,314.620530
614.100680,2.302180,0.733190,314.642340
614.300680,2.392890,0.886160,314.684690
614.500680,2.424190,0.807410,314.671620
614.700680,2.485540,0.877360,314.679280
614.900679,2.527520,0.864620,314.712660
615.100679,2.605660,0.700450,314.720310
615.300679,2.595550,0.921740,314.703150
615.500679,2.595900,0.862230,314.716280
615.700679,2.584150,0.766550,314.696970
615.900679,2.692600,0.773190,314.735300
616.100679,2.823590,0.834520,314.761460
616.300679,2.666590,0.780040,314.748450
616.500679,2.516340,0.810110,314.779860
616.700679,2.553130,0.820950,314.823690
616.900678,2.558890,0.825110,314.851680
617.100678,2.579860,0.840970,314.913330
617.300678,2.679920,0.761260,314.970620
617.500678,2.670010,0.592120,314.979950
617.700678,2.601660,0.809310,314.977970
617.900678,2.553510,0.810500,314.958650
618.100678,2.606440,0.826140,314.958290
618.300678,2.675940,0.981410,314.956930
618.500678,2.763500,0.838900,314.921100
618.700677,2.637990,0.859710,314.905400
618.900677,2.570120,0.776040,314.882150
619.100677,2.485780,0.848350,314.836950
619.300677,2.349110,0.827780,314.796460
619.500677,2.481100,0.819220,314.778230
619.700677,2.541660,0.723650,314.724960
619.900677,2.460530,0.827150,314.740210
620.100677,2.368150,0.794340,314.745930
620.300677,2.297100,0.741270,314.747660
620.500677,2.250000,0.894390,314.775770
620.700676,2.427700,0.913140,314.778980
620.900676,2.537110,0.824630,314.791260
621.100676,2.463740,0.878080,314.793460
621.300676,2.428860,0.809120,314.762810
621.500676,2.330500,0.842960,314.742370
621.700676,2.328000,0.945490,314.732310
621.900676,2.323110,0.795850,314.678670
622.100676,2.174460,0.976320,314.652640
622.300676,2.210140,0.982450,314.634270
622.500676,2.389220,0.905070,314.622160
622.700675,2.352160,0.993030,314.598050
622.900675,2.350670,0.917030,314.578140
623.100675,2.651220,0.836070,314.564150
623.300675,2.667030,1.140400,314.619860
623.500675,2.485260,0.884790,314.643730
623.700675,2.316060,0.848070,314.624720
623.900675,2.381090,0.975290,314.681450
624.100675,2.419460,0.973400,314.698640
624.300675,2.129730,0.970060,314.660880
624.500674,1.973190,0.907230,314.638770
624.700674,1.910850,1.018800,314.628100
624.900674,2.008520,1.027700,314.636010
625.100674,1.977420,1.006920,314.648630
625.300674,2.024330,0.845010,314.755650
625.500674,2.068040,0.753700,314.808700
625.700674,2.027860,0.673390,314.887410
625.900674,2.205470,0.990690,314.965850
626.100674,2.222800,0.721640,315.033070
626.300674,2.405850,0.421420,315.073770
626.500673,2.438840,-0.089980,315.074670
626.700673,2.439760,0.468790,315.176420
626.900673,2.624450,0.480120,315.241890
627.100673,2.645980,0.756440,315.304290
627.300673,2.931300,0.898680,315.347370
627.500673,3.038990,0.850420,315.341320
627.700673,2.897500,0.958620,315.386880
627.900673,2.777880,0.992090,315.401990
628.100673,2.658620,0.675450,315.423560
628.300673,2.635290,0.831140,315.379480
628.500672,2.645390,0.867060,315.298200
628.700672,2.630420,0.815410,315.154100
628.900672,2.728270,0.851460,314.982540
629.100672,2.721120,0.891030,314.845490
629.300672,2.745200,0.815050,314.812840
629.500672,2.822710,0.834240,314.844050
629.700672,2.879750,0.713790,314.876680
629.900672,3.025160,1.003660,314.940770
630.100672,2.986570,0.817930,314.939610
630.300671,2.667200,0.660320,314.932610
630.500671,2.603230,0.686020,314.963140
630.700671,2.555550,0.879900,314.994980
630.900671,2.133550,0.728710,315.015830
631.100671,2.053450,0.662410,315.033290
631.300671,2.422200,0.737930,315.036280
631.500671,2.292550,1.117200,315.008770
631.700671,1.857620,1.214970,315.044130
631.900671,1.961780,0.770680,315.081650
632.100671,2.094110,0.780670,315.026890
632.300670,2.090490,0.582510,314.998610
632.500670,2.081900,0.495570,315.016930
632.700670,2.183390,0.653970,315.045130
632.900670,2.317000,0.963650,315.089910
633.100670,2.426610,0.720840,315.094430
633.300670,2.552330,0.796220,315.108870
633.500670,2.733050,0.752440,315.114780
633.700670,3.051200,0.744200,315.154380
633.900670,3.217260,0.976420,315.160750
634.100670,3.171150,0.556130,315.180330
634.300669,2.982360,0.574060,315.199530
634.500669,2.843120,0.640340,315.219050
634.700669,2.621420,0.687840,315.233560
634.900669,2.449100,0.799870,315.236820
635.100669,2.324770,0.862790,315.244180
635.300669,2.264580,0.938210,315.234880
635.500669,2.323570,1.001400,315.250070
635.700669,2.342290,0.861800,315.249630
635.900669,2.448860,0.883610,315.266610
636.100668,2.463290,0.854680,315.279510
636.300668,2.338900,0.777810,315.268130
636.500668,2.453310,0.763760,315.260540
636.700668,2.546230,0.666400,315.279250
636.900668,2.524980,0.789380,315.316430
637.100668,2.460980,0.776970,315.324460
637.300668,2.642580,0.872850,315.229930
637.500668,2.685830,0.769380,315.080520
637.700668,2.689190,0.590660,314.968480
637.900668,2.622300,0.587110,314.922880
638.100667,2.586940,0.528980,314.868920
638.300667,2.520260,0.517560,314.843890
638.500667,2.546540,0.556380,314.831800
638.700667,2.590420,0.602940,314.814830
638.900667,2.727340,0.689350,314.799740
639.100667,2.830360,0.590320,314.803350
639.300667,2.919520,0.422890,314.806190
639.500667,2.889970,0.433460,314.820530
639.700667,2.792830,0.475370,314.841950
639.900667,2.728360,0.511000,314.870970
640.100666,2.662860,0.632890,314.901460
640.300666,2.804730,0.692500,314.942260
640.500666,2.885880,0.702710,314.998940
640.700666,2.949190,0.627870,315.041520
640.900666,2.959670,0.504960,315.078640
641.100666,2.873470,0.448030,315.098230
641.300666,2.909940,0.400280,315.155880
641.500666,2.943820,0.448730,315.202310
641.700666,3.002830,0.450160,315.239500
641.900666,3.026520,0.468690,315.272250
642.100665,3.066190,0.496110,315.320730
642.300665,3.058350,0.485690,315.348360
642.500665,3.026480,0.474590,315.375090
642.700665,3.030220,0.476030,315.392870
642.900665,3.044410,0.456180,315.410540
643.100665,3.012430,0.430470,315.426720
643.300665,2.947350,0.475700,315.437730
643.500665,2.971670,0.496770,315.446410
643.700665,2.952990,0.522500,315.451740
643.900664,2.956980,0.558920,315.450320
644.100664,2.972260,0.592100,315.445260
644.300664,2.981470,0.615970,315.441560
644.500664,2.981480,0.628440,315.440620
644.700664,2.990590,0.639680,315.441200
644.900664,2.996290,0.649250,315.439580
645.100664,2.995000,0.649700,315.435200
645.300664,2.985380,0.657330,315.429650
645.500664,2.980480,0.665360,315.426960
645.700664,2.974330,0.667970,315.421490
645.900663,2.970620,0.669790,315.416520
646.100663,2.970860,0.666750,315.411300
646.300663,2.964060,0.676970,315.405910
646.500663,2.956990,0.684230,315.401830
646.700663,2.953180,0.694970,315.398160
646.900663,2.948100,0.679320,315.394020
647.100663,2.944520,0.688150,315.391770
647.300663,2.941680,0.686340,315.386990
647.500663,2.939880,0.681430,315.381350
647.700663,2.939880,0.681430,315.381350
647.900662,2.940290,0.680910,315.377890
648.100662,2.939830,0.678240,315.372590
648.300662,2.935260,0.675750,315.365670
648.500662,2.935270,0.675750,315.365660
648.700662,2.934510,0.675130,315.359760
648.900662,2.938790,0.678040,315.357630
649.100662,2.938790,0.678040,315.357630
649.300662,2.941750,0.676520,315.356450
649.500662,2.936590,0.669990,315.350510
649.700661,2.933540,0.668200,315.342720
649.900661,2.933810,0.669750,315.338390
650.100661,2.934800,0.661000,315.335750
650.300661,2.937830,0.655830,315.330950
650.500661,2.931820,0.650800,315.329960
650.700661,2.929250,0.649220,315.327050
650.900661,2.919560,0.649480,315.325120
651.100661,2.915320,0.646860,315.321070
651.300661,2.915310,0.646860,315.321060
651.500661,2.918660,0.648100,315.317210
651.700660,2.923920,0.647640,315.312960
651.900660,2.923230,0.648670,315.308330
652.100660,2.920340,0.644380,315.301250
652.300660,2.911840,0.640300,315.296170
652.500660,2.910160,0.635880,315.293190
652.700660,2.909800,0.639800,315.287590
652.900660,2.901490,0.634490,315.282620
653.100660,2.902050,0.629780,315.279290
653.300660,2.904770,0.632350,315.277250
653.500660,2.900310,0.631580,315.270960
653.700659,2.893540,0.633670,315.267090
653.900659,2.890750,0.636070,315.265930
654.100659,2.893140,0.631500,315.257740
654.300659,2.893140,0.631500,315.257730
654.500659,2.892960,0.630440,315.254020
654.700659,2.893490,0.629510,315.250660
654.900659,2.891770,0.631550,315.243620
655.100659,2.885130,0.631700,315.239730
655.300659,2.886830,0.627280,315.237420
655.500658,2.884160,0.624390,315.233540
655.700658,2.884170,0.624390,315.233550
655.900658,2.880980,0.625390,315.227010
656.100658,2.875890,0.625900,315.222110
656.300658,2.866410,0.626520,315.217540
656.500658,2.866390,0.621310,315.214740
656.700658,2.862680,0.627430,315.209360
656.900658,2.857700,0.624780,315.203400
657.100658,2.856110,0.622380,315.201720
657.300658,2.855270,0.633430,315.196840
657.500657,2.857730,0.629460,315.194920
657.700657,2.853290,0.633430,315.195120
657.900657,2.853290,0.633430,315.195130
658.100657,2.854630,0.627370,315.187370
658.300657,2.852310,0.630580,315.181410
658.500657,2.848550,0.634450,315.179400
658.700657,2.848550,0.634450,315.179400
658.900657,2.851880,0.637570,315.176740
659.100657,2.850960,0.634620,315.172140
659.300657,2.849480,0.629280,315.165430
659.500656,2.851010,0.630690,315.160350
659.700656,2.852430,0.628980,315.156400
659.900656,2.847120,0.629250,315.153490
660.100656,2.847120,0.629250,315.153480
660.300656,2.847100,0.629290,315.153640
660.500656,2.844640,0.630880,315.149170
660.700656,2.839970,0.630990,315.146220
660.900656,2.838300,0.631790,315.142160
661.100656,2.839830,0.631230,315.140920
661.300655,2.839280,0.633900,315.135970
661.500655,2.843680,0.638250,315.129080
661.700655,2.847510,0.640790,315.127970
661.900655,2.843060,0.640670,315.121990
662.100655,2.840870,0.644740,315.118380
662.300655,2.840870,0.644740,315.118390
662.500655,2.842550,0.645860,315.115890
662.700655,2.844350,0.648810,315.109320
662.900655,2.847280,0.648130,315.105440
663.100655,2.845630,0.647990,315.100660
663.300654,2.843290,0.640930,315.095140
663.500654,2.843490,0.639980,315.089300
663.700654,2.841640,0.644270,315.082710
663.900654,2.840740,0.666140,315.078870
664.100654,2.843240,0.737360,315.077970
664.300654,2.859430,0.798490,315.077910
664.500654,2.877010,0.845080,315.077420
664.700654,2.884850,0.884450,315.073210
664.900654,2.913980,0.912340,315.008230
665.100654,2.947490,0.935900,314.970410
665.300653,2.986320,0.939380,315.003210
665.500653,3.017120,0.889990,315.039490
665.700653,3.075120,0.925920,315.173550
665.900653,3.137230,0.938350,315.306260
666.100653,3.193150,0.971900,315.360470
666.300653,3.189900,1.096580,315.465180
666.500653,3.340250,1.088680,315.504920
666.700653,3.302640,0.926800,315.345990
666.900653,3.268030,0.796930,315.237170
667.100652,3.192870,0.784610,315.218870
667.300652,3.152550,0.735210,315.289070
667.500652,3.240770,0.615760,315.411870
667.700652,3.153440,0.644720,315.452990
667.900652,3.180830,0.691610,315.503070
668.100652,3.205190,0.599880,315.478610
668.300652,3.132050,0.616630,315.487740
668.500652,3.119310,0.619760,315.496390
668.700652,3.111710,0.568100,315.563380
668.900652,3.035480,0.556360,315.574680
669.100651,3.076870,0.458150,315.620690
669.300651,2.967560,0.346700,315.637850
669.500651,2.927260,0.516340,315.664630
669.700651,2.904100,0.662090,315.717350
669.900651,2.954850,0.573620,315.742440
670.100651,2.970620,0.653340,315.789460
670.300651,2.960960,0.718930,315.801050
670.500651,2.974750,0.715690,315.803880
670.700651,2.955670,0.712000,315.770220
670.900651,2.927410,0.677440,315.773830
671.100650,2.870870,0.595260,315.610130
671.300650,2.701120,0.541420,315.456430
671.500650,2.575060,0.686120,315.324830
671.700650,2.640490,0.781720,315.259060
671.900650,2.912880,0.828820,315.228640
672.100650,3.351450,0.664900,315.156000
672.300650,3.037020,0.651770,315.046540
672.500650,3.158340,0.601310,314.898840
672.700650,3.356110,0.940810,314.919070
672.900650,3.240260,0.590220,314.880230
673.100649,3.119280,0.352020,314.845200
673.300649,2.942950,0.529200,314.800420
673.500649,2.819860,0.581560,314.772960
673.700649,2.804340,0.764740,314.759620
673.900649,2.900260,0.796780,314.733920
674.100649,2.904240,0.561820,314.660410
674.300649,2.710070,0.445860,314.635950
674.500649,2.594040,0.664970,314.617960
674.700649,2.604390,0.679160,314.589410
674.900648,2.532570,0.563280,314.583540
675.100648,2.503740,0.634450,314.611700
675.300648,2.607430,0.663010,314.637270
675.500648,2.753130,0.685940,314.674760
675.700648,2.903930,0.579110,314.735450
675.900648,2.963850,0.558080,314.784020
676.100648,2.843830,0.759960,314.800650
676.300648,2.846830,0.792590,314.845660
676.500648,2.962780,0.673110,314.849600
676.700648,2.962790,0.619330,314.853460
676.900647,2.989960,0.691600,314.886490
677.100647,3.165580,0.619620,314.948800
677.300647,3.285530,0.670900,314.972990
677.500647,3.278330,0.700200,314.999610
677.700647,3.305080,0.604000,315.031690
677.900647,3.329920,0.695050,315.071070
678.100647,3.368670,0.645220,315.105900
678.300647,3.366800,0.500780,315.171050
678.500647,3.175900,0.509260,315.255160
678.700647,3.016400,0.621550,315.331150
678.900646,3.071580,0.584250,315.434000
679.100646,3.039850,0.727220,315.530140
679.300646,3.080030,0.639140,315.580600
679.500646,3.169710,0.645910,315.590520
679.700646,3.135290,0.722320,315.639210
679.900646,3.216650,0.575320,315.668880
680.100646,2.979330,0.665720,315.639640
680.300646,2.414170,0.570810,315.647310
680.500646,2.214910,0.548800,315.664280
680.700645,2.377540,0.756670,315.675290
680.900645,2.408130,0.965210,315.668480
681.100645,2.424340,0.839100,315.657610
681.300645,2.614710,0.994880,315.637030
681.500645,2.765180,0.923140,315.584810
681.700645,2.906600,0.921580,315.534710
681.900645,3.082040,0.858250,315.484360
682.100645,2.913100,0.822920,315.413200
682.300645,2.950300,0.635830,315.399140
682.500645,2.808740,0.828810,315.327120
682.700644,2.509610,0.882540,315.245970
682.900644,2.610490,0.956800,315.170480
683.100644,2.651620,1.031920,315.107440
683.300644,2.639560,0.883530,315.044090
683.500644,2.691230,0.867870,314.975910
683.700644,2.699370,0.813380,314.945700
683.900644,2.723420,1.098940,315.022000
684.100644,2.750850,1.092110,315.019170
684.300644,2.745540,0.978860,314.996350
684.500644,2.490410,0.911430,315.003140
684.700643,2.296580,0.983530,315.028330
684.900643,2.351280,1.104380,315.039370
685.100643,2.453670,1.156610,315.040140
685.300643,2.470330,1.020400,315.037700
685.500643,2.528500,0.976730,315.046240
685.700643,2.689540,0.966420,315.093310
685.900643,2.676440,0.895720,315.089970
686.100643,2.578250,1.019970,315.137600
686.300643,2.654090,1.043370,315.141310
686.500642,2.711190,1.030470,315.135920
686.700642,2.813560,1.033440,315.117130
686.900642,2.872840,1.191410,314.933560
687.100642,2.600240,1.031220,314.729470
687.300642,2.577970,1.206540,314.540500
687.500642,2.779800,1.244540,314.386190
687.700642,2.802520,1.280120,314.359190
687.900642,2.755060,1.218890,314.399190
688.100642,3.142020,0.719100,314.534280
688.300642,2.985940,1.400180,314.814610
688.500641,2.759800,1.263370,315.072040
688.700641,2.837080,0.941700,315.220770
688.900641,2.834430,1.130900,315.298680
689.100641,2.760480,1.017560,315.366460
689.300641,2.671490,1.010130,315.419160
689.500641,2.692280,1.094720,315.466200
689.700641,2.705690,1.080460,315.501770
689.900641,2.509920,1.055090,315.525010
690.100641,2.591010,1.147690,315.512370
690.300641,2.823760,1.306870,315.324650
690.500640,2.630480,1.125480,315.223750
690.700640,2.451050,1.069670,315.128240
690.900640,2.319720,1.150390,315.085340
691.100640,2.466060,1.205910,315.104160
691.300640,2.358340,1.246490,315.081450
691.500640,2.171800,1.214700,315.108790
691.700640,2.148950,1.392550,315.081670
691.900640,2.015360,1.306120,315.053920
692.100640,1.948850,1.282950,315.048040
692.300639,1.899070,1.437530,315.072210
692.500639,1.867290,1.508230,315.092370
692.700639,2.035170,1.357760,315.037970
692.900639,2.198410,1.170310,314.970220
693.100639,2.349100,1.251050,314.959110
693.300639,2.626540,1.027840,314.944790
693.500639,2.383930,0.793180,314.909680
693.700639,2.057750,1.401410,314.971580
693.900639,2.271750,1.528450,315.003440
694.100639,2.487750,1.414880,315.017330
694.300638,2.606130,1.340620,315.025340
694.500638,2.802420,1.251210,315.085930
694.700638,2.981790,1.227220,315.186640
694.900638,3.015510,1.934260,315.398640
695.100638,3.224580,1.637570,315.521290
695.300638,3.460080,0.932610,315.655750
695.500638,3.031640,1.966280,315.820410
695.700638,2.784960,1.323780,315.931050
695.900638,2.946700,1.266630,315.985970
696.100638,2.684430,1.428110,316.054390
696.300637,2.479780,1.488400,316.065720
696.500637,2.593330,1.364520,315.974480
696.700637,2.575330,1.202370,315.748900
696.900637,2.554350,1.168650,315.556760
697.100637,2.438290,1.278040,315.419040
697.300637,2.377000,1.389240,315.326990
697.500637,2.483000,1.427530,315.227820
697.700637,2.406630,1.332340,315.094780
697.900637,2.180870,1.312990,314.959300
698.100636,2.213400,1.395840,314.865280
698.300636,2.277200,1.285500,314.827140
698.500636,2.421910,1.387120,314.981830
698.700636,2.667310,1.300980,315.013610
698.900636,2.694000,1.291500,315.036020
699.100636,2.717180,1.244060,315.062010
699.300636,2.772250,1.071140,315.055390
699.500636,2.741910,1.036750,315.080660
699.700636,2.549710,1.174540,315.101430
699.900636,2.328100,1.025290,315.102780
700.100635,2.334960,1.175060,315.113380
700.300635,2.539760,1.223790,315.151080
700.500635,2.799450,1.166540,315.153300
700.700635,2.984850,1.349510,315.176660
700.900635,2.988360,1.147240,315.149650
701.100635,2.799340,0.914260,315.106530
701.300635,2.571500,0.974220,315.067950
701.500635,2.348740,1.082100,315.013960
701.700635,2.257320,1.253120,314.977370
701.900635,2.300210,1.371320,314.946240
702.100634,2.344660,1.307870,314.899720
702.300634,2.383620,1.417970,314.852220
702.500634,2.506840,1.366980,314.800400
702.700634,2.512830,1.283080,314.730330
702.900634,2.366700,1.373800,314.684000
703.100634,2.440460,1.375400,314.672940
703.300634,2.343590,1.504000,314.617680
703.500634,2.166320,1.392810,314.548330
703.700634,2.139380,1.385010,314.408620
703.900634,2.147850,1.504120,314.225950
704.100633,2.350320,1.614980,314.076270
704.300633,2.424800,1.551580,313.863990
704.500633,2.398410,1.503690,313.701030
704.700633,2.464690,1.424310,313.594750
704.900633,2.591640,1.619090,313.484250
705.100633,2.715270,1.493490,313.346070
705.300633,2.646220,1.094060,313.232260
705.500633,2.486090,1.253650,313.172480
705.700633,2.452350,1.287750,313.122150
705.900632,2.325690,1.313190,313.019510
706.100632,2.296280,1.394420,312.952360
706.300632,2.337540,1.110720,312.870600
706.500632,2.062040,0.936480,312.812890
706.700632,2.026920,1.086960,312.951790
706.900632,2.268820,1.344290,313.064320
707.100632,2.208020,1.336970,313.145260
707.300632,2.332460,1.299180,313.155780
707.500632,2.466860,1.153720,313.157730
707.700632,2.498720,1.019920,313.188360
707.900631,2.702210,1.002060,313.238400
708.100631,2.674710,1.105250,313.268750
708.300631,2.546640,1.164550,313.322670
708.500631,2.589210,1.135920,313.317860
708.700631,2.563730,1.039660,313.315200
708.900631,2.538720,1.079120,313.370860
709.100631,2.537880,1.113320,313.400750
709.300631,2.560740,0.977420,313.423490
709.500631,2.471600,1.034800,313.425900
709.700631,2.338540,1.033940,313.458440
709.900630,2.281470,0.914290,313.650600
710.100630,2.285140,0.968200,313.769690
710.300630,2.016840,1.359330,313.911910
710.500630,2.096570,1.062150,314.042340
710.700630,2.366210,1.285160,314.094830
710.900630,2.263980,1.412520,314.108730
711.100630,2.388640,1.213850,314.137320
711.300630,2.667050,1.150510,314.127530
711.500630,2.602100,1.210260,314.142060
711.700629,2.430340,1.204370,314.126630
711.900629,2.424700,1.285260,314.131300
712.100629,2.489320,1.097610,314.108720
712.300629,2.618240,1.219980,314.038810
712.500629,2.562650,1.343190,313.938430
712.700629,2.539370,1.171640,313.878090
712.900629,2.528720,1.156210,313.797430
713.100629,2.442660,1.029740,313.727670
713.300629,2.328840,0.890040,313.660930
713.500629,2.353010,0.818620,313.588730
713.700628,2.372900,0.991670,313.561720
713.900628,2.387760,0.994210,313.503450
714.100628,2.474620,1.061170,313.449450
714.300628,2.413710,0.871070,313.329710
714.500628,2.421460,0.761920,313.100200
714.700628,2.476870,1.035070,312.825350
714.900628,2.540430,0.977580,312.550890
715.100628,2.556980,1.088050,312.294010
715.300628,2.516420,0.992960,312.078560
715.500628,2.481980,0.896340,311.861890
715.700627,2.410340,0.837260,311.661080
715.900627,2.311260,0.758030,311.476060
716.100627,2.239300,0.682050,311.313010
716.300627,2.147840,0.668390,311.166330
716.500627,2.114700,0.769650,311.035760
716.700627,2.131390,0.991030,311.027530
716.900627,2.100850,1.110300,311.317180
717.100627,2.268030,0.911650,311.647950
717.300627,2.149930,0.994830,311.949440
717.500626,2.100950,1.002950,312.244250
717.700626,2.045510,1.024870,312.510230
717.900626,2.172990,0.950140,312.716870
718.100626,2.204710,1.088360,312.797120
718.300626,2.239810,1.361040,312.850270
718.500626,2.351020,1.407010,312.842510
718.700626,2.465300,1.275130,312.844650
718.900626,2.496610,1.298210,312.810490
719.100626,2.698770,1.153770,312.814430
719.300626,2.516720,1.154870,312.836200
719.500625,2.551190,1.089240,312.853980
719.700625,2.291520,1.148390,312.896030
719.900625,2.380700,1.275390,312.946210
720.100625,1.959110,1.264940,313.042880
720.300625,2.285060,1.193730,313.309500
720.500625,1.900510,1.276090,313.563400
720.700625,1.923410,1.420900,313.919090
720.900625,1.781380,1.287590,314.353050
721.100625,1.811440,1.035570,315.023240
721.300625,1.777530,1.043930,315.800300
721.500624,1.846020,0.957420,316.708450
721.700624,2.138650,1.001560,317.610420
721.900624,2.088850,0.929610,318.596710
722.100624,2.125580,1.169050,319.731350
722.300624,2.359380,1.087480,320.830660
722.500624,2.603490,1.024150,321.826030
722.700624,2.681440,1.067910,322.716500
722.900624,2.694730,1.026870,323.520470
723.100624,2.754320,1.112440,324.242780
723.300623,2.764360,1.322750,324.910290
723.500623,2.743810,1.502420,325.539990
723.700623,2.814830,1.618410,326.119140
723.900623,2.937610,1.707540,326.658560
724.100623,2.925670,1.786250,327.197140
724.300623,2.951860,1.893030,327.867500
724.500623,3.032330,1.952360,328.666110
724.700623,3.071740,2.014560,329.589070
724.900623,3.125580,2.090660,330.738550
725.100623,3.232110,2.124710,332.183850
725.300622,3.259390,2.110140,333.896050
725.500622,3.215370,2.116010,335.857460
725.700622,3.247250,2.014390,338.126020
725.900622,3.240770,1.827500,340.689410
726.100622,3.266170,1.587820,343.404700
726.300622,3.348370,1.306060,346.111000
726.500622,3.410580,1.128210,348.812060
726.700622,3.412360,0.976940,351.590860
726.900622,3.324340,0.857170,354.548260
727.100622,3.190390,0.707010,357.659680
727.300621,3.100660,0.581660,0.896240
727.500621,3.223840,0.434290,4.258680
727.700621,3.117300,0.133660,7.572770
727.900621,3.183310,0.161430,10.682530
728.100621,2.969970,0.051610,13.631980
728.300621,2.795590,0.123350,16.677870
728.500621,2.998790,0.178880,19.584890
728.700621,2.861740,0.080980,21.841910
728.900621,2.798980,-0.021020,23.790380
729.100621,2.800870,-0.052480,25.450230
729.300620,2.751330,-0.012300,27.121690
729.500620,2.738730,-0.074590,28.650180
729.700620,2.611730,-0.151440,30.178160
729.900620,2.704540,-0.304730,31.481180
730.100620,2.783550,-0.461060,32.515800
730.300620,2.789320,-0.421220,33.334130
730.500620,2.781650,-0.325060,33.918840
730.700620,2.903750,-0.615300,34.455520
730.900620,2.513320,-0.436120,34.651420
731.100619,2.596480,-0.353450,35.009300
731.300619,2.326290,-0.338140,35.005930
731.500619,2.487730,-0.126090,35.004230
731.700619,2.695130,-0.417220,34.896960
731.900619,2.781540,-0.478500,34.842420
732.100619,2.808690,-0.535710,34.793660
732.300619,2.826640,-0.361470,34.758180
732.500619,2.777060,-0.425790,34.838680
732.700619,2.798150,-0.752160,34.996970
732.900619,2.805780,-0.444120,35.229210
733.100618,2.764240,-0.292440,35.469050
733.300618,2.840900,-0.387760,35.687210
733.500618,2.950390,-0.406530,35.811160
733.700618,2.953030,-0.337670,35.908180
733.900618,2.940230,-0.385410,36.001460
734.100618,2.996780,-0.463930,36.056790
734.300618,3.130460,-0.525910,36.054310
734.500618,3.312660,-0.375530,36.065060
734.700618,3.401920,-0.395960,36.073530
734.900618,3.239130,-0.147080,36.087800
735.100617,3.192920,-0.286100,36.079600
735.300617,3.243650,-0.158980,36.014850
735.500617,3.164850,-0.368380,35.903250
735.700617,3.141230,-0.343460,35.815960
735.900617,3.126720,-0.267450,35.740620
736.100617,3.115740,-0.274060,35.747540
736.300617,2.886900,-0.175150,35.728500
736.500617,2.939480,-0.163870,35.779630
736.700617,3.033860,-0.201080,35.786930
736.900616,3.253170,-0.173990,35.771280
737.100616,3.155440,-0.131200,35.775070
737.300616,3.477080,-0.290890,35.730550
737.500616,3.387300,-0.002220,35.827990
737.700616,2.835810,-0.081740,35.921200
737.900616,2.833470,0.016130,35.991580
738.100616,2.887200,-0.140290,36.047930
738.300616,2.927300,-0.171380,36.107180
738.500616,2.678570,-0.081190,36.128780
738.700616,2.567600,-0.322090,36.146760
738.900615,2.725070,-0.296990,36.127280
739.100615,2.890000,-0.165410,36.125230
739.300615,2.887820,-0.215500,36.112740
739.500615,2.835400,-0.141140,36.129610
739.700615,2.751940,-0.235450,36.128770
739.900615,2.724250,-0.296760,36.099110
740.100615,3.236630,-0.329820,36.157930
740.300615,3.080210,-0.107480,36.073580
740.500615,2.689000,0.255110,36.013440
740.700615,2.773040,-0.265190,35.923420
740.900614,3.018260,-0.159780,35.800230
741.100614,3.044390,-0.234040,35.683180
741.300614,3.079220,-0.192500,35.577170
741.500614,2.959870,-0.114370,35.509200
741.700614,2.814280,-0.182350,35.456830
741.900614,2.715050,-0.196360,35.522700
742.100614,2.657730,-0.202250,35.629330
742.300614,2.577710,-0.214520,35.754080
742.500614,2.594570,-0.237960,35.872840
742.700613,2.796330,-0.270160,35.977380
742.900613,2.875420,-0.158480,36.104380
743.100613,2.855750,-0.644350,36.184760
743.300613,2.825240,0.165450,36.258040
743.500613,2.810320,-0.049980,36.310290
743.700613,2.904060,-0.295330,36.285760
743.900613,2.822510,-0.356340,36.301070
744.100613,2.868660,-0.520210,36.328440
744.300613,2.951400,-0.544080,36.346360
744.500613,2.718880,-0.626670,36.382060
744.700612,2.249170,-0.688880,36.356710
744.900612,2.342190,-0.382940,36.384570
745.100612,2.577730,-0.577890,36.518030
745.300612,2.651940,-0.552860,36.602940
745.500612,2.748080,-0.532880,36.714560
745.700612,2.734870,-0.686700,36.788910
745.900612,2.776500,-0.630210,36.945260
746.100612,3.031040,-0.635010,37.078580
746.300612,3.719020,-1.199140,37.285350
746.500612,3.765290,-0.860810,37.401820
746.700611,3.505810,-0.498870,37.678900
746.900611,4.129810,-1.153680,37.699560
747.100611,3.978110,-0.391020,37.823630
747.300611,3.552360,-0.804990,38.109880
747.500611,3.968440,-0.801120,38.338940
747.700611,4.294010,-0.748180,38.591900
747.900611,4.533810,-0.479510,38.923170
748.100611,4.473750,-0.232820,39.348880
748.300611,4.475870,-0.170040,39.683850
748.500611,4.468590,0.101570,39.914910
748.700610,4.199640,0.196300,40.100350
748.900610,3.931080,0.067160,40.262520
749.100610,3.727750,0.067840,40.411910
749.300610,3.413680,0.087310,40.706000
749.500610,3.289660,0.119200,41.091600
749.700610,3.301800,0.149960,41.645410
749.900610,3.302590,0.124920,42.232020
750.100610,3.223610,0.175560,42.830670
750.300610,3.293440,0.146100,43.421310
750.500609,3.178180,0.268140,43.961570
750.700609,2.943740,0.190520,44.260670
750.900609,2.794510,0.309400,44.516940
751.100609,3.011810,0.269190,44.708310
751.300609,3.207150,0.243620,44.809680
751.500609,3.277310,0.054140,44.972550
751.700609,2.975760,0.457090,45.066930
751.900609,2.737600,0.742680,45.198830
752.100609,2.406870,0.762600,45.250760
752.300609,2.544850,1.019270,45.272110
752.500608,2.704180,1.318150,45.147870
752.700608,2.569190,1.007130,45.005850
752.900608,2.688420,1.251510,44.887640
753.100608,2.882140,1.320740,44.781190
753.300608,2.882630,1.544390,44.596080
753.500608,2.795220,1.537220,44.496410
753.700608,2.721870,1.697450,44.413460
753.900608,2.491930,1.728680,44.328010
754.100608,2.242100,1.905520,44.254950
754.300608,1.962020,1.891770,44.176740
754.500607,1.632580,1.943820,44.189810
754.700607,1.452910,2.034950,44.209360
754.900607,1.285630,1.970670,44.240760
755.100607,1.050810,2.049930,44.228080
755.300607,0.909360,2.000930,44.278430
755.500607,0.764060,2.062650,44.434360
755.700607,0.584860,2.017620,44.469830
755.900607,0.491530,2.096010,44.465580
756.100607,0.374320,2.068080,44.382770
756.300606,0.495710,1.980700,44.260090
756.500606,0.648370,2.036020,44.034840
756.700606,0.665400,1.936170,43.800550
756.900606,0.692140,1.839330,43.592530
757.100606,0.612650,1.863160,43.413060
757.300606,0.512920,1.931830,43.239520
757.500606,0.520780,1.877650,43.072360
757.700606,0.535900,1.871470,42.889090
757.900606,0.629520,1.901820,42.796830
758.100606,0.641860,1.760120,42.645110
758.300605,0.507980,1.738340,42.543500
758.500605,0.393310,1.795410,42.515490
758.700605,0.334550,1.743710,42.483560
758.900605,0.332980,1.774930,42.431050
759.100605,0.294170,1.795730,42.393730
759.300605,0.101910,1.908990,42.352790
759.500605,0.093040,1.655430,42.312360
759.700605,0.156780,1.669690,42.264490
759.900605,0.173190,1.622520,42.209840
760.100605,0.185900,1.583210,42.128470
760.300604,0.262010,1.413420,42.050520
760.500604,0.436520,1.273060,41.979810
760.700604,0.538670,1.187710,41.932960
760.900604,0.657020,1.073300,41.905240
761.100604,0.800310,1.121850,41.836930
761.300604,0.672530,0.942300,41.742480
761.500604,0.686360,0.992170,41.688000
761.700604,0.710880,0.893680,41.594650
761.900604,0.733440,0.840630,41.517020
762.100603,0.697170,0.812760,41.411930
762.300603,0.643180,0.857200,41.302910
762.500603,0.662250,0.854630,41.003020
762.700603,0.645480,0.840960,40.708020
762.900603,0.735200,0.772360,40.419240
763.100603,0.848860,0.768260,40.139490
763.300603,0.959990,0.723460,39.855670
763.500603,1.109660,0.782470,39.593070
763.700603,1.289640,0.737200,39.361860
763.900603,1.610080,0.824710,39.214100
764.100602,1.838590,0.803520,39.129240
764.300602,1.904800,0.758010,39.115220
764.500602,2.076530,0.748680,39.153310
764.700602,2.333400,0.689210,39.195270
764.900602,2.520510,0.762120,39.286530
765.100602,2.763640,0.619780,39.357320
765.300602,2.868890,0.667460,39.414750
765.500602,2.890370,0.760450,39.490130
765.700602,3.043870,0.718260,39.560260
765.900602,3.062740,0.400920,39.561270
766.100601,3.034290,0.529210,39.587450
766.300601,3.178530,0.450640,39.587380
766.500601,3.173120,0.431400,39.576900
766.700601,3.133570,0.541980,39.575550
766.900601,3.154780,0.480970,39.562780
767.100601,3.223810,0.462440,39.550760
767.300601,3.238790,0.451260,39.525040
767.500601,3.375720,0.469040,39.537050
767.700601,3.563970,0.488760,39.540700
767.900600,3.630720,0.553470,39.585020
768.100600,3.701050,0.488200,39.629370
768.300600,3.589800,0.391410,39.662170
768.500600,3.477640,0.421400,39.687480
768.700600,3.451060,0.429180,39.587600
768.900600,3.409470,0.486080,39.501000
769.100600,3.455490,0.351420,39.437040
769.300600,3.626650,0.362230,39.075930
769.500600,3.757020,0.337880,38.882170
769.700600,4.265910,0.268340,38.866640
769.900599,4.700690,0.462580,38.835830
770.100599,4.884910,0.568940,38.951540
770.300599,4.980530,0.641140,39.071960
770.500599,4.751860,0.639990,39.182400
770.700599,4.495920,0.703110,39.320300
770.900599,4.386290,0.562520,39.435360
771.100599,4.335520,0.392850,39.551110
771.300599,4.379280,0.436730,39.670620
771.500599,4.250090,0.593630,39.771370
771.700599,3.973500,0.713810,39.844170
771.900598,3.673550,0.777910,39.876380
772.100598,3.200880,0.331610,39.885260
772.300598,3.074430,0.294710,39.829940
772.500598,3.052150,0.289320,39.720930
772.700598,2.780260,0.171940,39.615240
772.900598,2.696100,0.330230,39.549130
773.100598,2.824680,0.288020,39.468680
773.300598,2.893580,0.311030,39.344200
773.500598,2.875310,0.240170,39.224120
773.700598,2.900050,0.283300,39.121650
773.900597,2.925000,0.297840,39.042060
774.100597,2.842200,0.246830,38.945390
774.300597,2.792010,0.265710,38.888030
774.500597,2.721450,0.285770,38.853870
774.700597,2.708900,0.428070,38.880940
774.900597,2.753280,0.329590,38.975310
775.100597,2.744680,0.350470,39.051270
775.300597,2.755680,0.334640,39.127290
775.500597,2.773970,0.421820,39.113750
775.700596,2.738890,0.307260,39.101690
775.900596,2.682180,0.306900,39.092030
776.100596,2.661930,0.200920,39.178280
776.300596,2.632690,0.319120,39.238570
776.500596,2.813070,0.324050,39.355230
776.700596,2.922210,0.431940,39.426460
776.900596,2.978160,0.417260,39.490980
777.100596,3.036820,0.485400,39.462990
777.300596,2.940320,0.413330,39.425220
777.500596,2.870000,0.396090,39.423640
777.700595,2.899980,0.363000,39.425950
777.900595,2.967750,0.304730,39.412730
778.100595,2.975710,0.339990,39.384290
778.300595,2.997630,0.393230,39.401970
778.500595,3.003710,0.376800,39.394740
778.700595,2.985170,0.361540,39.325020
778.900595,2.880270,0.247690,39.251170
779.100595,2.779840,0.250560,39.184100
779.300595,2.662530,0.193720,39.125310
779.500595,2.580390,0.066620,39.038510
779.700594,2.632890,-0.102610,38.955700
779.900594,2.877760,-0.120600,38.905280
780.100594,2.899030,-0.239270,38.879080
780.300594,2.985850,-0.023330,38.882150
780.500594,3.204820,-0.442220,38.854560
780.700594,3.134140,-0.449960,38.852980
780.900594,3.024940,-0.152070,38.901010
781.100594,3.063490,-0.151170,38.952870
781.300594,2.964410,-0.074560,38.996540
781.500593,3.018160,-0.187450,39.064500
781.700593,3.051700,-0.259990,39.099060
781.900593,2.943970,-0.177170,39.073810
782.100593,2.918720,-0.202960,39.045160
782.300593,3.011590,-0.200450,38.973540
782.500593,3.063790,-0.269870,38.867260
782.700593,3.191610,-0.229630,38.799850
782.900593,3.234670,-0.157490,38.728910
783.100593,3.329200,-0.229640,38.662140
783.300593,3.394630,-0.224560,38.599290
783.500592,3.364670,-0.229750,38.549080
783.700592,3.374190,-0.215210,38.523420
783.900592,3.476850,-0.277290,38.543320
784.100592,3.505550,-0.335450,38.554670
784.300592,3.546960,-0.315040,38.559480
784.500592,3.582330,-0.339990,38.561300
784.700592,3.648210,-0.373900,38.610640
784.900592,3.585540,-0.383120,38.662980
785.100592,3.508860,-0.319880,38.730050
785.300592,3.415120,-0.226600,38.841460
785.500591,3.462800,-0.239780,38.957010
785.700591,3.304460,-0.009570,39.091760
785.900591,3.249900,0.169080,39.275530
786.100591,3.038550,0.198630,39.512220
786.300591,2.883400,0.212560,39.983540
786.500591,2.748490,0.147940,40.576460
786.700591,2.647370,0.029210,41.316230
786.900591,2.551700,0.000280,42.420330
787.100591,2.623260,-0.102150,44.011590
787.300590,2.389360,-0.171150,45.979640
787.500590,2.540320,-0.192820,48.383980
787.700590,2.539960,-0.457860,50.910040
787.900590,2.437520,-0.726640,53.654240
788.100590,2.571420,-0.644840,56.728630
788.300590,2.094010,-0.470800,60.054750
788.500590,2.181320,-0.814870,63.625560
788.700590,2.382580,-0.930760,67.540930
788.900590,2.843560,-1.197480,71.392880
789.100590,3.263800,-1.802260,75.275850
789.300589,3.937520,-2.397010,79.223480
789.500589,4.338480,-2.958430,83.280440
789.700589,4.898620,-2.791250,87.450680
789.900589,5.139450,-2.613990,92.096130
790.100589,4.851020,-2.735810,97.097610
790.300589,5.239200,-2.787420,102.186420
790.500589,4.745240,-2.427560,107.542550
790.700589,4.378940,-2.181920,112.686050
790.900589,4.224120,-1.950280,117.434050
791.100589,3.975440,-2.127650,121.495360
791.300588,3.831230,-2.508860,124.549210
791.500588,3.793820,-2.484280,126.389430
791.700588,3.552640,-2.301550,127.255860
791.900588,3.269680,-2.209450,127.449900
792.100588,3.310910,-2.342610,127.332120
792.300588,3.434280,-2.394370,126.978490
792.500588,3.572310,-2.251080,126.567280
792.700588,3.472300,-2.170810,126.221730
792.900588,3.221170,-2.132130,125.916400
793.100588,3.202290,-2.058100,125.692530
793.300587,3.045550,-2.080380,125.462720
793.500587,2.929620,-1.878280,125.277980
793.700587,2.853240,-1.693500,125.116020
793.900587,3.038660,-1.989960,124.974640
794.100587,3.166420,-1.856920,124.861620
794.300587,3.009190,-1.867800,124.774730
794.500587,2.958490,-1.507930,124.722230
794.700587,3.057560,-1.497390,124.621530
794.900587,2.871420,-1.475240,124.555580
795.100586,2.619550,-1.306250,124.502330
795.300586,2.793700,-1.617350,124.470470
795.500586,2.914090,-1.560670,124.515360
795.700586,2.752630,-1.467740,124.727670
795.900586,2.772320,-1.459040,125.059640
796.100586,2.844380,-1.382190,125.410240
796.300586,2.815720,-1.421180,125.830610
796.500586,2.742360,-1.346960,126.408410
796.700586,2.769140,-1.378390,126.961030
796.900586,2.813290,-1.370460,127.409420
797.100585,2.624040,-1.360040,127.753020
797.300585,2.628710,-1.317820,128.138380
797.500585,2.708820,-1.157270,128.512260
797.700585,2.665820,-1.261110,128.869390
797.900585,2.687730,-1.258320,129.267820
798.100585,2.910360,-1.296420,129.686390
798.300585,3.053270,-1.458960,130.166360
798.500585,3.218350,-1.185990,130.728290
798.700585,3.232960,-1.344570,131.249670
798.900585,3.108740,-1.326070,131.929490
799.100584,3.097100,-1.239970,132.610910
799.300584,3.228720,-1.562450,133.203470
799.500584,3.333460,-1.193530,133.723850
799.700584,3.269410,-1.101520,134.145450
799.900584,3.206090,-1.100360,134.526030
800.100584,3.226680,-1.128630,134.695630
800.300584,3.147770,-1.068840,134.810180
800.500584,3.105370,-1.152510,134.904010
800.700584,3.014320,-1.250900,134.986370
800.900583,2.975220,-1.263290,135.060610
801.100583,3.026470,-1.254660,135.165760
801.300583,3.036360,-1.201570,135.286390
801.500583,3.048280,-1.182130,135.415890
801.700583,3.022970,-1.234190,135.539670
801.900583,3.003680,-1.139670,135.627410
802.100583,2.920020,-1.110780,135.681120
802.300583,2.869740,-1.034830,135.719070
802.500583,2.883660,-1.230340,135.713770
802.700583,2.952190,-1.038820,135.657080
802.900582,3.005770,-1.202680,135.618210
803.100582,3.032590,-1.123080,135.594320
803.300582,2.966360,-1.152560,135.565690
803.500582,3.004400,-1.185880,135.534190
803.700582,3.061660,-1.223780,135.501840
803.900582,3.010380,-1.230180,135.487020
804.100582,2.931870,-1.234210,135.476450
804.300582,2.836270,-1.385340,135.425750
804.500582,2.901030,-1.386050,135.409370
804.700582,3.011240,-1.379540,135.375410
804.900581,3.060470,-1.284050,135.349280
805.100581,3.052320,-1.035300,135.300770
805.300581,2.987390,-1.060610,135.278180
805.500581,2.989180,-1.050100,135.274410
805.700581,2.960010,-1.147420,135.404680
805.900581,3.028950,-0.947660,135.624360
806.100581,2.946040,-1.120090,135.816580
806.300581,2.965420,-1.181670,136.026950
806.500581,3.228640,-1.245060,136.175680
806.700580,3.105510,-1.243280,136.313400
806.900580,2.892150,-1.317340,136.470840
807.100580,2.858700,-1.129410,136.602720
807.300580,2.767510,-0.944300,136.684050
807.500580,2.627250,-0.956620,136.741190
807.700580,2.661420,-1.152510,136.789580
807.900580,2.636300,-1.072990,136.827360
808.100580,2.698540,-1.127300,136.770540
808.300580,2.738600,-1.168130,136.684200
808.500580,2.754680,-1.121400,136.625450
808.700579,2.815440,-1.195440,136.572360
808.900579,2.718330,-1.041040,136.548570
809.100579,2.866440,-1.100450,136.543950
809.300579,3.005420,-1.245740,136.492520
809.500579,3.193960,-1.414630,136.474690
809.700579,3.251890,-1.007990,136.469640
809.900579,2.668440,-0.726990,136.420800
810.100579,2.360190,-1.097430,136.337460
810.300579,2.620200,-1.386910,136.200800
810.500579,2.731260,-0.834260,136.043560
810.700578,2.749870,-0.981710,135.936860
810.900578,3.115270,-1.305280,135.844910
811.100578,3.629780,-1.270050,135.764240
811.300578,3.774710,-0.677160,135.732950
811.500578,3.108860,-0.424530,135.687450
811.700578,2.956320,-0.795740,135.553600
811.900578,3.019700,-0.850770,135.381030
812.100578,2.778580,-0.731120,135.237280
812.300578,2.702950,-0.569110,135.074700
812.500578,2.667740,-1.113290,134.858600
812.700577,2.989770,-1.039700,134.707490
812.900577,3.560050,-1.372270,134.561870
813.100577,3.577760,-0.838760,134.413830
813.300577,3.531570,-0.656440,134.317910
813.500577,3.603850,-0.814220,134.170940
813.700577,3.313130,-0.408980,134.105980
813.900577,2.783980,-0.315810,134.014080
814.100577,2.831300,-0.331070,133.915740
814.300577,3.009750,-0.352510,133.770060
814.500576,2.936840,-0.309940,133.679830
814.700576,3.081900,-0.337730,133.618550
814.900576,2.994970,-0.356010,133.596220
815.100576,2.777290,-0.196080,133.637940
815.300576,2.806770,-0.421120,133.645260
815.500576,2.775250,-0.323610,133.706140
815.700576,2.817970,-0.313570,133.772030
815.900576,2.886690,-0.335160,133.883620
816.100576,2.863990,-0.453750,134.013240
816.300576,2.941400,-0.360900,134.126120
816.500575,2.959810,-0.269830,134.232100
816.700575,2.931180,-0.454750,134.297580
816.900575,2.850740,-0.307800,134.372910
817.100575,2.840420,-0.311740,134.457980
817.300575,2.784290,-0.361840,134.554740
817.500575,2.783790,-0.398490,134.630540
817.700575,2.979050,-0.469650,134.674050
817.900575,3.032110,-0.353110,134.735540
818.100575,2.896490,-0.264490,134.821210
818.300575,2.809970,-0.365070,134.927650
818.500574,2.828730,-0.428300,135.034630
818.700574,2.809870,-0.237400,135.156740
818.900574,2.769040,-0.183250,135.230460
819.100574,2.776710,-0.174980,135.288230
819.300574,2.778070,-0.314170,135.316680
819.500574,2.753970,-0.336960,135.357070
819.700574,2.677490,-0.324980,135.402590
819.900574,2.712620,-0.426610,135.458100
820.100574,2.751230,-0.495340,135.471120
820.300573,2.806030,-0.341060,135.468690
820.500573,2.947620,-0.393960,135.493900
820.700573,3.216880,-0.487890,135.503840
820.900573,3.172700,-0.512330,135.519760
821.100573,2.914500,-0.388440,135.523670
821.300573,2.898380,-0.245630,135.361510
821.500573,2.847360,-0.203280,135.282700
821.700573,2.819320,-0.246250,135.204710
821.900573,2.880880,-0.201180,135.150460
822.100573,2.753660,-0.348820,135.112170
822.300572,2.727510,-0.436520,135.197230
822.500572,2.780390,-0.500850,135.236050
822.700572,2.741410,-0.262680,135.263970
822.900572,2.465560,-0.260740,135.280840
823.100572,2.280880,-0.370580,135.294460
823.300572,2.445540,-0.413280,135.306500
823.500572,2.601740,-0.490670,135.327920
823.700572,2.681510,-0.691670,135.328410
823.900572,2.927570,-0.676250,135.344710
824.100572,2.937490,-0.771320,135.339840
824.300571,2.798270,-0.756800,135.298140
824.500571,2.867480,-0.814860,135.230970
824.700571,2.879860,-0.847090,135.159140
824.900571,2.743970,-0.838610,135.104820
825.100571,2.673430,-0.736850,135.081090
825.300571,2.657430,-0.761930,135.071200
825.500571,2.704920,-0.580690,135.079130
825.700571,2.766230,-0.596790,135.076500
825.900571,2.827440,-0.642680,135.065420
826.100570,2.977910,-0.710420,135.058470
826.300570,2.933290,-0.732470,135.136480
826.500570,2.805430,-0.852120,135.208050
826.700570,2.675850,-0.761850,135.251540
826.900570,2.554350,-0.787860,135.285260
827.100570,2.540060,-0.674120,135.297780
827.300570,2.607620,-0.690910,135.299860
827.500570,2.782240,-0.830250,135.295160
827.700570,2.860640,-0.762430,135.283170
827.900570,2.847890,-0.876320,135.297300
828.100569,2.767070,-0.626690,135.321870
828.300569,2.846460,-0.630810,135.319330
828.500569,3.044960,-0.606720,135.297880
828.700569,3.033960,-0.612370,135.262180
828.900569,2.870670,-0.642460,135.215660
829.100569,2.818440,-0.423630,135.205790
829.300569,2.733180,-0.336600,135.196440
829.500569,2.677210,-0.356520,135.188490
829.700569,2.678790,-0.222540,135.190590
829.900569,2.838000,-0.233370,135.207670
830.100568,3.048990,-0.224890,135.250070
830.300568,3.006440,-0.130360,135.278250
830.500568,2.734260,-0.015880,135.300610
830.700568,2.454370,-0.161710,135.263250
830.900568,2.418200,-0.383690,135.179250
831.100568,2.386320,-0.318970,135.114260
831.300568,2.261830,-0.442400,135.106580
831.500568,2.451840,-0.312450,135.125060
831.700568,2.585920,-0.231880,135.140610
831.900567,2.687600,-0.341670,135.179200
832.100567,2.630410,-0.297110,135.198840
832.300567,2.515910,-0.304830,135.297620
832.500567,2.908400,-0.319300,135.355530
832.700567,3.177000,-0.702950,135.372520
832.900567,2.990500,-0.416810,135.439810
833.100567,2.745900,-0.284890,135.494700
833.300567,2.664170,-0.304050,135.564620
833.500567,2.677530,-0.225330,135.598000
833.700567,2.688740,-0.224690,135.628920
833.900566,2.782660,-0.290750,135.669210
834.100566,2.786620,-0.483870,135.754630
834.300566,2.837600,-0.280230,135.959450
834.500566,3.026170,-0.228400,136.123690
834.700566,3.195480,-0.225060,136.258270
834.900566,3.236080,-0.029110,136.371560
835.100566,3.203850,-0.201440,136.470420
835.300566,3.240200,-0.331720,136.537890
835.500566,3.127840,-0.387560,136.569610
835.700566,3.025360,-0.357580,136.634480
835.900565,3.018840,-0.311300,136.645170
836.100565,2.736500,-0.323090,136.628220
836.300565,2.769330,-0.383730,136.576640
836.500565,2.982870,-0.374920,136.512530
836.700565,2.927800,-0.249910,136.501410
836.900565,2.887370,-0.222160,136.481280
837.100565,2.983480,-0.478260,136.435270
837.300565,3.006970,-0.272160,136.386610
837.500565,2.841010,-0.239990,136.327720
837.700565,2.846530,-0.287690,136.170310
837.900564,2.767100,-0.503000,135.993640
838.100564,2.727780,-0.420340,135.825290
838.300564,2.617010,-0.364230,135.699820
838.500564,2.597510,-0.257520,135.580890
838.700564,2.715710,-0.284780,135.483950
838.900564,2.782580,-0.405450,135.362560
839.100564,2.699720,-0.335500,135.259170
839.300564,2.762660,-0.407320,135.228650
839.500564,2.965550,-0.272920,135.187710
839.700563,2.848170,0.028900,135.178300
839.900563,2.557460,0.211710,135.197380
840.100563,2.674370,-0.292150,135.203270
840.300563,2.507610,0.076320,135.221030
840.500563,2.111450,0.167470,135.275010
840.700563,2.011930,-0.054590,135.270230
840.900563,2.056000,-0.512180,135.280670
841.100563,2.285500,-0.630220,135.309600
841.300563,2.668400,-0.743070,135.313150
841.500563,3.002880,-0.683680,135.324310
841.700562,3.114050,-0.698570,135.274380
841.900562,2.807050,-0.070690,135.275160
842.100562,2.522040,-0.250220,135.220720
842.300562,2.519150,-0.322950,135.004290
842.500562,2.546810,-0.287330,134.730140
842.700562,2.649780,-0.363960,134.493130
842.900562,2.536360,-0.173690,134.269770
843.100562,2.360360,-0.495310,134.125310
843.300562,2.459840,-0.400210,133.989360
843.500562,2.644910,-0.393940,133.890550
843.700561,2.726800,-0.348790,133.844960
843.900561,2.646400,-0.433400,133.831300
844.100561,2.504020,-0.702100,133.845020
844.300561,2.440680,-0.593860,133.856750
844.500561,2.533850,-0.419640,133.862870
844.700561,2.677590,-0.538840,133.850320
844.900561,2.811100,-0.497520,133.852510
845.100561,2.915590,-0.643220,133.868550
845.300561,2.806730,-0.497920,133.936120
845.500560,2.739830,-0.885630,133.977600
845.700560,2.704030,-0.659210,134.070410
845.900560,2.561510,-0.429480,134.115740
846.100560,2.495320,-0.408420,134.152250
846.300560,2.516210,-0.417010,134.165350
846.500560,2.578530,-0.304140,134.165240
846.700560,2.631290,-0.364650,134.186030
846.900560,2.693600,-0.541080,134.181780
847.100560,2.465900,-0.266550,134.198970
847.300560,2.335600,-0.498130,134.270020
847.500559,2.525850,-0.854280,134.276480
847.700559,2.376140,-0.689600,134.365220
847.900559,2.352660,-0.677380,134.462760
848.100559,2.464230,-0.589730,134.527350
848.300559,2.437030,-0.290900,134.646810
848.500559,2.404560,-0.797980,134.741630
848.700559,2.451750,-0.646750,134.854370
848.900559,2.419760,-0.479620,134.990360
849.100559,2.292580,-0.319950,135.070280
849.300559,2.414280,-0.245220,135.150990
849.500558,2.667180,-0.228600,135.180600
849.700558,2.707860,-0.251780,135.154290
849.900558,2.635590,-0.364530,135.155180
850.100558,2.603370,-0.255000,135.127780
850.300558,2.533710,-0.297620,135.117860
850.500558,2.502420,-0.233220,135.133330
850.700558,2.561130,-0.300900,135.159140
850.900558,2.503580,-0.402300,135.202800
851.100558,2.459480,-0.507870,135.239290
851.300558,2.426940,-0.339150,135.264110
851.500557,2.416650,-0.215480,135.263040
851.700557,2.654160,-0.304350,135.236540
851.900557,2.671560,-0.444450,135.171960
852.100557,2.504250,-0.306550,135.145960
852.300557,2.425640,-0.219910,135.141580
852.500557,2.439810,-0.011930,135.143110
852.700557,2.388860,-0.249650,135.185440
852.900557,2.378880,-0.399910,135.192370
853.100557,2.408750,-0.301940,135.212830
853.300556,2.359180,-0.277720,135.216600
853.500556,2.296300,-0.258320,135.211070
853.700556,2.362490,-0.233470,135.198020
853.900556,2.507720,-0.268140,135.161920
854.100556,2.643860,-0.291650,135.108980
854.300556,2.665480,-0.201800,135.072070
854.500556,2.629560,-0.216890,135.042460
854.700556,2.726000,-0.265040,134.927400
854.900556,2.728240,-0.310850,134.763910
855.100556,2.686820,-0.362710,134.577620
855.300555,2.644540,-0.464770,134.439060
855.500555,2.378170,-0.257590,134.472110
855.700555,2.234150,-0.077870,134.620350
855.900555,2.106770,-0.431300,134.726740
856.100555,2.034490,-0.391340,134.851280
856.300555,2.109130,0.079880,134.913720
856.500555,2.180580,-0.174890,135.000480
856.700555,2.248840,-0.290630,135.092030
856.900555,2.314200,-0.309650,135.190950
857.100555,2.329830,-0.416060,135.280580
857.300554,2.253800,-0.404190,135.366210
857.500554,2.275410,-0.441680,135.412230
857.700554,2.365480,-0.411520,135.438940
857.900554,2.434210,-0.352520,135.479180
858.100554,2.337570,-0.424710,135.509810
858.300554,2.492140,-0.516630,135.527920
858.500554,2.747880,-0.508120,135.500630
858.700554,2.668010,-0.577680,135.441520
858.900554,2.584200,-0.587120,135.417240
859.100553,2.562180,-0.616060,135.375570
859.300553,2.438620,-0.582920,135.336180
859.500553,2.348100,-0.565000,135.302350
859.700553,2.295850,-0.715610,135.282500
859.900553,2.350940,-0.668800,135.313720
860.100553,2.344030,-0.631450,135.304340
860.300553,2.215490,-0.928460,135.325200
860.500553,2.229700,-0.897310,135.310170
860.700553,2.268220,-0.875830,135.294380
860.900553,2.337810,-0.991780,135.272840
861.100552,2.361790,-0.793610,135.253480
861.300552,2.324780,-0.944770,135.245940
861.500552,2.596730,-1.101900,135.234170
861.700552,2.969880,-1.028870,135.200480
861.900552,2.832840,-0.902460,135.170550
862.100552,2.553320,-1.094890,135.187690
862.300552,2.514850,-1.057260,135.193720
862.500552,2.497500,-0.989410,135.220670
862.700552,2.463980,-0.970400,135.243130
862.900552,2.423580,-1.068260,135.272180
863.100551,2.491170,-1.041680,135.307930
863.300551,2.718230,-1.011880,135.321240
863.500551,2.931300,-1.030980,135.316680
863.700551,2.916810,-1.118290,135.321650
863.900551,2.865130,-0.973830,135.341910
864.100551,2.804440,-1.062320,135.330910
864.300551,2.760850,-1.173220,135.316130
864.500551,2.674180,-1.153720,135.305500
864.700551,2.445230,-1.264860,135.259790
864.900550,2.345050,-1.516390,135.206900
865.100550,2.325210,-1.581830,135.152610
865.300550,2.331980,-1.606390,135.120660
865.500550,2.420750,-1.819780,135.068210
865.700550,2.617020,-1.791350,135.058790
865.900550,2.708970,-1.853830,135.052060
866.100550,2.802230,-1.782350,135.059910
866.300550,2.882000,-1.771730,135.035440
866.500550,2.860440,-1.766760,135.009710
866.700550,2.788170,-1.825580,135.014140
866.900549,2.665250,-1.831500,135.024030
867.100549,2.761670,-1.942150,135.049520
867.300549,2.803550,-1.746480,135.063580
867.500549,2.661710,-1.666100,135.086420
867.700549,2.624150,-1.697660,135.105020
867.900549,2.600520,-1.821640,135.080950
868.100549,2.697510,-1.771270,135.059750
868.300549,2.838370,-1.840120,135.055420
868.500549,2.694020,-1.657900,135.107190
868.700549,2.667930,-1.975000,135.145880
868.900548,2.664070,-1.957860,135.173540
869.100548,2.564210,-1.792020,135.195670
869.300548,2.619840,-1.837770,135.217010
869.500548,2.680540,-1.614090,135.295490
869.700548,2.710420,-1.738070,135.356220
869.900548,2.651500,-1.796570,135.387850
870.100548,2.567080,-1.792690,135.406680
870.300548,2.445550,-1.548530,135.424060
870.500548,2.497630,-1.895830,135.455380
870.700548,2.692450,-1.780710,135.499290
870.900547,2.668100,-1.690560,135.527730
871.100547,2.628170,-1.690120,135.531720
871.300547,2.706330,-1.687950,135.551350
871.500547,2.741180,-1.757100,135.542030
871.700547,2.754150,-1.724840,135.539010
871.900547,2.761330,-1.776910,135.578670
872.100547,2.847740,-1.735910,135.587680
872.300547,2.841650,-1.754220,135.587720
872.500547,2.765620,-1.809770,135.614940
872.700546,2.681840,-1.836220,135.610250
872.900546,2.581080,-1.765000,135.617930
873.100546,2.548350,-1.875390,135.592400
873.300546,2.572800,-1.843610,135.514200
873.500546,2.627660,-1.733950,135.461040
873.700546,2.550840,-1.700130,135.364470
873.900546,2.722260,-1.488080,135.356500
874.100546,2.780150,-2.040680,135.248810
874.300546,2.587660,-2.099200,135.193010
874.500546,2.440530,-1.690040,135.197240
874.700545,2.390750,-1.575990,135.175170
874.900545,2.359140,-1.475530,135.128910
875.100545,2.462230,-1.370470,135.114720
875.300545,2.547540,-1.329230,135.116950
875.500545,2.560850,-1.349590,135.103830
875.700545,2.533330,-1.368930,135.102510
875.900545,2.504060,-1.395110,135.093680
876.100545,2.441690,-1.355790,135.124840
876.300545,2.446040,-1.356740,135.145260
876.500545,2.505700,-1.375390,135.169990
876.700544,2.532780,-1.473190,135.167820
876.900544,2.547610,-1.356980,135.189290
877.100544,2.686300,-1.581990,135.216150
877.300544,2.800080,-1.576530,135.234510
877.500544,2.674710,-1.496910,135.255720
877.700544,2.541760,-1.453720,135.256210
877.900544,2.485910,-1.509940,135.233950
878.100544,2.505820,-1.541830,135.200440
878.300544,2.513240,-1.487720,135.195080
878.500543,2.525510,-1.460610,135.195430
878.700543,2.596150,-1.473680,135.200520
878.900543,2.526580,-1.509040,135.187500
879.100543,2.574540,-1.577430,135.203170
879.300543,2.681910,-1.494430,135.200100
879.500543,2.694920,-1.535820,135.211180
879.700543,2.625990,-1.530410,135.203540
879.900543,2.613830,-1.466240,135.233430
880.100543,2.676270,-1.508800,135.244730
880.300543,2.943070,-1.611620,135.265740
880.500542,2.991780,-1.423760,135.281900
880.700542,2.666150,-1.484390,135.309220
880.900542,2.474020,-1.657080,135.374960
881.100542,2.385060,-1.434010,135.483360
881.300542,2.350360,-1.545090,135.595280
881.500542,2.346200,-1.486680,135.688730
881.700542,2.395240,-1.489920,135.796660
881.900542,2.380590,-1.485250,135.924890
882.100542,2.471640,-1.560430,136.047930
882.300542,2.560220,-1.590740,136.156720
882.500541,2.517080,-1.510940,136.274680
882.700541,2.445640,-1.584750,136.382090
882.900541,2.422450,-1.545390,136.484040
883.100541,2.402950,-1.596160,136.581650
883.300541,2.461920,-1.652790,136.656160
883.500541,2.587850,-1.624430,136.727290
883.700541,2.740480,-1.552410,136.805710
883.900541,2.630240,-1.676150,136.861650
884.100541,2.604360,-1.540870,136.899800
884.300540,2.616050,-1.763570,136.929320
884.500540,2.431160,-1.671240,136.931770
884.700540,2.286200,-1.755200,136.947230
884.900540,2.179920,-1.761670,136.931390
885.100540,2.160850,-1.782480,136.925730
885.300540,2.109320,-1.679710,136.932730
885.500540,2.163840,-1.665300,136.924710
885.700540,2.305610,-1.695680,136.946710
885.900540,2.388050,-1.611630,136.968390
886.100540,2.518770,-1.567100,136.992380
886.300539,2.565970,-1.593030,137.028120
886.500539,2.659060,-1.583810,137.030710
886.700539,2.614310,-1.545390,137.008360
886.900539,2.651320,-1.524280,136.996720
887.100539,2.586400,-1.628960,136.989800
887.300539,2.577180,-1.665900,137.006740
887.500539,2.629060,-1.566000,137.024760
887.700539,2.665480,-1.527970,137.009970
887.900539,2.481130,-1.769730,136.952070
888.100539,2.379270,-2.181900,136.927520
888.300538,2.736150,-1.969800,136.909500
888.500538,2.378050,-1.981160,136.899270
888.700538,2.658490,-2.268290,136.835860
888.900538,2.874940,-2.288260,136.582280
889.100538,2.392390,-2.025270,136.359390
889.300538,2.541470,-2.038070,136.075920
889.500538,2.682630,-1.977570,135.804500
889.700538,2.463420,-2.133590,135.536850
889.900538,2.400240,-2.162610,135.274930
890.100538,2.599030,-2.419170,135.056140
890.300537,2.883000,-2.521520,134.905210
890.500537,2.774790,-2.690380,134.785640
890.700537,3.216340,-2.770390,134.722480
890.900537,2.903750,-2.606960,134.648710
891.100537,3.118070,-2.746610,134.650120
891.300537,3.601860,-2.589790,134.614640
891.500537,3.317040,-2.503880,134.554370
891.700537,3.413890,-2.353390,134.556080
891.900537,3.325780,-2.255480,134.503240
892.100536,3.601900,-2.304840,134.503540
892.300536,3.403650,-2.182280,134.491120
892.500536,3.394450,-2.100300,134.445350
892.700536,3.395430,-2.054470,134.427740
892.900536,3.330340,-2.031830,134.421360
893.100536,3.330340,-2.031830,134.421360
893.300536,3.285080,-2.079760,134.410320
893.500536,3.276470,-2.111640,134.402630
893.700536,3.263350,-2.145070,134.396790
893.900536,3.261050,-2.160150,134.396510
894.100535,3.264220,-2.178520,134.398920
894.300535,3.271710,-2.187090,134.400390
894.500535,3.276810,-2.190550,134.397760
894.700535,3.284950,-2.190220,134.394300
894.900535,3.287830,-2.189320,134.391290
895.100535,3.292380,-2.192620,134.389070
895.300535,3.292380,-2.192620,134.389080
895.500535,3.284230,-2.182120,134.387650
895.700535,3.288930,-2.180250,134.388770
895.900535,3.297200,-2.175090,134.385990
896.100534,3.289250,-2.176950,134.381700
896.300534,3.294760,-2.180310,134.379960
896.500534,3.303540,-2.184800,134.378810
896.700534,3.311470,-2.175800,134.376200
896.900534,3.315470,-2.174200,134.374440
897.100534,3.311120,-2.178250,134.375260
897.300534,3.316550,-2.185580,134.370630
897.500534,3.316560,-2.185580,134.370630
897.700534,3.316590,-2.185500,134.370560
897.900533,3.313040,-2.184250,134.367180
898.100533,3.314160,-2.185140,134.364890
898.300533,3.313580,-2.182670,134.364220
898.500533,3.308590,-2.174000,134.361790
898.700533,3.312580,-2.170970,134.359720
898.900533,3.316050,-2.171490,134.357310
899.100533,3.321050,-2.173270,134.354810
899.300533,3.332310,-2.178020,134.352870
899.500533,3.327600,-2.184910,134.350150
899.700533,3.327590,-2.184910,134.350150
899.900532,3.325470,-2.182070,134.344730
900.100532,3.321480,-2.181610,134.342100
900.300532,3.321330,-2.177590,134.339020
900.500532,3.318930,-2.176880,134.334730
900.700532,3.324640,-2.173640,134.332910
900.900532,3.320150,-2.168570,134.327320
901.100532,3.322840,-2.167980,134.323390
901.300532,3.328290,-2.166140,134.319690
901.500532,3.328510,-2.166940,134.317010
901.700532,3.336580,-2.162030,134.309030
901.900531,3.336580,-2.162030,134.309030
902.100531,3.344300,-2.158940,134.303690
902.300531,3.356020,-2.154640,134.300940
902.500531,3.352980,-2.155500,134.296350
902.700531,3.351740,-2.160650,134.296140
902.900531,3.345760,-2.163920,134.293120
903.100531,3.348980,-2.160110,134.290940
903.300531,3.351160,-2.163860,134.287350
903.500531,3.359490,-2.167610,134.281230
903.700531,3.360090,-2.157850,134.277750
903.900530,3.352180,-2.139380,134.275630
904.100530,3.342100,-2.064760,134.275220
904.300530,3.304630,-2.008900,134.273710
904.500530,3.211770,-1.962320,134.284130
904.700530,3.135170,-1.910860,134.281040
904.900530,3.293490,-1.742910,134.252760
905.100530,3.637510,-1.317390,134.225350
905.300530,3.530180,-1.433340,134.160770
905.500530,3.488680,-1.524310,134.085780
905.700529,3.063230,-1.587620,133.914980
905.900529,2.770400,-1.585030,134.005050
906.000529,3.048510,-1.604100,134.031220
906.200529,3.004830,-2.016690,134.052950
906.400529,2.758040,-1.763830,134.165020
906.600529,2.592110,-1.833500,134.450090
906.800529,2.514680,-1.956750,134.508550
907.000529,2.450540,-2.036960,134.734290
907.200529,2.074620,-2.121700,134.571340
907.400529,1.751330,-2.221570,134.656630
907.600528,2.068880,-2.368020,134.477290
907.800528,1.082770,-2.558080,134.333460
908.000528,1.634690,-2.820900,134.249360
908.200528,1.250590,-2.966970,134.103360
908.400528,1.325850,-3.209420,134.024920
908.600528,1.196070,-3.442220,133.928850
908.800528,1.083850,-3.820780,133.869850
909.000528,1.585170,-4.225170,133.844700
909.200528,1.865840,-4.098540,133.990090
909.400528,2.176380,-4.073350,134.117060
909.600527,2.358470,-3.840040,134.258460
909.800527,2.620540,-4.479120,134.363620
910.000527,3.037770,-4.492940,134.446450
910.200527,3.055260,-4.094640,134.604250
910.400527,2.947760,-4.043140,134.718910
910.600527,2.901760,-4.068470,134.807590
910.800527,2.735140,-4.240390,134.921280
911.000527,2.643970,-4.139400,135.220490
911.200527,2.733660,-4.141190,135.499570
911.400527,2.826340,-4.031400,135.786170
911.600526,2.907320,-4.031960,135.972510
911.800526,2.700350,-4.061250,136.036700
912.000526,2.724760,-4.046010,136.119500
912.200526,2.723400,-4.149520,136.007550
912.400526,2.664190,-4.122700,135.809650
912.600526,2.529220,-4.257210,135.500650
912.800526,2.629690,-4.530030,135.230190
913.000526,2.692890,-4.378260,134.963660
913.200526,2.752530,-4.364340,134.746190
913.400526,2.779950,-4.334310,134.620750
913.600525,2.794440,-4.390380,134.458200
913.800525,2.785070,-4.362010,134.312600
914.000525,2.798610,-4.288910,134.189610
914.200525,2.849570,-4.159030,134.157970
914.400525,2.797140,-4.242600,134.098060
914.600525,2.610460,-4.350200,133.992110
914.800525,2.335200,-4.300710,133.959460
915.000525,2.185510,-4.489110,133.884150
915.100525,2.234640,-4.341970,133.895080
915.300525,2.340350,-4.434320,133.877900
915.500524,2.681110,-4.492890,133.890200
915.700524,2.807210,-4.481760,133.983860
915.900524,3.048260,-4.632570,134.144370
916.100524,3.056810,-4.327070,134.306790
916.300524,2.865340,-4.668020,134.363990
916.500524,2.879260,-4.662980,134.432780
916.700524,2.883750,-4.454050,134.499590
916.900524,2.956090,-4.479490,134.568410
917.100524,2.975060,-4.657530,134.620320
917.300523,2.746530,-4.499490,134.683380
917.500523,2.578240,-4.850480,134.714390
917.700523,2.338660,-4.810250,134.728280
917.900523,2.332180,-4.737820,134.738280
918.100523,2.686730,-4.585730,134.774410
918.300523,2.679730,-4.053040,134.859150
918.500523,2.560500,-4.087850,134.903800
918.700523,2.594830,-4.592600,134.912700
918.900523,2.717360,-4.671480,134.960320
919.100523,2.858310,-4.845420,135.004510
919.300522,2.976900,-4.558230,135.081920
919.500522,2.957650,-4.367370,135.141030
919.700522,2.952940,-4.424190,135.166440
919.900522,2.962650,-4.367210,135.222680
920.100522,2.914220,-4.424370,135.284460
920.300522,2.891490,-4.368810,135.331730
920.500522,2.788200,-4.496400,135.361490
920.700522,2.716570,-4.324250,135.390410
920.900522,2.769050,-4.618610,135.395770
921.100522,2.880180,-4.513060,135.452900
921.300521,2.945780,-4.454000,135.491230
921.500521,2.812100,-4.627350,135.580570
921.700521,2.875740,-4.683240,135.689820
921.900521,2.716010,-4.326540,135.806210
922.100521,2.802650,-4.572100,135.912050
922.300521,2.926170,-4.283620,135.946660
922.500521,2.721610,-4.276880,136.031090
922.700521,2.687840,-4.431520,136.104720
922.900521,2.841610,-4.282810,136.190730
923.100521,2.763460,-4.381210,136.251700
923.300520,2.672870,-4.380310,136.099660
923.500520,2.701550,-4.422320,135.955380
923.700520,2.831380,-4.367710,135.805810
923.900520,3.035990,-4.455990,135.619320
924.100520,3.014030,-4.184670,135.529800
924.300520,2.982030,-4.059730,135.427230
924.500520,2.867390,-4.045850,135.302630
924.700520,2.589890,-3.753250,135.167090
924.900520,2.488330,-3.604620,135.054810
925.100519,2.469930,-3.499490,135.009810
925.300519,2.442520,-3.263730,134.923320
925.500519,2.330270,-2.991410,134.851270
925.700519,2.322780,-2.830170,134.802850
925.900519,2.367030,-2.491860,134.751860
926.100519,2.316020,-2.427660,134.713600
926.300519,2.305880,-2.279590,134.702190
926.500519,2.330790,-2.195810,134.686740
926.700519,2.177420,-2.045590,134.750450
926.900519,2.092580,-1.849160,135.054140
927.100518,2.290750,-1.713590,135.315060
927.300518,2.159620,-1.525240,135.513920
927.500518,1.828060,-1.341360,135.625150
927.700518,1.716560,-1.883160,135.610800
927.900518,1.991510,-1.975380,135.540460
928.100518,2.309410,-1.666220,135.457100
928.300518,2.118290,-0.920620,135.446420
928.500518,1.998710,-1.568480,135.353120
928.700518,2.083560,-1.349590,135.321220
928.900518,1.839730,-1.412160,135.341100
929.100517,1.816920,-1.279370,135.402040
929.300517,1.535930,-0.973160,135.792470
929.500517,1.252330,-1.124520,136.263500
929.700517,1.074860,-1.149000,136.691360
929.900517,1.189870,-1.068210,137.141660
930.100517,1.505320,-1.037740,137.567950
930.300517,1.965150,-0.825050,138.046070
930.500517,1.900300,-1.348170,138.251200
930.700517,1.611850,-0.869540,138.484710
930.900516,1.753790,-0.971430,138.656340
931.100516,1.933050,-0.888560,138.728790
931.300516,2.015910,-0.754550,138.827000
931.500516,2.184680,-0.764890,138.896830
931.700516,2.344280,-0.469790,138.809430
931.900516,2.500410,-0.519040,138.692480
932.100516,2.600990,-0.444870,138.554060
932.300516,2.447250,-0.265850,138.397710
932.500516,2.263740,-0.355340,138.148620
932.700516,2.253540,-0.296740,137.821130
932.900515,2.136110,-0.459810,137.410810
933.100515,2.115970,-0.527770,137.038720
933.300515,2.223450,-0.035070,136.753360
933.500515,2.189950,-0.382220,136.436050
933.700515,1.931740,-0.358000,136.144170
933.900515,1.932580,-0.539300,135.847500
934.100515,1.968890,-0.322430,135.511600
934.300515,2.495700,-0.998840,135.224770
934.500515,2.574340,-0.475570,135.072780
934.700515,2.386680,-0.129370,135.003650
934.900514,2.341000,-0.476930,134.950960
935.100514,2.180820,-0.293710,134.882400
935.300514,1.956630,-0.404820,134.928580
935.500514,1.824150,-0.604270,134.987090
935.700514,1.905050,-0.513720,135.052650
935.900514,2.032010,-0.381470,135.214990
936.100514,2.077670,-0.353210,135.372200
936.300514,2.203840,-0.538410,135.592460
936.500514,2.056980,-0.464360,135.893270
936.700514,2.027680,-0.237230,136.332320
936.900513,1.675900,-0.317420,136.732490
937.100513,1.441050,-0.287980,137.222670
937.300513,1.735490,-0.658930,137.807210
937.500513,1.563440,-1.035850,138.404280
937.700513,1.679450,-0.306260,139.559020
937.900513,1.614560,-0.554030,140.843360
938.100513,1.632270,-1.002590,142.344610
938.300513,1.627450,-0.746080,144.154240
938.500513,1.418820,-0.524690,146.364830
938.700512,1.644790,-0.596810,149.128590
938.900512,1.752360,-0.573300,151.864430
939.100512,2.047740,-0.819300,154.782770
939.300512,2.179830,-1.307210,158.165320
939.500512,2.341800,-0.864300,161.472570
939.700512,2.389470,-0.816520,164.826900
939.900512,2.115580,-1.418980,168.119930
940.100512,1.830910,-1.712010,171.405370
940.300512,1.542090,-1.772890,174.733810
940.500512,1.293190,-2.042640,178.091340
940.700511,0.746560,-2.266960,181.349330
940.900511,0.569420,-2.129810,184.633160
941.100511,0.514550,-1.935780,187.936580
941.300511,0.685610,-1.692110,191.118490
941.500511,1.344420,-0.961250,194.311030
941.700511,1.859530,-0.883560,197.567450
941.900511,2.276710,-1.065670,200.873720
942.100511,2.605890,-0.945640,204.244110
942.300511,2.794520,-0.963650,207.688980
942.500511,2.921450,-0.724770,211.120780
942.700510,2.888640,-1.008670,214.395220
942.900510,2.807950,-1.189800,217.474550
943.100510,3.083280,-1.112100,220.051100
943.300510,3.226170,-1.016500,221.886910
943.500510,3.236130,-0.908450,223.057080
943.700510,3.185080,-1.044590,223.845250
943.900510,3.287090,-1.187110,224.287010
944.100510,3.480360,-1.155480,224.423010
944.300510,3.488140,-0.942130,224.476710
944.500509,3.641490,-0.752560,224.529990
944.700509,3.698750,-0.778220,224.512240
944.900509,3.785030,-0.382680,224.522680
945.100509,3.684600,-0.136870,224.534090
945.300509,3.505320,-0.092750,224.569490
945.500509,3.470040,0.057210,224.618850
945.700509,3.457890,0.205050,224.673580
945.900509,3.525320,0.289930,224.713090
946.100509,3.341890,0.653440,224.749630
946.300509,3.073670,0.257850,224.802090
946.500508,3.104930,0.108590,224.718400
946.700508,3.083310,0.115190,224.521720
946.900508,3.051700,0.199580,224.313540
947.100508,2.990370,0.213230,224.099360
947.300508,2.956410,0.243630,223.801880
947.500508,3.058110,0.317710,223.246540
947.700508,3.073930,0.350920,222.649010
947.900508,3.098090,0.325850,221.987410
948.100508,3.083300,0.406940,221.218880
948.300508,3.094510,0.387610,220.474930
948.500507,3.180820,0.423940,219.717030
948.700507,3.183920,0.534090,218.934630
948.900507,3.119390,0.581310,218.309280
949.100507,3.186190,0.533650,217.838450
949.300507,3.276210,0.477850,217.368880
949.500507,3.132340,0.393160,216.934560
949.700507,3.080630,0.442970,216.419900
949.900507,3.057650,0.413680,215.847960
950.100507,2.987190,0.537590,215.260290
950.300506,3.000480,0.587720,214.514720
950.500506,3.017900,0.411870,213.703470
950.700506,3.103070,0.443930,212.929240
950.900506,3.207800,0.605940,212.143700
951.100506,3.238020,0.795860,211.342860
951.300506,3.294450,0.765470,210.516380
951.500506,3.293890,0.838640,209.712450
951.700506,3.263940,0.642420,208.902620
951.900506,3.378930,0.532010,207.994590
952.100506,3.393790,0.441580,206.971050
952.300505,3.321840,0.343430,205.915150
952.500505,3.212060,0.364860,204.901140
952.700505,2.969590,0.299360,204.070520
952.900505,2.855070,0.255700,203.348970
953.100505,2.849090,0.101960,202.593550
953.300505,2.929940,-0.004450,201.771800
953.500505,3.048220,-0.095590,200.945670
953.700505,3.052930,-0.088040,200.098170
953.900505,3.027910,-0.313010,199.263070
954.100505,3.027540,-0.514840,198.511530
954.300504,3.154730,-0.567310,197.854030
954.500504,3.236500,-0.557650,197.193320
954.700504,2.980490,-0.524720,196.683800
954.900504,2.711030,-0.632940,196.349130
955.100504,2.648820,-0.755870,196.013000
955.300504,2.615530,-0.622690,195.654020
955.500504,2.632040,-0.619020,195.291720
955.700504,2.718880,-0.624080,194.949350
955.900504,2.757350,-0.647250,194.603060
956.100504,2.778280,-0.556240,194.238780
956.300503,2.678540,-0.530710,193.991470
956.500503,2.517660,-0.389930,193.834520
956.700503,2.483340,-0.355830,193.782650
956.900503,2.432110,-0.328760,193.731160
957.100503,2.324520,-0.195690,193.775830
957.300503,2.196080,-0.319730,194.097920
957.500503,2.144130,-0.387030,194.556860
957.700503,2.182330,-0.276790,195.231300
957.900503,2.287240,-0.289530,196.025480
958.100502,2.377360,-0.209150,196.922610
958.300502,2.378450,-0.128970,197.875390
958.500502,2.359750,-0.069430,198.911700
958.700502,2.526290,0.079590,200.157650
958.900502,2.761360,-0.063270,201.401940
959.100502,2.908340,-0.060300,202.614400
959.300502,3.109570,-0.005290,203.785750
959.500502,3.132670,0.262840,204.899760
959.700502,3.101240,0.333160,205.822370
959.900502,3.034640,0.371560,206.736280
960.100501,2.939190,0.464970,207.663000
960.300501,2.798540,0.462210,208.561350
960.500501,2.677960,0.609870,209.445020
960.700501,2.470700,0.931300,210.330560
960.900501,2.422030,0.894930,211.218770
961.100501,2.425670,0.738930,212.093840
961.300501,2.521340,0.726140,212.969360
961.500501,2.601340,0.630430,213.857110
961.700501,2.646620,0.537910,214.774910
961.900501,2.765560,0.440660,215.700970
962.100500,2.922630,0.411300,216.619280
962.300500,3.021210,0.472920,217.561730
962.500500,3.018150,0.618180,218.497850
962.700500,3.013170,0.614080,219.421290
962.900500,3.088950,0.537830,220.355840
963.100500,3.134610,0.588640,221.265330
963.300500,3.129840,0.616090,222.157290
963.500500,3.094810,0.614210,223.058480
963.700500,3.157180,0.529790,223.777200
963.900499,3.232410,0.572160,224.186520
964.100499,3.098950,0.590150,224.574010
964.300499,2.991750,0.634480,224.927090
964.500499,2.900180,0.697370,225.208630
964.700499,2.847160,0.384510,225.442940
964.900499,2.924890,0.402270,225.572770
965.100499,3.038340,0.522660,225.618130
965.300499,3.046220,0.542270,225.575870
965.500499,2.966970,0.558960,225.527470
965.700499,2.946110,0.451120,225.476150
965.900498,2.822430,0.582280,225.425230
966.100498,2.735120,0.588200,225.374460
966.300498,2.650040,0.759690,225.324500
966.500498,2.678840,0.615180,225.248500
966.700498,2.817790,0.707830,225.195120
966.900498,3.087740,0.690690,225.184350
967.100498,3.305870,0.760940,225.187750
967.300498,3.381540,0.744650,225.177730
967.500498,3.380060,0.720570,225.168760
967.700498,3.355040,0.649640,225.171420
967.900497,3.292080,0.622030,225.165840
968.100497,3.212460,0.650170,225.157200
968.300497,3.122340,0.583070,225.142560
968.500497,3.041080,0.548970,225.126440
968.700497,2.913040,0.724690,225.099430
968.900497,2.698580,0.713930,225.082400
969.100497,2.529870,0.970430,225.089840
969.300497,2.595180,1.040840,225.056770
969.500497,2.690510,0.988840,225.022810
969.700496,2.840940,0.928630,225.009730
969.900496,2.933230,0.807800,225.020420
970.100496,2.935840,0.873260,225.018730
970.300496,2.920230,0.912360,225.086980
970.500496,2.959560,0.835290,225.181600
970.700496,2.965000,0.790560,225.284550
970.900496,3.010250,0.826570,225.389590
971.100496,3.052190,0.706540,225.469360
971.300496,3.083590,0.772920,225.544950
971.500496,3.145280,0.726470,225.646670
971.700495,3.246450,0.768160,225.723590
971.900495,3.290260,0.762690,225.818860
972.100495,3.081780,0.786720,225.989450
972.300495,3.063680,0.797430,226.244570
972.500495,3.185790,0.784590,226.514810
972.700495,3.256660,0.761630,226.786140
972.900495,3.100090,0.811980,226.984360
973.100495,3.149290,0.710560,227.133490
973.300495,3.243950,0.781380,227.307010
973.500495,3.117650,0.713380,227.426640
973.700494,2.969380,0.652470,227.516130
973.900494,2.953980,0.685420,227.544370
974.100494,2.896270,0.846510,227.572390
974.300494,2.567880,0.840070,227.577550
974.500494,2.701040,0.366680,227.562360
974.700494,2.744870,0.841380,227.464730
974.900494,2.588450,0.540350,227.355130
975.100494,2.570160,0.529190,227.263370
975.300494,2.543240,0.423740,227.180000
975.500494,2.573260,0.297570,227.132440
975.700493,2.629890,0.384640,227.073320
975.900493,2.708690,0.429300,227.049450
976.100493,2.743640,0.293490,226.995660
976.300493,2.685050,0.400810,226.946740
976.500493,2.580780,0.447960,226.901820
976.700493,2.729080,0.344240,226.845040
976.900493,2.769900,0.122980,226.766040
977.100493,2.585450,0.235800,226.686350
977.300493,2.362950,0.117700,226.600560
977.500492,2.294400,-0.044570,226.521360
977.700492,2.414380,-0.201050,226.411690
977.900492,2.487660,-0.139300,226.205200
978.100492,2.572590,-0.046480,226.040960
978.300492,2.754660,-0.303380,225.872600
978.500492,2.901310,-0.052060,225.706210
978.700492,2.947290,-0.014070,225.553160
978.900492,2.974920,-0.108910,225.424650
979.100492,3.048810,-0.149710,225.340880
979.300492,2.990460,-0.169180,225.234900
979.500491,2.973510,-0.137900,225.035300
979.700491,2.963970,-0.143090,224.766170
979.900491,2.924440,-0.186610,224.368600
980.100491,2.892010,-0.153180,223.824290
980.300491,2.717510,-0.093600,223.282750
980.500491,2.623250,-0.063900,222.738510
980.700491,2.607230,-0.013410,222.198790
980.900491,2.627880,0.103640,221.670640
981.100491,2.531990,0.221180,221.164790
981.300491,2.426080,0.232240,220.689220
981.500490,2.351090,0.228390,220.327150
981.700490,2.279510,0.232020,220.118500
981.900490,2.354810,0.255430,219.991700
982.100490,2.440970,0.185020,219.908330
982.300490,2.577740,0.214340,219.869840
982.500490,2.672940,0.243170,219.797500
982.700490,2.671070,0.264890,219.754220
982.900490,2.595040,0.242830,219.744580
983.100490,2.572250,0.304050,219.755860
983.300489,2.461170,0.277100,219.894050
983.500489,2.473000,0.308750,220.155060
983.700489,2.481620,0.324480,220.466750
983.900489,2.363960,0.254750,220.810660
984.100489,2.288020,0.239430,221.194180
984.300489,2.228610,0.250690,221.641960
984.500489,2.149430,0.158180,222.081760
984.700489,2.055520,0.284100,222.652550
984.900489,2.194530,-0.105620,223.169020
985.100489,1.991670,-0.233820,223.680930
985.300488,2.180920,-0.479830,224.152330
985.500488,2.272480,-0.125700,224.511550
985.700488,2.185350,-0.086690,224.803660
985.900488,2.427960,0.033740,225.040010
986.100488,2.464890,0.060130,225.241390
986.300488,2.523600,0.141120,225.415780
986.500488,2.668230,0.104610,225.564210
986.700488,2.781390,0.109820,225.669840
986.900488,2.818610,0.108730,225.748230
987.100488,2.878810,0.073860,225.823410
987.300487,2.889710,0.083400,225.891240
987.500487,2.934760,0.113530,225.944860
987.700487,2.960950,0.137900,225.981100
987.900487,3.000620,0.173000,226.013900
988.100487,3.026240,0.198790,226.046690
988.300487,3.062820,0.224910,226.070260
988.500487,3.083310,0.255000,226.092500
988.700487,3.083310,0.255000,226.092490
988.900487,3.092700,0.204440,226.096000
989.100486,3.097880,0.153440,226.096790
989.300486,3.110420,0.126970,226.099070
989.500486,3.111250,0.099470,226.098360
989.700486,3.111390,0.082980,226.096850
989.900486,3.119540,0.077010,226.098770
990.100486,3.117350,0.065440,226.099510
990.300486,3.107520,0.065400,226.098570
990.500486,3.115170,0.073250,226.093950
990.700486,3.112700,0.083640,226.097190
990.900486,3.121210,0.100400,226.100040
991.100485,3.134840,0.098310,226.099440
991.300485,3.140430,0.109040,226.100920
991.500485,3.135010,0.135360,226.102770
991.700485,3.135000,0.135360,226.102770
991.900485,3.142530,0.163420,226.098550
992.100485,3.153550,0.160970,226.089820
992.300485,3.171800,0.159070,226.076680
992.500485,3.184550,0.147580,226.061080
992.700485,3.202890,0.131230,226.039760
992.900485,3.202370,0.081880,226.015680
993.100484,3.208500,0.064470,225.991770
993.300484,3.234940,0.046270,225.964610
993.500484,3.237160,0.037940,225.937660
993.700484,3.263090,0.020490,225.910810
993.900484,3.279980,0.022650,225.878650
994.100484,3.349620,0.084650,225.776020
994.300484,3.418750,0.191920,225.514240
994.500484,3.505090,0.256830,224.992130
994.700484,3.674460,0.292790,223.967660
994.900484,3.730790,0.365750,222.150690
995.100483,3.746880,0.372880,219.588730
995.300483,3.721710,0.423350,216.019680
995.500483,3.520150,0.464410,211.469600
995.700483,3.015300,0.491450,206.266470
995.900483,2.539700,0.489290,200.647330
996.100483,2.021590,0.261840,194.727100
996.300483,1.748940,-0.062700,188.370050
996.500483,1.568520,-0.297720,182.025060
996.700483,1.463150,-0.281450,175.974110
996.900482,1.264160,-0.257840,170.147620
997.100482,1.099210,-0.368990,164.811960
997.300482,1.305520,-0.724670,160.147860
997.500482,1.261240,-0.838930,155.831220
997.700482,1.268100,-0.830430,152.107920
997.900482,1.566610,-0.886820,148.788510
998.100482,1.494750,-0.890630,145.963790
998.300482,1.683110,-0.824840,143.301000
998.500482,1.806260,-0.778910,140.753210
998.700482,1.855790,-0.581060,138.565670
998.900481,2.105240,-0.551290,136.793380
999.100481,2.345680,-0.599540,135.265010
999.300481,2.326210,-0.385150,133.837310
999.500481,2.354900,-0.355160,132.585720
999.700481,2.128080,-0.472730,131.595590
999.900481,1.902600,-0.370420,130.930760
1000.100481,1.828880,-0.546640,130.664200
1000.300481,1.737740,-0.531300,130.701420
1000.500481,1.776490,-0.817920,130.935710
1000.700481,1.775710,-0.977220,131.313540
1000.900480,1.844620,-0.715710,131.743020
1001.100480,1.847850,-0.783360,132.135800
1001.300480,1.908340,-0.897480,132.523310
1001.500480,1.832480,-0.707930,132.815500
1001.700480,1.749580,-0.677800,133.055920
1001.900480,1.862180,-0.936730,133.300720
1002.100480,1.810030,-1.582970,133.467510
1002.300480,1.930430,-0.158170,133.636650
1002.500480,1.904310,-0.637180,133.796180
1002.700479,1.849730,-0.684970,133.960450
1002.900479,1.781750,-0.665910,134.076390
1003.100479,1.779440,-0.793550,134.176740
1003.300479,1.776170,-0.796090,134.258710
1003.500479,1.884440,-0.805270,134.415450
1003.700479,2.014170,-0.759940,134.555560
1003.900479,2.112130,-0.778270,134.659650
1004.100479,2.056770,-0.867130,134.712140
1004.300479,1.911400,-0.812510,134.782900
1004.500479,1.784630,-0.749050,134.822110
1004.700478,1.793540,-0.646920,134.861780
1004.900478,1.730690,-1.100340,134.849480
1005.100478,2.035700,-0.466400,134.874760
1005.300478,2.004140,-0.330490,134.904760
1005.500478,1.951110,-0.693040,134.928020
1005.700478,2.003200,-0.572450,134.945220
1005.900478,2.015080,-0.565990,134.983010
1006.100478,1.924460,-0.617890,134.980270
1006.300478,1.804920,-0.671430,134.926290
1006.500478,1.665850,-0.655860,134.899790
1006.700477,1.713480,-0.648110,134.880940
1006.900477,1.795920,-0.657530,134.872520
1007.100477,1.777690,-0.848420,134.861890
1007.300477,1.697980,-0.801840,134.847620
1007.500477,1.580780,-0.762180,134.848550
1007.700477,1.517790,-0.764020,134.900890
1007.900477,1.595840,-0.689260,135.031640
1008.100477,1.743190,-0.675820,135.211330
1008.300477,1.865280,-0.610440,135.361810
1008.500477,1.862180,-0.581600,135.644110
1008.700476,1.952560,-0.668390,136.056040
1008.900476,2.107210,-0.805450,136.425500
1009.100476,2.088030,-0.837380,136.722380
1009.300476,2.103280,-0.805890,136.999310
1009.500476,1.843680,-1.165980,137.152560
1009.700476,1.937720,-0.764860,137.288930
1009.900476,1.977440,-0.423550,137.283540
1010.100476,2.032040,-0.771010,137.171180
1010.300476,2.100110,-0.819570,137.114260
1010.500475,2.073170,-0.773870,137.030680
1010.700475,2.076730,-0.850770,136.927810
1010.900475,2.280580,-0.885670,136.774140
1011.100475,2.345120,-0.926370,136.547680
1011.300475,2.321530,-0.761350,136.071010
1011.500475,2.244650,-0.705940,135.293740
1011.700475,2.147360,-0.842210,134.484460
1011.900475,1.942740,-0.621570,133.645290
1012.100475,1.906530,-0.474040,132.852750
1012.300475,1.864180,-0.431280,132.025880
1012.500474,2.061940,-0.576420,131.101600
1012.700474,2.251200,-0.667270,130.120730
1012.900474,2.214530,-0.497070,129.099710
1013.100474,2.213450,-0.430020,128.114470
1013.300474,2.284140,-0.778520,127.022410
1013.500474,2.357880,-0.727760,125.921910
1013.700474,2.344580,-0.719300,124.829140
1013.900474,2.333260,-0.756090,123.746010
1014.100474,2.392160,-0.766520,122.682640
1014.300474,2.314710,-0.628950,121.595030
1014.500473,2.368350,-0.471950,120.537610
1014.700473,2.384680,-0.591910,119.457800
1014.900473,2.530540,-0.722490,118.354430
1015.100473,2.657980,-0.702910,117.258220
1015.300473,2.553050,-0.545430,116.156100
1015.500473,2.414080,-0.469260,115.087570
1015.700473,2.203000,-0.567530,114.029210
1015.900473,2.103510,-0.574030,112.949540
1016.100473,2.044060,-0.753100,111.868700
1016.300472,2.216580,-0.755990,110.806990
1016.500472,2.614550,-0.825970,109.557340
1016.700472,2.749070,-0.738590,108.176330
1016.900472,2.670140,-0.549960,106.833580
1017.100472,2.490570,-0.361890,105.511670
1017.300472,2.327880,-0.919170,104.224730
1017.500472,2.189800,-0.594420,103.060120
1017.700472,2.256640,-0.662500,101.933600
1017.900472,2.303570,-0.710540,100.808680
1018.100472,2.254600,-0.602750,99.717570
1018.300471,2.228200,-0.677810,98.601450
1018.500471,2.260620,-0.752010,97.432430
1018.700471,2.245310,-0.762300,96.140160
1018.900471,2.144090,-0.763540,94.912640
1019.100471,2.058930,-0.607830,93.669150
1019.300471,2.020910,-0.691960,92.455260
1019.500471,1.997050,-0.668340,91.356780
1019.700471,1.990940,-0.552940,90.329480
1019.900471,2.154920,-0.688580,89.318090
1020.100471,1.968070,-0.733940,88.250820
1020.300470,1.786190,-0.468090,87.208500
1020.500470,1.649150,-0.570910,86.114230
1020.700470,1.598980,-0.739330,85.035980
1020.900470,1.697570,-0.807030,84.003180
1021.100470,1.797360,-0.864670,82.940360
1021.300470,1.965850,-0.897300,81.797300
1021.500470,2.011420,-1.166980,80.513960
1021.700470,1.989530,-1.190350,79.286510
1021.900470,1.918160,-1.193180,78.028370
1022.100469,1.875490,-1.184570,76.775570
1022.300469,1.953220,-1.159020,75.543890
1022.500469,2.036210,-1.214390,74.291790
1022.700469,2.087170,-1.258980,73.064590
1022.900469,1.981050,-1.182750,71.790660
1023.100469,2.045640,-1.227660,70.549880
1023.300469,1.955360,-1.193180,69.325360
1023.500469,1.839120,-0.937810,68.164710
1023.700469,1.925220,-0.882400,67.020060
1023.900469,2.021480,-0.873090,65.857030
1024.100468,2.077850,-0.810330,64.700760
1024.300468,2.033990,-0.796410,63.524160
1024.500468,1.992820,-0.595250,62.324860
1024.700468,1.910400,-0.497610,61.033530
1024.900468,1.914130,-0.565550,59.742420
1025.100468,1.925420,-0.511980,58.444840
1025.300468,1.871350,-0.578850,57.123740
1025.500468,1.896510,-0.494920,55.779870
1025.700468,2.108900,-0.560070,54.509720
1025.900468,2.127710,-0.611970,53.365890
1026.100467,2.038160,-0.405010,52.363300
1026.300467,1.909340,-0.365980,51.465310
1026.500467,1.861720,-0.263720,50.805690
1026.700467,1.875480,-0.467620,50.199270
1026.900467,1.923970,-0.429650,49.561340
1027.100467,1.913870,-0.205460,48.923070
1027.300467,1.967700,-0.286200,48.337580
1027.500467,1.649900,-0.235820,47.810990
1027.700467,1.593110,-0.382720,47.478710
1027.900467,2.005840,-0.269120,47.214730
1028.100466,1.865140,0.078360,47.032180
1028.300466,1.548230,-0.110420,46.850590
1028.500466,1.780220,0.070130,46.739210
1028.700466,2.254690,0.056790,46.627220
1028.900466,2.528530,-0.168670,46.474250
1029.100466,2.284240,0.139180,46.266620
1029.300466,1.806750,0.248720,46.109230
1029.500466,1.642900,0.248760,46.063770
1029.700466,1.602680,0.380670,46.067630
1029.900465,1.654360,0.276900,46.228280
1030.100465,1.783720,0.264860,46.422310
1030.300465,1.989140,0.300220,46.521980
1030.500465,1.431990,0.177610,46.557320
1030.700465,1.638400,0.201850,46.490350
1030.900465,1.840780,0.377870,46.431650
1031.100465,1.616660,0.326150,46.376140
1031.300465,1.589260,0.439040,46.366660
1031.500465,1.766540,0.330660,46.369560
1031.700465,1.881170,0.354370,46.393850
1031.900464,1.867240,0.225750,46.426270
1032.100464,1.785350,0.324510,46.417770
1032.300464,1.871500,0.397800,46.418200
1032.500464,1.888470,0.304450,46.429540
1032.700464,1.785260,0.273290,46.458750
1032.900464,1.848680,0.132020,46.466470
1033.100464,2.085270,0.088430,46.452510
1033.300464,2.108650,0.108900,46.446640
1033.500464,2.024570,0.046700,46.422480
1033.700464,2.082410,-0.015990,46.389610
1033.900463,2.332380,-0.054050,46.145960
1034.100463,2.474790,-0.067920,45.763680
1034.300463,2.619470,-0.198220,45.373470
1034.500463,2.786850,-0.250360,44.979530
1034.700463,2.816440,-0.228710,44.585750
1034.900463,2.855990,-0.206920,44.251480
1035.100463,2.903030,-0.223860,43.910760
1035.300463,2.937980,-0.358490,43.550640
1035.500463,2.784420,-0.343530,43.188780
1035.700462,2.766330,-0.347410,42.865320
1035.900462,2.617920,-0.373120,42.603520
1036.100462,2.517800,-0.196920,42.267230
1036.300462,2.669130,-0.084040,41.905440
1036.500462,2.894320,-0.499590,41.507520
1036.700462,2.894840,-0.607020,41.022200
1036.900462,2.711720,-0.479750,40.661050
1037.100462,2.560090,-0.408300,40.352730
1037.300462,2.261080,-0.198770,40.097380
1037.500462,2.244110,-0.359360,39.912180
1037.700461,2.410910,-0.495050,39.761330
1037.900461,2.758810,-0.398390,39.638560
1038.100461,2.804550,0.171050,39.595820
1038.300461,2.619940,0.323670,39.579280
1038.500461,2.902750,0.136580,39.548470
1038.700461,3.007930,-0.599270,39.484610
1038.900461,3.063950,-0.021110,39.389910
1039.100461,3.469320,0.249390,39.250520
1039.300461,3.113710,-0.209990,38.928420
1039.500461,2.749320,0.111410,38.705830
1039.700460,2.701260,-0.237950,38.431590
1039.900460,2.591490,-0.236200,38.163690
1040.100460,2.641260,-0.121510,37.962270
1040.300460,2.639050,-0.417990,37.772380
1040.500460,2.754870,-0.648390,37.648980
1040.700460,3.132520,0.254360,37.583480
1040.900460,3.349370,0.456720,37.500000
1041.100460,3.168850,-0.069010,37.535900
1041.300460,3.058040,-0.066080,37.651920
1041.500459,2.965420,0.396390,37.780300
1041.700459,2.941620,0.312630,37.863540
1041.900459,3.014020,0.042840,37.968170
1042.100459,3.131630,-0.172930,38.080250
1042.300459,3.112450,0.053770,38.159940
1042.500459,3.100540,0.233950,38.231090
1042.700459,2.965550,0.221940,38.300600
1042.900459,2.813150,0.309420,38.314530
1043.100459,2.921970,0.518590,38.376030
1043.300459,2.938540,0.483550,38.433580
1043.500458,2.987540,0.226970,38.470610
1043.700458,3.047070,0.071350,38.522450
1043.900458,3.091030,-0.052320,38.550270
1044.100458,3.117440,0.105770,38.585110
1044.300458,3.068610,0.311540,38.615890
1044.500458,3.026740,0.454040,38.637380
1044.700458,2.986250,0.770070,38.701390
1044.900458,2.965730,0.730000,38.674380
1045.100458,3.015960,0.396450,38.679550
1045.300458,2.987930,0.240680,38.554560
1045.500457,2.852740,0.178440,38.481640
1045.700457,3.040170,0.071030,38.461120
1045.900457,2.932600,0.295310,38.402850
1046.100457,2.921620,0.578540,38.371060
1046.300457,2.716370,0.275710,38.256640
1046.500457,2.756710,0.186110,38.178950
1046.700457,2.683110,0.243830,38.049700
1046.900457,2.624480,0.318750,37.921450
1047.100457,2.613960,0.070470,37.789950
1047.300457,2.610110,0.025560,37.695420
1047.500456,2.561380,0.022170,37.566790
1047.700456,2.802060,-0.219970,37.512360
1047.900456,2.910410,-0.071430,37.486520
1048.100456,3.309320,-0.236180,37.569560
1048.300456,3.564730,-0.089680,37.651550
1048.500456,3.637510,-0.175880,37.677990
1048.700456,3.618910,-0.136980,37.700990
1048.900456,3.681010,-0.179820,37.768400
1049.100456,3.685390,-0.183980,37.825910
1049.300455,3.544680,0.000180,37.841620
1049.500455,3.291260,-0.076740,37.840530
1049.700455,3.419920,-0.230070,37.905860
1049.900455,3.429920,-0.161510,37.919540
1050.100455,3.200090,-0.220610,37.913160
1050.300455,3.083620,-0.066060,37.955580
1050.500455,3.396630,-0.357890,37.938870
1050.700455,3.395080,-0.190340,37.930790
1050.900455,3.503350,-0.097240,37.928680
1051.100455,3.444900,-0.052550,37.879390
1051.300454,3.453140,0.005280,37.910580
1051.500454,3.350590,-0.051670,37.893990
1051.700454,3.375660,-0.023310,37.876470
1051.900454,3.388760,-0.280850,37.874000
1052.100454,3.398140,-0.493420,37.917820
1052.300454,3.325730,-0.251180,37.967370
1052.500454,3.319680,-0.356530,38.002830
1052.700454,3.369790,-0.296890,38.019880
1052.900454,3.522470,-0.297500,38.043770
1053.100454,3.589780,-0.277690,38.071460
1053.300453,3.719510,-0.227470,38.084490
1053.500453,3.491970,-0.335730,38.071570
1053.700453,3.293500,-0.255130,38.051540
1053.900453,3.143590,-0.323580,38.035970
1054.100453,3.376370,-0.132630,38.062090
1054.300453,3.490480,-0.352510,38.040250
1054.500453,3.340590,-0.370240,37.975080
1054.700453,3.254990,-0.361280,37.903310
1054.900453,3.180480,-0.437720,37.840100
1055.100452,3.086870,-0.533740,37.776480
1055.300452,3.056710,-0.688990,37.701350
1055.500452,3.125990,-0.591530,37.643350
1055.700452,2.891310,-0.497780,37.689380
1055.900452,2.783200,-0.810040,37.753310
1056.100452,2.963610,-0.807610,37.847570
1056.300452,3.281690,-0.671770,37.981430
1056.500452,3.241750,-0.378840,38.010390
1056.700452,3.162610,-0.213410,38.067100
1056.900452,3.183870,-0.517260,38.102220
1057.100451,3.137020,-0.227740,38.123950
1057.300451,3.045280,-0.468070,38.109420
1057.500451,3.120010,-0.480650,38.095690
1057.700451,3.015570,-0.094540,38.054390
1057.900451,2.648650,-0.433880,37.983660
1058.100451,2.606810,-0.664770,37.941100
1058.300451,2.791760,-0.601670,37.808170
1058.500451,2.956530,-0.639940,37.805490
1058.700451,2.987220,-0.430320,37.861320
1058.900451,2.854850,-0.284060,37.846420
1059.100450,2.592460,-0.302890,37.815400
1059.300450,2.662660,-0.208740,37.837270
1059.500450,2.770570,-0.308730,37.836840
1059.700450,2.838100,-0.534020,37.870870
1059.900450,3.034460,-0.789780,37.899320
1060.100450,3.007810,-0.576040,37.919220
1060.300450,2.855670,-0.353420,37.972130
1060.500450,2.765170,-0.447830,37.977920
1060.700450,2.799370,-0.448610,37.919050
1060.900450,3.015270,-0.372030,37.901430
1061.100449,3.071440,-0.126480,37.560830
1061.300449,2.939570,0.022770,36.866440
1061.500449,2.382180,0.132530,35.939670
1061.700449,2.150990,0.124440,34.641650
1061.900449,1.708320,0.057130,32.857540
1062.100449,1.614030,0.064880,30.590800
1062.300449,1.604490,0.077440,27.749020
1062.500449,1.407160,-0.268280,24.195930
1062.700449,1.212660,-0.619980,20.229730
1062.900448,1.750900,-0.652780,15.743450
1063.100448,1.500920,-0.440390,10.969240
1063.300448,1.871000,-0.355610,5.612850
1063.500448,1.844210,-0.332530,0.106080
1063.700448,2.049160,-0.479170,354.588770
1063.900448,2.161970,-0.601430,349.089670
1064.100448,1.816460,-0.761800,343.579850
1064.300448,3.033650,-0.210270,338.095890
1064.500448,2.445240,0.817410,332.955270
1064.700448,2.286360,1.618080,327.946630
1064.900447,2.888850,1.971530,323.295160
1065.100447,1.872700,1.728160,319.274990
1065.300447,2.631340,1.846900,315.829480
1065.500447,2.446020,1.680810,312.888260
1065.700447,1.995500,1.898340,310.600670
1065.900447,2.229660,2.029900,308.765420
1066.100447,1.858440,2.176600,307.513060
1066.300447,1.483530,2.002870,306.864180
1066.500447,1.399790,2.067040,306.684080
1066.700447,1.331340,2.175920,306.663530
1066.900446,1.068340,2.450090,306.631910
1067.100446,0.637310,1.845820,306.820530
1067.300446,1.154370,1.401610,307.111600
1067.500446,1.033680,1.327300,307.435650
1067.700446,1.351920,1.527200,307.879450
1067.900446,1.741900,1.489690,308.345280
1068.100446,1.866730,1.575760,308.720780
1068.300446,1.804150,1.784500,309.138030
1068.500446,1.637660,1.733860,309.486150
1068.700445,1.596110,1.475460,310.041060
1068.900445,1.837360,1.349180,310.749640
1069.100445,2.061510,1.352230,311.493130
1069.300445,2.184440,1.418790,312.251870
1069.500445,2.360250,1.373680,313.035750
1069.700445,2.791230,1.198630,313.697920
1069.900445,3.297650,1.166200,314.192410
1070.100445,3.769780,1.373720,314.710350
1070.300445,3.753410,1.341970,315.127290
1070.500445,3.937880,1.061420,315.355920
1070.700444,4.106320,1.255450,315.560210
1070.900444,4.042880,1.211220,315.712180
1071.100444,4.114860,1.227500,315.847390
1071.300444,4.082950,1.133450,315.671190
1071.500444,3.890120,0.929930,315.454720
1071.700444,3.798220,0.911060,315.273050
1071.900444,3.758140,0.821490,315.207450
1072.100444,3.700490,1.103530,315.234710
1072.300444,3.738910,0.887900,315.249960
1072.500444,3.788070,0.860400,315.265410
1072.700443,4.004170,1.026700,315.309640
1072.900443,3.838740,1.023140,315.294290
1073.100443,3.561150,0.969020,315.262230
1073.300443,3.200240,0.959520,315.278820
1073.500443,2.898010,0.764750,315.120780
1073.700443,3.159820,0.780530,315.033530
1073.900443,3.297470,0.839120,314.969330
1074.100443,3.404790,1.160350,314.919570
1074.300443,3.467210,1.541220,314.861340
1074.500442,3.886670,1.195680,314.869660
1074.700442,3.680450,1.297830,314.849300
1074.900442,3.202620,1.422620,314.842640
1075.100442,2.647510,1.165610,314.844280
1075.300442,2.390120,1.138230,314.844850
1075.500442,2.335640,1.104600,314.787000
1075.700442,2.689150,0.847360,314.805810
1075.900442,3.196050,0.866840,314.876180
1076.100442,3.466840,1.062440,314.846950
1076.300442,3.484200,1.024710,314.694180
1076.500441,3.257870,1.028890,314.286550
1076.700441,3.222780,1.058080,314.085560
1076.900441,3.061220,1.020480,314.004220
1077.100441,3.091140,0.951090,314.006780
1077.300441,3.025380,0.814770,314.101480
1077.500441,3.067970,0.834070,314.220380
1077.700441,3.167060,0.756550,314.317600
1077.900441,3.323040,0.768390,314.418490
1078.100441,3.507710,0.750690,314.533900
1078.300441,3.362340,0.879660,314.625070
1078.500440,3.130770,0.951670,314.653810
1078.700440,2.888430,0.805800,314.628400
1078.900440,2.672060,0.809280,314.618010
1079.100440,2.479720,0.827440,314.578810
1079.300440,2.147310,0.654790,314.508830
1079.500440,1.922130,0.988480,314.510910
1079.700440,1.709480,0.615900,314.501690
1079.900440,1.590750,0.563310,314.544880
1080.100440,1.611580,0.348890,314.742260
1080.300440,2.345990,0.350750,314.966870
1080.500439,2.392560,0.685950,315.119310
1080.700439,2.255370,0.400990,315.172570
1080.900439,1.997070,0.297570,315.184900
1081.100439,1.709570,0.311490,315.104800
1081.300439,1.827330,0.518360,314.993710
1081.500439,1.736570,0.324310,315.005440
1081.700439,1.805230,0.181510,315.131870
1081.900439,1.794050,0.058700,315.213870
1082.100439,1.945520,0.213670,315.278930
1082.300438,1.981810,0.335170,315.334450
1082.500438,2.232230,0.342930,315.356190
1082.700438,2.452410,0.254950,315.390570
1082.900438,2.552540,0.462880,315.440190
1083.100438,2.717300,0.393130,315.500420
1083.300438,2.801970,0.285330,315.559830
1083.500438,2.844790,0.331390,315.548990
1083.700438,2.848210,0.395810,315.532970
1083.900438,2.807970,0.327560,315.520640
1084.100438,2.474220,0.446980,315.463050
1084.300437,2.534320,0.523850,315.418300
1084.500437,2.298150,0.490650,315.347890
1084.700437,2.365090,0.409920,315.266150
1084.900437,2.187420,0.419950,315.209110
1085.100437,2.350570,0.437390,315.134020
1085.300437,2.464710,0.382110,315.099680
1085.500437,2.688890,0.379990,315.070630
1085.700437,2.676480,0.467040,315.030000
1085.900437,2.899250,0.308760,315.001110
1086.100437,2.772100,0.336110,314.975520
1086.300436,2.704130,0.732210,314.959080
1086.500436,2.490430,0.767640,314.915340
1086.700436,2.515460,0.489890,314.884240
1086.900436,2.388210,0.678570,314.921370
1087.100436,2.289300,0.719180,314.840290
1087.300436,2.319080,0.479140,314.782960
1087.500436,2.384980,0.183030,314.779640
1087.700436,2.701360,0.187170,314.764860
1087.900436,2.958510,0.257530,314.767970
1088.100435,3.150740,0.308740,314.771290
1088.300435,3.456810,0.423280,314.876660
1088.500435,3.338530,0.416000,314.898970
1088.700435,3.617220,0.395630,314.899330
1088.900435,3.058940,0.690830,314.910610
1089.100435,3.252040,0.731240,314.967450
1089.300435,3.056960,0.302570,314.990000
1089.500435,3.304950,0.393450,315.014270
1089.700435,3.646600,0.605630,315.025040
1089.900435,3.734830,0.493170,315.107000
1090.100434,4.115930,0.306950,315.181610
1090.300434,4.004380,0.283480,315.249820
1090.500434,3.898410,0.379320,315.330180
1090.700434,3.984500,0.477660,315.382970
1090.900434,3.896620,0.410400,315.441000
1091.100434,3.802590,0.493680,315.456330
1091.300434,3.956110,0.399250,315.495720
1091.500434,3.838560,0.249190,315.511500
1091.700434,3.800250,0.242970,315.542450
1091.900434,3.813060,0.313590,315.558120
1092.100433,3.801950,0.396300,315.571430
1092.300433,3.808280,0.401150,315.634440
1092.500433,3.767680,0.438610,315.633030
1092.700433,3.584610,0.401940,315.665780
1092.900433,3.803590,0.297350,315.557510
1093.100433,3.632650,0.125910,315.289990
1093.300433,3.459350,0.203350,315.128400
1093.500433,3.562460,0.275660,314.948810
1093.700433,3.609220,0.235370,314.783360
1093.900433,3.456610,0.144290,314.612380
1094.100432,3.498140,0.142030,314.485010
1094.300432,3.582590,0.182750,314.391980
1094.500432,3.576490,0.472490,314.309080
1094.700432,3.706410,0.431050,314.218210
1094.900432,3.605460,0.568320,314.158300
1095.100432,3.408130,0.687430,314.085140
1095.300432,3.447560,0.710240,314.036430
1095.500432,3.443400,0.828150,313.993320
1095.700432,3.471800,0.987910,313.973570
1095.900431,3.471800,0.987910,313.973570
1096.100431,3.390190,0.943560,313.936660
1096.300431,3.309240,0.673160,313.917290
1096.500431,3.261820,0.407880,313.898440
1096.700431,3.356510,0.174530,313.890550
1096.900431,3.265200,0.093310,313.861550
1097.100431,3.138710,0.000240,313.877440
1097.300431,3.115440,-0.114580,313.854900
1097.500431,3.013190,-0.027770,313.874680
1097.700431,3.048770,0.053500,313.948640
1097.900430,2.940320,0.034880,314.016220
1098.100430,2.950270,0.205160,314.267780
1098.300430,3.092890,0.456830,314.494400
1098.500430,2.969000,0.592400,314.646530
1098.700430,3.075310,0.509030,314.886220
1098.900430,3.118240,0.447480,314.958960
1099.100430,3.205400,0.419610,315.120340
1099.300430,3.176610,0.328090,315.199090
1099.500430,3.118360,0.133900,315.258160
1099.700430,2.980830,0.111340,315.305840
1099.900429,2.891800,0.142380,315.324520
1100.100429,2.757560,0.226390,315.342820
1100.300429,2.747150,0.373280,315.284670
1100.500429,2.839310,0.591580,315.328390
1100.700429,2.696600,0.589650,315.263720
1100.900429,3.062830,0.553030,315.217460
1101.100429,3.289420,0.595190,315.266470
1101.300429,3.399050,0.356290,315.195800
1101.500429,3.301410,0.015410,315.103290
1101.700428,3.318250,-0.093640,315.060750
1101.900428,3.352180,-0.199790,314.952090
1102.100428,3.443310,0.037160,314.956880
1102.300428,3.187640,0.333370,315.014760
1102.500428,3.051470,0.473030,315.121070
1102.700428,3.196130,0.436910,315.208090
1102.900428,3.396260,0.583890,315.314060
1103.100428,3.644850,0.560450,315.381800
1103.300428,3.751970,0.152420,315.402630
1103.500428,3.662760,0.129480,315.441800
1103.700427,3.378870,0.554640,315.316110
1103.900427,3.313160,0.739500,315.188960
1104.100427,3.523760,0.584560,315.120320
1104.300427,3.692390,0.416350,315.082140
1104.500427,3.574360,0.411530,315.023950
1104.700427,3.411720,0.383620,314.969220
1104.900427,3.158710,0.254760,314.898110
1105.100427,3.325120,0.830790,314.914960
1105.300427,3.361740,0.619050,314.909210
1105.500427,3.138630,0.385500,314.883310
1105.700426,3.056760,0.422600,314.860140
1105.900426,3.347070,0.449350,314.909540
1106.100426,3.538160,0.728300,314.900730
1106.300426,3.529490,0.884110,314.895510
1106.500426,3.239040,0.479820,315.111970
1106.700426,3.292890,0.609100,315.338700
1106.900426,3.386360,0.504400,315.512070
1107.100426,3.129610,0.332360,315.636240
1107.300426,2.887540,0.630140,315.731730
1107.500425,3.037110,0.514040,315.796750
1107.700425,3.262770,0.517870,315.847270
1107.900425,3.062010,0.423960,315.850140
1108.100425,2.873790,0.605090,315.846460
1108.300425,2.837070,0.278000,315.820030
1108.500425,2.828950,0.460490,315.832080
1108.700425,2.773910,0.447330,315.781940
1108.900425,2.613250,0.523340,315.661460
1109.100425,2.289500,0.590810,315.570830
1109.300425,2.204140,0.671000,315.445490
1109.500424,2.379290,0.668270,315.302820
1109.700424,2.574670,0.929490,315.182370
1109.900424,2.972120,0.903900,315.091210
1110.100424,3.280370,0.866910,315.005210
1110.300424,3.579750,0.652270,314.989310
1110.500424,3.166320,1.115220,315.008440
1110.700424,2.204220,1.483640,315.075150
1110.900424,2.176110,1.906180,315.166240
1111.100424,2.625170,1.448660,315.145940
1111.300424,2.705410,1.368800,315.154760
1111.500423,2.607370,1.191130,315.206020
1111.700423,2.552720,1.559200,315.236360
1111.900423,2.492170,1.641920,315.207000
1112.100423,2.651210,1.617280,315.189950
1112.300423,2.856200,1.566330,315.193820
1112.500423,3.005490,1.611590,315.171340
1112.700423,3.064240,1.369890,315.158950
1112.900423,2.955160,1.790280,315.216660
1113.100423,2.819000,1.712470,315.206030
1113.300423,2.865720,1.714510,315.182040
1113.500422,2.930190,1.960950,315.158360
1113.700422,2.888490,1.845270,315.100300
1113.900422,2.952000,2.059140,315.099900
1114.100422,2.843230,2.056740,315.061240
1114.300422,2.773230,2.570340,315.071790
1114.500422,2.869010,2.507260,315.075680
1114.700422,3.116090,2.512290,315.116410
1114.900422,3.359150,2.727270,315.189050
1115.100422,3.344500,3.028100,315.305430
1115.300421,3.048200,3.289750,315.396130
1115.500421,2.890500,3.478490,315.503960
1115.700421,2.940820,3.546360,315.478070
1115.900421,2.888440,3.643510,315.498810
1116.100421,3.059530,4.066830,315.552300
1116.300421,3.134160,4.225470,315.499680
1116.500421,2.984130,4.179450,315.486940
1116.700421,2.999240,4.416520,315.527970
1116.900421,2.805160,4.233040,315.475870
1117.100421,2.365780,4.847430,315.576940
1117.300420,2.572660,4.943530,315.489160
1117.500420,2.984300,4.442440,315.354370
1117.700420,2.996220,4.500480,315.308390
1117.900420,3.072770,4.411050,315.268630
1118.100420,2.991940,4.603590,315.217550
1118.300420,3.095600,4.550180,315.201160
1118.500420,3.328170,4.512970,315.172560
1118.700420,3.403180,4.650390,315.136820
1118.900420,3.281330,4.563620,315.105210
1119.100420,3.239970,4.549510,315.085260
1119.300419,3.245820,4.745890,315.138970
1119.500419,3.237390,4.857130,315.141420
1119.700419,3.107590,4.544970,315.107130
1119.900419,3.187850,4.611910,315.139550
1120.100419,3.284610,4.719430,315.153710
1120.300419,3.140880,4.642410,315.118750
1120.500419,3.049300,4.504860,315.099590
1120.700419,3.152760,4.628940,315.134220
1120.900419,3.224530,4.510230,315.143350
1121.100418,3.220990,4.450330,315.138790
1121.300418,3.165790,4.434160,315.114650
1121.500418,3.042440,4.328470,315.121150
1121.700418,2.655790,4.830070,315.131720
1121.900418,2.164340,4.733500,315.126000
1122.100418,2.257150,5.128140,315.124600
1122.300418,2.367310,4.711150,315.079030
1122.500418,2.468180,4.302280,315.049580
1122.700418,2.657660,4.052410,315.069250
1122.900418,2.654660,4.599340,315.063960
1123.100417,3.268830,4.619960,315.041650
1123.300417,3.425550,5.099330,315.075870
1123.500417,3.355770,4.661050,315.114500
1123.700417,3.404200,4.895640,315.119640
1123.900417,3.269590,4.979530,315.153140
1124.100417,3.045260,4.703490,315.185260
1124.300417,2.981080,4.563680,315.235010
1124.500417,2.883480,4.490410,315.297210
1124.700417,2.848470,4.735520,315.378230
1124.900417,3.154510,4.557990,315.454310
1125.100416,3.308300,4.238670,315.547470
1125.300416,2.991840,4.855230,315.732760
1125.500416,2.746210,4.566330,315.900840
1125.700416,2.687970,4.684590,316.029930
1125.900416,2.686810,4.546370,316.153820
1126.100416,2.657280,4.323800,316.246480
1126.300416,2.636690,4.709600,316.191610
1126.500416,2.658680,4.475210,316.147450
1126.700416,2.687390,4.463290,316.143680
1126.900415,2.848810,4.370820,316.099090
1127.100415,2.719420,4.176930,316.057290
1127.300415,2.376760,4.522940,316.043080
1127.500415,2.343110,4.609220,315.959400
1127.700415,2.719150,4.697410,315.848650
1127.900415,2.813670,4.398590,315.775780
1128.100415,2.612000,4.382270,315.718030
1128.300415,2.832410,4.433770,315.745910
1128.500415,2.782800,4.354880,315.734820
1128.700415,2.856610,4.496930,315.739450
1128.900414,2.783920,4.444410,315.735330
1129.100414,2.717740,4.393640,315.729100
1129.300414,2.578790,4.251800,315.775260
1129.500414,2.682310,3.904610,315.828930
1129.700414,2.774030,4.154130,315.925140
1129.900414,2.485860,4.251030,315.942300
1130.100414,2.219300,4.066540,315.980250
1130.200414,1.881550,3.859840,315.890750
1130.400414,2.141220,3.990020,315.784500
1130.600414,2.574720,4.149500,315.693850
1130.800413,2.975080,3.969240,315.672160
1131.000413,2.975930,4.054570,315.696380
1131.200413,3.076850,4.043240,315.714890
1131.400413,3.043100,4.185270,315.730710
1131.600413,2.738450,4.172940,315.721030
1131.800413,2.185790,4.281300,315.672110
1132.000413,1.755150,4.574280,315.671120
1132.200413,1.394760,3.796060,315.592110
1132.400413,1.301310,3.773090,315.521240
1132.600413,1.070510,3.775440,315.480910
1132.800412,0.894980,3.372280,315.514320
1133.000412,0.794360,2.890420,315.493480
1133.200412,0.814820,2.522290,315.551550
1133.400412,0.995070,2.306210,315.377620
1133.600412,1.432060,2.184360,315.207340
1133.800412,1.888760,1.935490,315.112780
1134.000412,2.214550,1.640900,314.991940
1134.200412,2.323610,1.809000,314.876980
1134.400412,2.233510,2.402910,314.738600
1134.600412,2.226900,2.621450,314.662600
1134.800411,2.234820,2.451990,314.568470
1135.000411,2.198080,2.566430,314.356470
1135.200411,2.282120,1.815790,314.178310
1135.400411,2.271120,1.388400,314.040050
1135.600411,2.426300,1.487080,313.910950
1135.800411,2.477360,1.884890,313.827760
1136.000411,2.346140,1.698980,313.740840
1136.200411,2.264870,1.691990,313.675390
1136.400411,2.259700,1.690730,313.611590
1136.600410,2.184090,1.629220,313.550230
1136.800410,2.242760,1.815730,313.501370
1137.000410,2.325420,1.932540,313.545470
1137.200410,2.307680,2.028410,313.700810
1137.400410,2.382830,1.869430,313.857050
1137.600410,2.528430,1.735450,314.067090
1137.800410,2.558710,1.896190,314.282030
1138.000410,2.389160,1.644140,314.453790
1138.200410,2.292040,1.723010,314.507150
1138.400410,2.251160,1.734870,314.584840
1138.600409,2.191040,1.799780,314.659420
1138.800409,2.036000,1.805410,314.753180
1139.000409,2.108240,1.595460,314.828090
1139.200409,2.326510,1.624130,314.906250
1139.300409,2.327970,1.649280,314.970040
1139.500409,2.258940,1.626070,315.053040
1139.700409,2.335790,1.596100,315.150170
1139.900409,2.510720,1.560050,315.203310
1140.100409,2.683010,1.613870,315.276060
1140.300409,2.719520,1.608390,315.321910
1140.500408,2.661700,1.843280,315.409620
1140.700408,2.390180,1.989890,315.477120
1140.900408,2.075560,1.493560,315.499350
1141.100408,2.008740,1.306730,315.471410
1141.300408,2.368490,1.514550,315.449060
1141.500408,2.697310,1.603610,315.449370
1141.700408,2.674810,1.653440,315.455640
1141.900408,2.480040,1.616100,315.441570
1142.000408,2.375820,1.670840,315.426410
1142.200408,2.164190,1.646660,315.375810
1142.400408,2.090320,1.630630,315.332720
1142.600407,2.070220,1.505440,315.294370
1142.800407,2.079030,1.524620,315.275750
1143.000407,2.102080,1.580320,315.250510
1143.200407,2.112910,1.579920,315.238980
1143.400407,2.128690,1.646210,315.240200
1143.600407,2.117850,1.732620,315.252450
1143.800407,2.129040,1.704190,315.250370
1144.000407,2.012550,1.584120,315.209150
1144.200407,2.076070,1.454430,315.150490
1144.400406,2.160770,1.665940,315.123270
1144.600406,2.040150,1.674850,315.119270
1144.800406,2.049110,1.535980,315.121780
1145.000406,2.137950,1.558120,315.132060
1145.200406,2.082700,1.587900,315.135480
1145.400406,1.989930,1.651650,315.133190
1145.600406,2.102630,1.509740,315.135810
1145.800406,2.280260,1.329000,315.158270
1146.000406,2.343450,1.539410,315.203710
1146.200406,2.384490,1.589600,315.257250
1146.400405,2.415120,1.827320,315.312110
1146.600405,2.304890,1.910990,315.297910
1146.800405,2.360240,1.973280,315.284770
1147.000405,2.447810,1.749200,315.302360
1147.200405,2.491510,1.542210,315.312460
1147.400405,2.675810,1.665320,315.351890
1147.600405,2.726520,1.835350,315.381740
1147.800405,2.487330,2.021290,315.438950
1148.000405,2.405100,1.852710,315.469430
1148.200405,2.508440,1.786930,315.483590
1148.400404,2.533680,1.871570,315.536270
1148.600404,2.549910,1.711350,315.556260
1148.800404,2.599840,1.693190,315.600070
1149.000404,2.491620,1.836640,315.593640
1149.200404,2.435870,1.712600,315.595510
1149.400404,2.482530,1.474300,315.595900
1149.600404,2.376090,1.650150,315.595740
1149.800404,2.265930,1.658670,315.576420
1150.000404,2.372190,1.580850,315.531160
1150.200403,2.370760,1.681750,315.428730
1150.400403,2.401740,1.770560,315.342630
1150.500403,2.399470,1.667670,315.289970
1150.600403,2.448520,1.504050,315.243050
1150.800403,2.398190,1.702230,315.218520
1151.000403,2.521380,1.816800,315.165600
1151.200403,2.577030,1.648170,315.099630
1151.400403,2.532890,1.762820,315.048250
1151.600403,2.588230,1.850340,315.018430
1151.800403,2.551990,1.825550,315.055080
1152.000403,2.499810,2.022960,315.107680
1152.200402,2.567650,1.783240,315.140270
1152.400402,2.353490,1.764310,315.172260
1152.600402,2.134790,2.058870,315.285810
1152.800402,2.240080,1.546490,315.310290
1153.000402,2.350970,1.881690,315.352270
1153.200402,2.139790,1.745210,315.374290
1153.400402,2.159840,1.874250,315.365680
1153.600402,2.264400,1.884900,315.349830
1153.800402,2.318460,1.930100,315.333870
1154.000402,2.306130,2.031330,315.295020
1154.200401,2.007420,2.296630,315.283850
1154.400401,1.936820,1.903470,315.253540
1154.600401,2.233860,1.773200,315.204230
1154.800401,2.286600,1.886810,315.161220
1155.000401,2.170270,2.042490,315.096920
1155.200401,1.960560,2.030750,315.050710
1155.400401,1.930410,1.851230,315.033510
1155.600401,1.952230,1.815700,315.019460
1155.800401,2.023670,1.720170,315.011650
1156.000400,2.137220,1.612900,314.992130
1156.200400,2.297250,1.235900,314.988350
1156.400400,2.388420,1.191080,314.961840
1156.600400,2.476050,1.324860,314.971010
1156.800400,2.515910,1.142900,315.016920
1157.000400,2.621950,1.108760,315.057050
1157.200400,2.678440,1.065310,315.116050
1157.400400,2.585680,1.127360,315.194930
1157.600400,2.562860,0.880050,315.269560
1157.800400,2.647530,0.936160,315.329110
1158.000399,2.670280,1.047240,315.377640
1158.200399,2.544800,1.168030,315.385850
1158.400399,2.460410,1.073380,315.393070
1158.600399,2.460340,0.980860,315.399680
1158.800399,2.551890,1.029440,315.411040
1159.000399,2.771950,1.006490,315.403510
1159.200399,3.138310,0.750330,315.443810
1159.400399,2.878500,1.077970,315.422040
1159.600399,2.492730,1.172950,315.449310
1159.800399,2.404470,0.886930,315.412730
1160.000398,2.459480,0.981820,315.407210
1160.200398,2.370130,1.044810,315.424300
1160.400398,2.329370,0.937360,315.438470
1160.600398,2.328180,0.950590,315.461720
1160.800398,2.294610,0.888150,315.476930
1161.000398,2.247760,0.910220,315.471720
1161.200398,2.234150,0.724140,315.436590
1161.400398,2.305410,0.648350,315.397740
1161.600398,2.422070,0.826910,315.343040
1161.800398,2.567830,0.537130,315.294380
1162.000397,2.663170,0.610110,315.249430
1162.200397,2.707340,0.737700,315.208020
1162.400397,2.708750,0.587810,315.166380
1162.600397,2.723270,0.589540,315.130030
1162.800397,2.727160,0.717710,315.088190
1163.000397,2.636740,0.495270,315.056470
1163.200397,2.537740,0.612480,315.026610
1163.400397,2.452380,0.587230,314.983600
1163.600397,2.293530,0.578180,314.972590
1163.800396,2.278380,0.508370,314.997880
1164.000396,2.382840,0.517340,315.031450
1164.200396,2.389340,0.643830,315.053590
1164.400396,2.361100,0.579850,315.075730
1164.600396,2.328390,0.546460,315.114770
1164.800396,2.295170,0.481220,315.169730
1165.000396,2.133770,0.633560,315.190710
1165.200396,2.008830,0.314180,315.230700
1165.400396,2.216050,0.470160,315.209540
1165.600396,2.472290,0.467890,315.200450
1165.800395,2.473670,0.261440,315.157510
1166.000395,2.586950,0.653410,315.144480
1166.200395,2.683880,0.413040,315.105860
1166.400395,2.621300,0.454870,315.118140
1166.600395,2.567090,0.446410,315.104410
1166.800395,2.727340,0.343370,315.080460
1167.000395,2.609400,0.342040,315.060300
1167.200395,2.413210,0.371160,315.080230
1167.400395,2.295990,0.352140,315.052160
1167.600395,2.212590,0.251280,315.021440
1167.800394,2.154270,0.508110,315.001420
1168.000394,2.135200,0.326850,314.989600
1168.200394,2.273170,0.267920,315.005660
1168.400394,2.210750,0.410300,315.025890
1168.600394,2.057740,0.461160,315.084100
1168.800394,2.200860,0.037040,315.100010
1169.000394,2.294100,0.273970,315.239170
1169.200394,2.333140,0.415670,315.340360
1169.400394,2.458990,0.484790,315.424980
1169.600393,2.370230,0.552660,315.511310
1169.800393,2.145590,0.289410,315.509380
1170.000393,2.136830,0.394020,315.524120
1170.200393,2.277120,0.474840,315.547130
1170.400393,2.320630,0.502930,315.531920
1170.600393,2.230090,0.676270,315.479910
1170.800393,2.107980,0.053500,315.427790
1171.000393,2.168500,0.422270,315.398070
1171.200393,2.191710,0.337690,315.350870
1171.400393,2.323510,0.319980,315.327740
1171.600392,2.419340,0.254940,315.259960
1171.800392,2.463130,0.353970,315.201340
1172.000392,2.492510,0.290100,315.139170
1172.200392,2.488130,0.275850,315.101170
1172.400392,2.579440,0.479980,315.100430
1172.600392,2.663440,0.638560,315.115490
1172.800392,2.789720,0.644990,315.141020
1173.000392,2.977840,0.735140,315.186570
1173.200392,2.748670,0.596460,315.298020
1173.400392,2.508320,0.670490,315.424700
1173.600391,2.459260,0.738430,315.518170
1173.800391,2.377400,0.826330,315.614450
1174.000391,2.504390,0.937090,315.651860
1174.200391,2.525250,0.518750,315.669670
1174.400391,2.568320,0.582350,315.713740
1174.600391,2.754750,0.581360,315.770780
1174.800391,2.777630,0.629520,315.775320
1175.000391,2.627560,0.570060,315.569540
1175.200391,2.465460,0.588360,315.292520
1175.400391,2.598790,0.443110,315.044060
1175.600390,2.608630,0.711220,314.795870
1175.800390,2.541280,0.801830,314.565110
1176.000390,2.418210,0.862790,314.312290
1176.200390,2.449290,1.054680,314.077850
1176.400390,2.189000,1.149700,313.768600
1176.600390,2.397340,0.640070,313.559190
1176.800390,2.316780,0.749680,313.392660
1177.000390,2.365120,0.695940,313.291160
1177.200390,2.409890,0.589010,313.220530
1177.400389,2.411610,0.660850,313.146770
1177.600389,2.385020,0.673380,313.048120
1177.800389,2.318030,0.781660,312.969890
1178.000389,2.384180,0.914730,312.893520
1178.100389,2.373140,0.785490,312.838460
1178.200389,2.346730,0.744220,312.792420
1178.400389,2.315570,0.556060,312.725940
1178.600389,2.143450,0.557620,312.764840
1178.800389,2.059010,0.530050,312.844010
1179.000389,1.912100,0.552920,312.995980
1179.200389,1.876090,0.430280,313.228200
1179.400388,1.852050,0.499390,313.422800
1179.600388,1.933440,0.381300,313.627020
1179.800388,1.887720,0.351870,313.823590
1180.000388,1.930420,0.339580,313.998670
1180.200388,1.984670,0.265390,314.187370
1180.400388,1.929550,0.245340,314.337360
1180.600388,2.001590,0.332830,314.480960
1180.800388,1.939690,0.436790,314.628960
1181.000388,2.085540,0.540580,314.757540
1181.200388,2.152950,0.632650,314.894000
1181.400387,2.021450,0.642340,314.982490
1181.600387,2.207440,0.445250,315.101550
1181.800387,2.151170,0.394780,315.244380
1182.000387,2.125200,0.679840,315.435670
1182.200387,2.290980,0.611910,315.560940
1182.400387,2.271030,0.590730,315.656630
1182.600387,2.086650,0.309600,315.719310
1182.800387,2.140370,0.523420,315.800150
1183.000387,2.198810,0.513970,315.856890
1183.200386,2.115030,0.542070,315.900040
1183.400386,2.004300,0.594270,315.946550
1183.600386,1.962730,0.616870,315.994950
1183.800386,1.987970,0.643130,316.030510
1184.000386,2.120420,0.646150,316.057040
1184.200386,2.144800,0.598650,316.092440
1184.400386,2.128410,0.574260,316.127210
1184.600386,2.089890,0.531950,316.153750
1184.800386,2.053260,0.532340,316.182810
1185.000386,2.080770,0.498650,316.180370
1185.200385,2.044610,0.492830,316.191080
1185.400385,2.044720,0.537230,316.130730
1185.600385,2.059760,0.546920,315.969520
1185.800385,2.173380,0.610340,315.564850
1186.000385,2.314720,0.656130,314.766610
1186.200385,2.342230,0.687740,313.523930
1186.400385,2.376480,0.686670,311.820520
1186.600385,2.471940,0.679920,309.477800
1186.800385,2.607880,0.697760,306.259920
1187.000385,2.541320,0.724100,302.431480
1187.200384,2.609940,0.774480,298.150320
1187.400384,2.452900,0.821250,293.292570
1187.600384,1.816820,1.039340,287.790480
1187.800384,1.683860,1.024220,282.098330
1188.000384,1.746140,0.902700,276.377260
1188.200384,1.433640,0.625160,270.633700
1188.400384,0.976070,0.282790,265.036600
1188.600384,1.020210,0.064000,259.775370
1188.800384,0.850940,-0.143010,254.821360
1189.000383,0.722220,-0.183910,250.639740
1189.200383,0.949440,-0.162210,247.015760
1189.400383,1.169360,-0.023230,243.914620
1189.600383,1.420940,0.052900,240.875650
1189.800383,1.768990,0.157840,237.767730
1190.000383,1.854420,0.211180,234.947830
1190.200383,1.786520,0.270760,232.653090
1190.400383,1.820920,0.263180,230.791560
1190.600383,1.771430,-0.016650,229.105260
1190.800383,1.819790,-0.154450,227.433570
1191.000382,1.558410,-0.239200,225.999690
1191.200382,1.665130,-0.156750,224.865490
1191.400382,1.644650,-0.218730,223.989910
1191.600382,1.929700,-0.481180,223.384970
1191.800382,1.308790,-0.240930,223.067440
1192.000382,1.356230,-0.203890,222.962550
1192.200382,1.052720,-0.336330,222.960660
1192.400382,1.001220,-0.153400,223.035240
1192.600382,1.214780,-0.069000,223.086880
1192.800382,1.154700,0.009310,223.134370
1193.000381,1.470390,-0.159450,223.196460
1193.200381,1.559820,-0.361330,223.242070
1193.400381,1.810800,-0.316840,223.323600
1193.600381,1.994110,-0.125390,223.394630
1193.800381,2.126390,-0.194950,223.549840
1194.000381,2.410250,-0.150570,223.720990
1194.200381,2.676220,-0.477570,223.884580
1194.400381,2.739860,-0.571390,223.954860
1194.600381,2.772390,-0.352550,224.042120
1194.800381,2.490050,-0.428710,224.128220
1195.000380,2.271320,-0.642690,224.210770
1195.200380,2.081830,-0.840000,224.228910
1195.400380,2.179580,-0.918060,224.190130
1195.600380,2.245790,-1.069150,223.990650
1195.800380,2.312380,-1.007080,223.769100
1196.000380,2.422760,-0.906940,223.540810
1196.200380,2.526040,-0.882980,223.347750
1196.400380,2.667360,-1.118670,223.132980
1196.600380,2.572940,-1.083220,222.902650
1196.800379,2.485980,-0.891420,222.692710
1197.000379,2.399650,-0.972980,222.507850
1197.200379,2.510700,-1.048380,222.301670
1197.400379,2.591710,-0.824320,222.127140
1197.600379,2.620800,-0.719080,221.960690
1197.800379,2.667720,-0.820660,221.762490
1198.000379,2.686390,-0.969390,221.353390
1198.200379,2.712800,-0.974310,220.834310
1198.400379,2.662260,-0.930100,220.149100
1198.600379,2.663550,-0.840500,219.346910
1198.800378,2.585850,-0.750220,218.436650
1199.000378,2.716290,-0.696730,217.363290
1199.200378,2.508800,-0.679640,216.171190
1199.400378,2.690930,-0.850380,215.036120
1199.600378,2.567240,-1.037120,213.841220
1199.800378,2.440190,-1.187700,212.833010
1200.000378,2.732920,-1.187230,211.902830
1200.200378,2.488740,-1.190850,210.982680
1200.400378,2.584660,-1.154940,210.099330
1200.600378,2.602690,-1.088960,209.273150
1200.800377,2.557650,-0.955260,208.478880
1201.000377,2.607110,-0.843540,207.740850
1201.200377,2.534410,-0.684820,207.068170
1201.400377,2.502100,-0.548570,206.486620
1201.600377,2.493880,-0.490470,206.129090
1201.800377,2.451330,-0.451530,205.881250
1202.000377,2.376710,-0.423830,205.746500
1202.200377,2.373890,-0.495970,205.706450
1202.400377,2.392230,-0.549040,205.699800
1202.600376,2.377110,-0.569060,205.715300
1202.800376,2.415130,-0.579870,205.743810
1203.000376,2.437080,-0.443110,205.823850
1203.200376,2.478250,-0.374220,205.907270
1203.400376,2.550810,-0.372370,206.001450
1203.600376,2.720670,-0.314240,206.158200
1203.800376,2.815850,-0.272540,206.227240
1204.000376,2.805430,-0.234830,206.243080
1204.200376,2.867280,-0.392950,206.140820
1204.400376,2.722720,-0.592740,205.880170
1204.600375,2.771610,-1.034330,205.660460
1204.800375,2.742210,-1.119310,205.415210
1205.000375,2.674950,-0.951270,205.111360
1205.200375,2.867540,-0.823920,204.584700
1205.400375,2.667520,-0.821180,203.956830
1205.600375,2.809110,-0.826640,203.298520
1205.800375,2.726200,-0.755440,202.463410
1206.000375,2.725170,-0.568200,201.596220
1206.200375,2.701580,-0.558070,200.721420
1206.400375,2.792430,-0.597910,199.699010
1206.600374,2.614420,-0.706730,198.482750
1206.800374,2.879200,-0.835540,197.387940
1207.000374,2.980530,-0.761190,196.111580
1207.200374,3.169460,-0.963110,194.888890
1207.400374,3.388320,-0.912740,193.824560
1207.600374,3.300060,-0.807390,193.007050
1207.800374,3.263840,-0.627250,192.314990
1208.000374,3.098070,-0.520680,191.664590
1208.200374,2.933420,-0.545450,191.184770
1208.400373,2.946080,-0.624310,190.721480
1208.600373,2.833770,-0.670210,190.399050
1208.800373,2.880880,-0.745910,190.200510
1209.000373,2.783010,-0.809060,190.067680
1209.200373,2.824890,-0.788680,189.971220
1209.400373,2.742620,-0.562660,189.947770
1209.600373,2.644150,-0.479600,189.945120
1209.800373,2.600340,-0.693050,189.940880
1210.000373,2.576890,-0.814370,189.925180
1210.200373,2.536060,-0.526560,189.895820
1210.400372,2.626970,-0.480120,189.890930
1210.600372,2.480820,-0.442290,189.923390
1210.800372,2.547230,-0.311720,189.927330
1211.000372,2.582970,-0.276680,189.998040
1211.200372,2.565630,-0.409600,190.019320
1211.400372,2.626480,-0.569000,190.044700
1211.600372,2.460160,-0.461190,190.066420
1211.800372,2.311260,-0.387640,190.251730
1212.000372,2.313980,-0.514460,190.677520
1212.200372,2.304390,-0.639020,191.072950
1212.400371,2.101370,-0.836680,191.416960
1212.600371,2.108980,-0.917710,191.752810
1212.800371,1.967090,-0.773910,192.044090
1213.000371,2.138580,-0.656260,192.260490
1213.200371,2.170970,-0.688030,192.433410
1213.400371,2.208010,-0.652460,192.570230
1213.600371,2.508720,-0.634580,192.686540
1213.800371,2.658710,-0.672530,192.707450
1214.000371,2.759620,-0.855190,192.719840
1214.200371,2.796100,-1.003180,192.714970
1214.400370,2.739660,-1.055290,192.687510
1214.600370,2.729320,-1.013880,192.660260
1214.800370,2.711730,-0.803430,192.651350
1215.000370,2.756410,-0.581470,192.679890
1215.200370,2.899270,-0.537180,192.774240
1215.400370,2.983190,-0.410320,192.882090
1215.600370,2.983980,-0.644480,192.959020
1215.800370,2.972230,-1.007530,193.014520
1216.000370,2.758960,-1.025470,193.069740
1216.200369,2.859650,-0.774220,193.152620
1216.400369,2.983110,-0.941610,193.107880
1216.600369,3.205030,-0.823700,192.987460
1216.800369,3.112200,-0.427590,192.860450
1217.000369,2.597520,-0.262150,192.678490
1217.200369,2.166810,-0.350300,192.541150
1217.400369,1.927410,-0.659910,192.414890
1217.600369,1.880830,-0.877700,192.296850
1217.800369,2.068270,-1.383140,192.147570
1218.000369,2.146150,-1.489680,192.020100
1218.200368,2.401810,-1.132440,191.932810
1218.400368,2.363640,-0.991270,191.833390
1218.600368,2.501750,-0.665700,191.753530
1218.800368,2.652420,-0.494450,191.685720
1219.000368,2.776370,-1.579150,191.589880
1219.200368,2.782470,-1.650750,191.555190
1219.400368,2.587990,-1.153540,191.554750
1219.600368,2.496990,-0.991050,191.505720
1219.800368,2.410020,-1.139240,191.463320
1220.000368,2.200330,-1.180450,191.459780
1220.200367,2.030920,-1.246390,191.568630
1220.400367,1.914290,-1.230900,191.717990
1220.600367,1.837460,-1.209810,191.885880
1220.800367,1.849640,-0.975800,192.065290
1221.000367,1.941930,-0.816320,192.215670
1221.200367,2.267800,-0.836120,192.289010
1221.400367,2.390710,-1.038730,192.250060
1221.600367,2.479950,-0.972200,192.230430
1221.800367,2.496520,-0.936540,192.224350
1222.000366,2.484240,-0.985320,192.226320
1222.200366,2.579090,-0.922390,192.141930
1222.400366,2.494920,-0.943130,192.029650
1222.600366,2.481800,-0.990010,191.921870
1222.800366,2.529890,-1.018930,191.839020
1223.000366,2.467900,-0.877560,191.767100
1223.200366,2.402880,-0.839690,191.660110
1223.400366,2.348870,-0.829440,191.602700
1223.600366,2.230070,-0.732120,191.590010
1223.800366,2.207350,-0.713990,191.602970
1224.000365,2.207150,-0.859500,191.620200
1224.200365,2.318740,-0.892060,191.578960
1224.400365,2.555460,-0.846600,191.493200
1224.600365,2.614050,-0.711190,191.379880
1224.800365,2.574120,-0.604060,191.297210
1225.000365,2.590470,-0.800840,191.171510
1225.200365,2.634320,-0.911890,191.057470
1225.300365,2.626280,-0.802760,190.986700
1225.400365,2.630350,-0.698120,190.922750
1225.600365,2.535430,-0.750120,190.863940
1225.800365,2.471380,-0.809490,190.806980
1226.000364,2.394760,-0.834560,190.871310
1226.200364,2.568260,-0.783450,191.015140
1226.400364,2.618960,-0.666750,191.185950
1226.600364,2.747400,-0.662890,191.411250
1226.800364,2.782770,-0.772880,191.654260
1227.000364,2.788240,-0.811210,191.903580
1227.200364,2.796100,-0.800830,192.180560
1227.400364,2.768230,-0.705480,192.441790
1227.600364,2.710600,-0.469800,192.651170
1227.800364,3.009930,-0.392760,192.793130
1228.000363,3.236200,-0.441570,192.876090
1228.200363,3.328470,-0.704650,192.892400
1228.400363,3.380850,-0.838590,192.942470
1228.600363,3.148800,-0.794990,193.011220
1228.800363,3.093600,-0.851570,192.961140
1229.000363,2.949150,-0.878740,192.896240
1229.200363,3.003810,-0.819510,192.766900
1229.400363,3.096900,-0.750970,192.520310
1229.600363,3.042650,-0.429060,192.294210
1229.800362,3.167330,-0.528460,191.982510
1230.000362,3.237710,-0.723070,191.524720
1230.200362,3.288410,-0.566220,191.044510
1230.400362,3.325440,-0.513870,190.384720
1230.600362,3.196390,-0.567180,189.695130
1230.800362,3.187860,-0.563450,188.947310
1231.000362,3.181830,-0.523950,187.960230
1231.200362,2.997470,-0.510980,186.961870
1231.400362,2.850200,-0.503950,185.903780
1231.600362,2.674640,-0.542270,184.759070
1231.800361,2.527200,-0.575840,183.621430
1232.000361,2.337970,-0.550000,182.451770
1232.200361,2.112390,-0.500760,181.285410
1232.400361,1.907820,-0.421770,180.100070
1232.600361,1.659660,-0.392800,178.900000
1232.800361,1.422760,-0.408200,177.788840
1233.000361,1.146430,-0.439860,176.897980
1233.200361,0.928720,-0.482510,176.178710
1233.400361,0.829470,-0.490850,175.597510
1233.600361,0.746430,-0.464330,175.009400
1233.800360,0.736890,-0.498300,174.418200
1234.000360,0.606770,-0.510300,173.809650
1234.200360,0.604100,-0.421540,173.211430
1234.400360,0.468370,-0.303500,172.619520
1234.600360,0.429130,-0.269050,172.100510
1234.800360,0.378220,-0.289680,171.529200
1235.000360,0.319560,-0.363120,170.997730
1235.200360,0.274440,-0.400490,170.554690
1235.400360,0.212470,-0.442210,170.138580
1235.600359,0.137740,-0.508470,169.713140
1235.800359,0.083690,-0.461270,169.281440
1236.000359,0.178930,-0.442820,168.648860
1236.200359,0.339220,-0.429010,167.952190
1236.400359,0.504660,-0.324850,167.289320
1236.600359,0.712980,-0.162370,166.636040
1236.800359,0.868560,-0.098220,166.021420
1237.000359,0.958480,-0.053700,165.307490
1237.200359,1.058980,-0.079480,164.526360
1237.400359,1.566460,-0.339860,163.575670
1237.600358,1.808380,-0.490530,162.438770
1237.800358,2.099290,-0.514550,161.274520
1238.000358,2.199880,-0.816860,160.082950
1238.200358,2.006300,-0.774950,158.873670
1238.400358,1.842380,-0.438620,157.669860
1238.600358,1.545750,-0.485440,156.448340
1238.800358,1.472940,-0.658950,155.195870
1239.000358,1.405610,-0.671250,153.743380
1239.200358,1.535770,-0.616130,152.311840
1239.400358,1.452660,-0.821200,150.680280
1239.600357,1.393850,-1.143310,149.098750
1239.800357,1.498860,-0.925540,147.504780
1240.000357,1.588990,-0.693310,145.994750
1240.200357,1.759380,-0.720840,144.460920
1240.400357,1.819720,-0.770640,142.954580
1240.600357,1.912620,-0.768200,141.437930
1240.800357,1.938320,-0.668370,139.961680
1241.000357,2.000210,-0.562950,138.451170
1241.200357,1.841990,-0.450430,136.916520
1241.400356,1.973990,-0.515460,135.659000
1241.600356,2.100640,-0.591960,134.463720
1241.800356,2.143000,-0.522520,133.370630
1242.000356,2.266810,-0.535450,132.324520
1242.200356,2.168410,-0.593490,131.308910
1242.400356,2.151870,-0.652060,130.462760
1242.600356,2.184930,-0.654540,129.622480
1242.800356,2.128970,-0.534490,128.866150
1243.000356,2.264440,-0.433200,128.120670
1243.200356,2.255900,-0.443510,127.485700
1243.400355,2.369370,-0.409820,126.989760
1243.600355,2.508570,-0.353430,126.555050
1243.800355,2.570570,-0.207820,126.157860
1244.000355,2.601770,-0.253530,125.810870
1244.200355,2.642320,-0.423430,125.550790
1244.400355,2.650730,-0.614950,125.414870
1244.600355,2.733250,-0.739830,125.271220
1244.800355,2.737430,-0.604250,125.151930
1245.000355,2.814190,-0.539140,125.033480
1245.200355,2.777390,-0.812860,124.938670
1245.400354,2.910610,-0.768400,124.816710
1245.600354,2.880660,-0.496410,124.704580
1245.800354,2.837160,-0.581500,124.629850
1246.000354,2.742670,-0.762990,124.619150
1246.200354,2.627120,-0.733560,124.613370
1246.400354,2.675100,-0.686330,124.630230
1246.600354,2.748370,-0.626730,124.694820
1246.800354,2.749920,-0.475950,124.709540
1247.000354,2.739940,-0.506080,124.730890
1247.200354,2.699350,-0.557670,124.724290
1247.400353,2.677270,-0.623620,124.690840
1247.600353,2.742910,-0.586950,124.668600
1247.800353,2.793050,-0.562990,124.646060
1248.000353,2.857610,-0.562020,124.585920
1248.200353,2.840390,-0.498640,124.529540
1248.400353,2.768220,-0.354080,124.497970
1248.600353,2.682400,-0.217770,124.455540
1248.800353,2.614540,-0.226620,124.390390
1249.000353,2.707880,-0.298980,124.358800
1249.200352,2.781680,-0.433980,124.301570
1249.400352,2.856880,-0.428310,124.283880
1249.600352,2.618740,-0.501460,124.217140
1249.800352,2.471720,-0.500120,124.363130
1250.000352,2.446680,-0.386050,124.532300
1250.200352,2.361850,-0.537010,124.695640
1250.400352,2.510360,-0.650710,124.795750
1250.600352,2.431190,-0.764470,124.870260
1250.800352,2.528110,-0.675650,124.940250
1251.000352,2.450490,-0.677640,124.955350
1251.200351,2.509800,-0.679990,124.832730
1251.400351,2.432620,-0.563190,124.621950
1251.600351,2.482940,-0.507880,124.386760
1251.800351,2.578140,-0.474550,124.129030
1252.000351,2.686240,-0.408850,123.880490
1252.200351,2.714610,-0.494040,123.676840
1252.400351,2.619130,-0.624590,123.526880
1252.600351,2.496170,-0.581140,123.388310
1252.800351,2.395280,-0.541190,123.234670
1253.000351,2.394820,-0.428490,123.101460
1253.200350,2.452520,-0.444180,122.966760
1253.400350,2.376050,-0.478620,122.796160
1253.600350,2.444230,-0.439640,122.675280
1253.800350,2.495700,-0.479000,122.555960
1254.000350,2.666180,-0.522510,122.426090
1254.200350,2.804750,-0.530180,122.325310
1254.400350,2.949370,-0.476930,122.196960
1254.600350,3.077460,-0.486190,121.931420
1254.800350,3.253220,-0.544220,121.564840
1255.000349,3.294380,-0.603400,121.105730
1255.200349,3.299260,-0.560290,120.619540
1255.400349,3.127150,-0.519030,120.137620
1255.600349,2.965400,-0.435850,119.671940
1255.800349,2.805820,-0.566590,119.198480
1256.000349,2.773220,-0.482270,118.724640
1256.200349,2.732230,-0.393930,118.247990
1256.400349,2.776510,-0.434840,117.777450
1256.600349,2.785580,-0.489130,117.332640
1256.800349,2.828490,-0.525750,116.891520
1257.000348,2.901750,-0.580070,116.442240
1257.200348,2.996810,-0.625180,115.981450
1257.400348,3.094580,-0.562980,115.546320
1257.600348,3.183930,-0.464660,115.113220
1257.800348,3.332340,-0.512120,114.703700
1258.000348,3.542840,-0.615040,114.300590
1258.200348,3.571280,-0.501090,113.883010
1258.400348,3.423440,-0.312220,113.472390
1258.600348,3.205530,-0.283190,113.073570
1258.800348,3.074750,-0.302510,112.697200
1259.000347,2.924730,-0.438130,112.321070
1259.200347,2.882620,-0.480330,111.951060
1259.400347,2.863080,-0.262570,111.614740
1259.600347,3.017970,-0.034190,111.292760
1259.800347,3.077600,-0.133860,110.950010
1260.000347,3.024960,-0.450010,110.597780
1260.200347,2.976820,-0.475490,110.274950
1260.400347,2.961590,-0.589420,109.937970
1260.600347,2.984830,-0.502610,109.589030
1260.800346,2.961030,-0.543780,109.211750
1261.000346,2.935550,-0.618870,108.831240
1261.200346,2.951460,-0.689460,108.464740
1261.400346,3.024440,-0.576800,108.127470
1261.600346,3.082150,-0.511430,107.792130
1261.800346,3.013910,-0.564850,107.432310
1262.000346,2.986540,-0.504330,107.071020
1262.200346,2.991410,-0.493720,106.708020
1262.400346,2.978800,-0.614120,106.368180
1262.600346,2.870480,-0.723010,106.025970
1262.800345,2.775730,-0.754290,105.625260
1263.000345,2.803650,-0.765320,105.314200
1263.200345,2.858520,-0.672440,104.964050
1263.400345,2.873670,-0.825800,104.609140
1263.600345,2.926590,-1.068920,104.263840
1263.800345,2.995240,-0.506210,104.003080
1264.000345,2.977810,-0.551720,103.675280
1264.200345,2.873850,-0.355850,103.379030
1264.400345,2.650210,-0.317880,103.064060
1264.600345,2.567750,-0.484430,102.766000
1264.800344,2.591560,-0.456030,102.482470
1265.000344,2.775920,-0.737390,102.167490
1265.200344,2.866090,-0.713320,101.950220
1265.400344,2.915600,-0.610620,101.819730
1265.600344,3.068070,-0.776970,101.712150
1265.800344,3.260800,-0.722940,101.698120
1266.000344,3.379160,-0.395320,101.683650
1266.200344,3.422750,-0.685210,101.638740
1266.400344,3.403090,-0.435970,101.628320
1266.600344,3.369050,-0.384850,101.491020
1266.800343,3.355070,-0.486540,101.266340
1267.000343,3.433370,-1.293440,100.926400
1267.200343,3.287180,-1.077010,100.564730
1267.400343,3.271440,-0.793440,100.161930
1267.600343,3.227270,-0.669310,99.597460
1267.800343,3.169730,-0.502940,99.011150
1268.000343,3.131920,-0.580910,98.435220
1268.200343,3.141910,-0.446880,97.988940
1268.400343,2.956980,-0.462930,97.579140
1268.600342,2.905890,-0.595250,97.209310
1268.800342,2.837080,-0.711000,96.890040
1269.000342,3.017890,-0.812260,96.633220
1269.200342,3.113350,-0.714680,96.448390
1269.400342,3.179450,-0.520440,96.331490
1269.600342,3.088780,-0.307000,96.258130
1269.800342,2.817640,-0.315080,96.179460
1270.000342,2.712040,-0.292270,96.107920
1270.200342,2.500990,-0.186910,96.154060
1270.400342,2.407210,-0.176230,96.244110
1270.600341,2.291890,-0.137260,96.344950
1270.800341,2.183450,-0.218380,96.463700
1271.000341,2.223960,-0.272420,96.599180
1271.200341,2.318310,-0.276180,96.714290
1271.400341,2.426220,-0.339440,96.822380
1271.600341,2.372950,-0.406470,96.934970
1271.800341,2.448400,-0.506600,97.074350
1272.000341,2.518410,-0.532770,97.232170
1272.200341,2.588700,-0.474950,97.378410
1272.400341,2.562440,-0.459620,97.518380
1272.600340,2.403760,-0.444940,97.663340
1272.800340,2.361890,-0.381150,97.773410
1273.000340,2.337000,-0.500130,97.832770
1273.200340,2.472400,-0.631520,97.845990
1273.300340,2.557480,-0.669900,97.865850
1273.500340,2.544660,-0.754380,97.861950
1273.700340,2.596740,-0.747370,97.875520
1273.900340,2.564640,-0.911610,97.885790
1274.100340,2.592490,-1.046120,97.893090
1274.300340,2.627120,-0.867390,97.917830
1274.500339,2.593000,-0.951240,97.934440
1274.700339,2.611780,-0.913840,97.965460
1274.900339,2.591260,-0.885280,97.989150
1275.100339,2.576890,-0.949300,98.012990
1275.300339,2.559840,-0.982530,98.052820
1275.500339,2.540040,-1.028540,98.087800
1275.700339,2.510760,-1.026450,98.121840
1275.900339,2.531340,-1.040960,98.150240
1276.100339,2.583260,-0.956040,98.177670
1276.300339,2.726270,-1.004720,98.168350
1276.500338,2.701770,-1.177970,98.156660
1276.700338,2.943620,-1.192550,98.171480
1276.900338,3.001920,-1.153980,98.197190
1277.100338,3.086160,-1.286290,98.188350
1277.300338,2.994840,-1.470410,98.150100
1277.500338,2.937390,-1.473220,98.119650
1277.700338,2.825130,-1.259970,98.117450
1277.900338,2.682560,-1.081100,98.083910
1278.100338,2.654000,-1.010390,98.075830
1278.300337,2.508510,-1.137960,98.046670
1278.500337,2.398940,-1.421040,98.012740
1278.700337,2.354490,-1.508700,97.948050
1278.900337,2.262430,-1.269290,97.985400
1279.100337,2.337510,-0.851500,98.043320
1279.300337,2.001750,-0.604280,98.042350
1279.500337,1.949650,-1.077720,98.064230
1279.700337,1.821120,-1.454330,98.046120
1279.900337,1.889360,-1.286750,98.054680
1280.100337,2.278600,-1.455150,98.012560
1280.300336,2.339230,-1.615090,97.972380
1280.500336,2.873900,-1.478300,97.893390
1280.700336,2.726660,-1.378150,97.860180
1280.900336,3.165700,-1.437770,97.781770
1281.100336,2.979060,-1.454620,97.712410
1281.300336,3.010210,-1.437400,97.589640
1281.500336,2.927810,-1.323780,97.474380
1281.700336,2.966460,-1.297120,97.359140
1281.900336,3.036030,-1.362610,97.234150
1282.100336,3.201640,-1.280310,97.127280
1282.300335,3.169710,-1.360590,97.003340
1282.500335,3.231500,-1.303300,96.920250
1282.700335,3.192560,-1.225370,96.886530
1282.900335,3.104010,-1.239380,96.882540
1283.100335,3.087940,-1.018050,96.881880
1283.300335,2.896290,-0.954300,96.887740
1283.500335,2.847910,-0.916560,97.027840
1283.700335,2.734830,-1.113110,97.153650
1283.900335,2.669860,-1.155190,97.326370
1284.100334,2.666850,-0.927540,97.539180
1284.300334,2.641090,-0.924890,97.698730
1284.500334,2.602470,-0.960010,97.878000
1284.700334,2.572630,-0.820050,98.056000
1284.900334,2.539240,-0.815200,98.175000
1285.100334,2.666780,-0.782460,98.351970
1285.300334,2.797920,-0.642210,98.550260
1285.500334,2.802490,-0.535750,98.719630
1285.700334,2.805140,-0.525100,98.906770
1285.900334,2.724690,-0.366590,99.064040
1286.100333,2.743710,-0.317980,99.198080
1286.300333,2.832430,-0.411030,99.335920
1286.500333,3.010170,-0.297010,99.438930
1286.700333,3.124230,-0.333740,99.525200
1286.900333,3.446830,-0.266750,99.634030
1287.100333,3.486080,-0.271520,99.697810
1287.300333,3.484040,-0.489740,99.787620
1287.500333,3.316520,-0.454830,99.894080
1287.700333,3.128860,-0.320450,99.958620
1287.900333,2.996430,-0.341190,100.042240
1288.100332,2.772140,-0.377990,100.144760
1288.300332,2.660180,-0.496140,100.245380
1288.500332,2.640550,-0.464240,100.336750
1288.700332,2.753570,-0.335060,100.421230
1288.900332,2.793770,-0.384380,100.504080
1289.100332,2.819910,-0.338550,100.620450
1289.300332,2.795460,-0.223320,100.704870
1289.500332,2.731240,-0.360050,100.772330
1289.700332,2.802140,-0.493860,100.901240
1289.900332,2.859420,-0.297970,100.996240
1290.100331,3.000470,-0.298330,101.046630
1290.300331,3.129060,-0.379480,101.097890
1290.500331,3.129730,-0.465460,101.137600
1290.700331,3.206100,-0.345170,101.179570
1290.900331,3.219940,-0.340460,101.229300
1291.100331,3.167870,-0.501030,101.269630
1291.300331,3.180820,-0.431870,101.327370
1291.500331,3.210570,-0.433980,101.385310
1291.700331,3.269290,-0.564920,101.456570
1291.900330,3.294260,-0.625220,101.502310
1292.100330,3.251620,-0.522390,101.555530
1292.300330,3.309610,-0.595130,101.637900
1292.500330,3.277610,-0.610630,101.719280
1292.700330,3.249190,-0.597770,101.784020
1292.900330,3.139680,-0.615700,101.829280
1293.100330,3.075410,-0.556830,101.891890
1293.300330,3.035330,-0.733970,101.922770
1293.500330,3.047210,-0.603460,102.028550
1293.700330,3.014000,-0.704590,102.263260
1293.900329,3.138690,-0.902370,102.496500
1294.100329,3.328790,-0.886340,102.701090
1294.300329,3.234970,-0.946710,102.777720
1294.500329,3.035900,-0.958650,102.826840
1294.700329,2.800540,-0.868990,102.867180
1294.900329,2.628360,-0.939960,102.918380
1295.100329,2.923050,-1.022120,102.888450
1295.300329,3.004740,-0.984600,102.844680
1295.500329,3.086490,-0.878950,102.825820
1295.700329,3.025760,-1.061160,102.801310
1295.900328,2.859820,-1.329170,102.939000
1296.100328,2.888270,-1.473040,103.165100
1296.300328,2.824590,-1.368970,103.397420
1296.500328,2.877730,-1.177490,103.521980
1296.700328,2.824030,-1.288030,103.603880
1296.900328,2.933720,-1.284960,103.668320
1297.100328,3.075510,-1.203050,103.680360
1297.300328,2.988970,-1.036850,103.554960
1297.500328,2.893240,-1.088090,103.397810
1297.700327,2.828130,-1.176560,103.315890
1297.900327,2.807530,-1.124820,103.191090
1298.100327,2.651940,-0.999420,103.041740
1298.300327,2.575020,-1.161830,102.701620
1298.500327,2.634250,-1.169510,102.368180
1298.700327,2.622460,-0.980430,101.982310
1298.900327,2.683480,-1.050160,101.641440
1299.100327,2.636720,-1.242550,101.427460
1299.300327,2.588170,-1.292260,101.269720
1299.500327,2.624070,-1.171160,101.148280
1299.700326,2.435250,-1.153270,101.023130
1299.900326,2.506410,-1.202640,100.923850
1300.100326,2.403860,-1.228520,100.831940
1300.300326,2.526620,-1.171410,100.734570
1300.500326,2.562220,-1.075520,100.673730
1300.700326,2.605750,-0.953340,100.627760
1300.900326,2.479720,-0.810710,100.596090
1301.100326,2.351090,-0.900360,100.634500
1301.300326,2.215890,-1.021280,100.760710
1301.500326,2.052360,-1.033510,100.924470
1301.700325,2.073070,-0.898180,101.100870
1301.900325,2.148490,-0.870950,101.280290
1302.100325,2.162380,-0.876740,101.439160
1302.300325,2.153960,-0.983370,101.580290
1302.500325,2.195200,-0.984810,101.794450
1302.700325,2.392160,-0.832190,101.998340
1302.900325,2.349110,-0.643890,102.226840
1303.100325,2.433520,-0.616230,102.441950
1303.300325,2.599760,-1.028050,102.660550
1303.500324,2.599570,-1.025900,102.851340
1303.700324,2.744800,-0.983180,103.012390
1303.900324,2.864540,-1.065360,103.186190
1304.100324,3.038590,-0.771300,103.323170
1304.300324,3.172350,-0.976940,103.457540
1304.500324,3.161940,-1.096420,103.589820
1304.700324,3.142760,-1.113460,103.701940
1304.900324,3.118270,-1.076460,103.788470
1305.100324,3.167380,-1.021400,103.857830
1305.300324,3.214620,-1.001790,103.918400
1305.500323,3.038400,-0.929230,103.964310
1305.700323,3.060750,-0.864810,104.007430
1305.900323,3.048700,-0.816170,104.042790
1306.100323,3.025140,-0.733990,104.079450
1306.300323,3.033360,-0.663100,104.106080
1306.500323,3.003390,-0.536660,104.137800
1306.700323,2.993140,-0.428250,104.186820
1306.900323,3.017460,-0.339490,104.209350
1307.100323,3.008130,-0.289650,104.081560
1307.300323,3.028510,-0.242550,103.747660
1307.500322,3.003580,-0.147020,103.154580
1307.700322,2.950140,-0.264820,102.264740
1307.900322,2.737740,-0.512270,101.100800
1308.100322,2.605660,-0.440190,99.536790
1308.300322,2.539250,-0.393030,97.476990
1308.500322,2.386630,-0.466410,95.032620
1308.700322,2.155020,-0.254180,92.435700
1308.900322,1.904420,-0.372840,89.662850
1309.100322,1.658470,-0.478910,86.717830
1309.300322,1.560630,-0.397790,83.565920
1309.500321,1.422790,-0.265440,80.205960
1309.700321,1.511860,-0.242580,76.804810
1309.900321,1.466890,-0.276280,73.425240
1310.100321,1.292840,-0.260500,70.090260
1310.300321,1.836970,-0.228650,66.903080
1310.500321,1.937900,-0.294950,63.608670
1310.700321,1.922940,-0.473520,60.313920
1310.900321,2.417500,-0.674850,57.149820
1311.100321,2.566190,-0.567800,54.171240
1311.300320,2.715060,-0.399360,51.374610
1311.500320,2.717680,-0.469840,49.043550
1311.700320,2.663220,-0.591800,47.553030
1311.900320,2.542560,-0.632890,46.482740
1312.100320,2.475700,-0.603180,45.558750
1312.300320,2.263230,-0.595990,44.650740
1312.500320,2.102520,-0.410270,43.778530
1312.700320,2.103680,-0.341970,42.965750
1312.900320,1.833800,-0.298150,42.564120
1313.100320,2.029660,-0.283740,42.394080
1313.300319,1.932970,-0.322780,42.254660
1313.500319,1.943700,-0.325920,42.111010
1313.700319,1.744980,-0.290860,42.007700
1313.900319,1.608900,-0.286140,42.087560
1314.100319,1.620480,-0.174170,42.221400
1314.300319,1.701940,-0.139980,42.370400
1314.500319,1.762530,-0.256800,42.503000
1314.700319,1.720420,-0.340790,42.626140
1314.900319,1.973460,-0.156530,42.778540
1315.100319,1.823290,-0.030780,42.944510
1315.300318,2.088340,-0.136540,43.098300
1315.500318,1.997710,-0.155290,43.288360
1315.700318,2.167240,-0.101080,43.604780
1315.900318,2.246720,-0.049180,43.907090
1316.100318,2.180470,-0.234580,44.199060
1316.300318,2.132540,-0.406330,44.464660
1316.500318,2.158690,-0.358940,44.689470
1316.700318,2.006480,-0.346660,44.870310
1316.900318,1.999980,-0.346450,45.033310
1317.100317,2.276000,-0.294750,45.137080
1317.300317,2.009520,-0.307940,45.198420
1317.500317,2.106300,-0.404640,45.216970
1317.700317,2.048810,-0.187960,45.271080
1317.900317,1.984050,-0.302510,45.351730
1318.100317,1.996880,-0.281350,45.404330
1318.300317,2.034700,-0.358380,45.431000
1318.500317,2.195150,-0.227530,45.453750
1318.700317,2.270010,-0.267770,45.477770
1318.900317,2.315450,-0.254320,45.540500
1319.100316,2.476640,-0.249790,45.556720
1319.300316,2.510040,-0.256550,45.525540
1319.500316,2.577630,-0.400530,45.429710
1319.700316,2.480300,-0.451310,45.337560
1319.900316,2.549870,-0.576330,45.237800
1320.100316,2.646430,-0.589980,45.149680
1320.300316,2.537420,-0.682030,45.073930
1320.500316,2.434050,-0.733590,44.991390
1320.700316,2.542810,-0.810750,44.963210
1320.900316,2.472430,-0.963600,44.953770
1321.100315,2.343560,-1.069540,44.959910
1321.300315,2.550900,-1.235060,44.949520
1321.500315,2.660120,-1.304990,44.952110
1321.700315,2.860020,-1.600000,44.962960
1321.900315,3.081350,-1.544180,44.933200
1322.100315,3.050460,-1.403010,44.879830
1322.300315,3.047130,-1.275830,44.832100
1322.500315,3.123060,-1.290480,44.799210
1322.700315,3.122340,-1.202810,44.766550
1322.900314,3.134760,-1.047570,44.746170
1323.100314,3.328050,-0.707690,44.717440
1323.300314,3.478810,-0.500640,44.729470
1323.500314,3.398500,-0.395540,44.741110
1323.700314,3.701430,-0.450510,44.786810
1323.900314,3.661780,-0.514320,44.826160
1324.100314,3.629010,-0.410620,44.934540
1324.300314,3.794640,-0.410610,45.120970
1324.500314,3.345910,-0.399170,45.272280
1324.700314,3.481880,-0.269280,45.471940
1324.900313,3.454540,-0.327140,45.711060
1325.100313,3.491680,-0.314310,45.978490
1325.200313,3.569850,-0.370140,46.118220
1325.400313,3.647850,-0.491210,46.414910
1325.600313,3.855460,-0.709970,46.717440
1325.800313,3.953250,-0.763250,47.014600
1326.000313,3.921050,-0.963790,47.255050
1326.200313,4.010280,-0.913470,47.530320
1326.400313,3.724250,-0.878560,47.665910
1326.500313,3.790570,-0.951680,47.786290
1326.700313,3.858890,-0.848050,47.893500
1326.900312,3.809650,-0.805280,48.013730
1327.100312,3.704650,-0.656260,48.188000
1327.300312,3.789200,-0.651620,48.361760
1327.500312,3.886160,-0.702480,48.563660
1327.700312,3.780970,-0.747520,48.785960
1327.900312,3.802460,-0.705500,49.112980
1328.100312,3.836540,-0.698460,49.574500
1328.200312,3.789100,-0.735070,49.857510
1328.400312,3.852030,-0.788030,50.555070
1328.600312,3.779060,-0.847030,51.535050
1328.800311,3.826330,-0.864810,52.887840
1329.000311,3.876710,-1.030450,54.598100
1329.200311,3.841100,-1.261210,56.671110
1329.400311,3.720930,-1.463070,59.008200
1329.600311,3.827950,-1.657860,61.760230
1329.800311,3.921190,-1.852930,64.896290
1330.000311,3.965100,-2.020930,68.187520
1330.200311,4.228490,-2.092080,71.573720
1330.400311,3.876650,-2.347090,75.244440
1330.600311,3.804810,-2.364780,79.541450
1330.800310,3.787300,-2.492200,84.360510
1331.000310,3.632810,-2.792850,89.567710
1331.200310,3.476480,-3.084430,94.944550
1331.400310,3.406720,-3.590930,100.490440
1331.600310,3.107970,-4.118210,105.985620
1331.800310,3.041210,-4.386840,111.329350
1332.000310,2.938380,-4.449740,116.528150
1332.100310,2.892070,-4.452230,119.107300
1332.300310,2.669130,-4.473540,123.573040
1332.500310,2.683600,-4.549840,127.376890
1332.700309,2.764660,-4.485620,130.458140
1332.900309,2.825950,-4.473700,132.888800
1333.100309,2.969900,-4.417470,134.391400
1333.300309,3.207890,-4.816300,135.183120
1333.500309,3.355430,-5.095780,135.762710
1333.700309,3.562860,-4.897980,136.139770
1333.900309,3.556290,-4.559050,136.304680
1334.100309,3.543040,-4.544170,136.317540
1334.300309,3.486520,-4.391270,136.162470
1334.500309,3.413670,-4.378630,135.976240
1334.700308,3.342070,-4.496080,135.808680
1334.900308,3.262160,-4.517970,135.697210
1335.100308,3.207730,-4.429030,135.614090
1335.300308,3.220430,-4.416050,135.540320
1335.500308,3.268980,-4.317780,135.453730
1335.700308,3.257880,-4.259770,135.413860
1335.900308,3.199500,-4.278500,135.511950
1336.100308,2.950560,-4.305030,135.628790
1336.300308,3.037400,-4.267910,135.726730
1336.500307,2.978540,-4.366460,135.722950
1336.700307,2.877880,-4.296030,135.669650
1336.900307,2.715110,-4.389350,135.582110
1337.000307,2.677580,-4.429570,135.491050
1337.200307,2.846290,-4.625190,135.316620
1337.400307,2.863480,-4.408760,135.165860
1337.600307,2.821520,-4.391540,135.006120
1337.800307,2.805800,-4.385560,134.869020
1338.000307,2.705810,-4.421590,134.742940
1338.200307,2.650810,-4.385380,134.709430
1338.400307,2.609460,-4.332950,134.698320
1338.500306,2.658870,-4.250210,134.717890
1338.600306,2.706500,-4.164690,134.707070
1338.800306,2.832700,-4.229260,134.700210
1339.000306,2.672830,-4.424220,134.598960
1339.200306,2.456580,-4.298000,134.570440
1339.400306,2.327550,-4.536670,134.448570
1339.600306,2.465200,-4.319710,134.365670
1339.800306,2.673900,-4.529240,134.195270
1340.000306,2.827470,-4.397570,134.114100
1340.200306,3.014180,-4.606580,134.113500
1340.400305,3.234300,-4.436570,134.157870
1340.600305,3.183850,-4.385170,134.264620
1340.800305,2.983290,-4.668440,134.392070
1340.900305,3.031640,-4.676450,134.454900
1341.100305,3.016460,-4.487000,134.584070
1341.300305,3.067670,-4.448420,134.680170
1341.400305,3.120060,-4.509350,134.695290
1341.600305,3.109320,-4.617980,134.722190
1341.800305,2.898220,-4.566240,134.755320
1342.000305,2.717410,-4.891030,134.768070
1342.200305,2.533490,-4.833620,134.802250
1342.400304,2.447110,-4.816000,134.782900
1342.600304,2.719870,-4.542500,134.779510
1342.800304,2.818670,-4.065910,134.832020
1343.000304,2.697830,-4.165000,134.846120
1343.200304,2.735100,-4.639860,134.812070
1343.400304,2.895260,-4.679600,134.827820
1343.600304,3.050700,-4.817440,134.854930
1343.800304,3.144480,-4.520500,134.903740
1344.000304,3.144070,-4.357260,134.966790
1344.200304,3.128760,-4.429510,134.971420
1344.400303,3.110520,-4.360230,134.974520
1344.600303,3.089450,-4.389170,135.022430
1344.800303,3.089640,-4.326290,135.040900
1345.000303,3.003090,-4.458920,135.041200
1345.200303,2.934780,-4.328570,135.000570
1345.400303,3.018760,-4.628040,134.927450
1345.600303,3.066960,-4.455330,134.881060
1345.800303,3.084860,-4.412380,134.827510
1346.000303,3.116100,-4.579300,134.796050
1346.200302,3.013090,-4.525710,134.765960
1346.400302,2.812230,-4.406540,135.056450
1346.600302,3.095550,-4.474860,135.278590
1346.800302,3.045210,-4.267200,135.472590
1347.000302,2.831820,-4.378890,135.705700
1347.200302,2.880920,-4.335540,135.895850
1347.400302,2.797680,-4.324520,136.012670
1347.600302,2.995050,-4.263730,136.094780
1347.800302,3.047840,-4.560950,136.124100
1348.000302,2.780600,-4.305590,136.105470
1348.200301,2.897590,-4.447500,136.098900
1348.400301,3.033030,-4.294060,136.038930
1348.600301,2.939640,-4.088380,135.948390
1348.800301,2.761960,-4.042350,135.888060
1349.000301,2.679480,-3.811990,135.850280
1349.200301,2.453530,-3.604480,135.801970
1349.400301,2.376820,-3.495910,135.768920
1349.600301,2.660480,-3.163110,135.679930
1349.800301,2.562590,-3.035770,135.575380
1350.000301,2.601800,-2.729950,135.408690
1350.200300,2.698480,-2.468530,135.155840
1350.400300,2.684800,-2.376830,134.936070
1350.600300,2.653940,-2.255040,134.732530
1350.800300,2.590380,-2.142410,134.658150
1351.000300,2.499050,-2.032010,134.617400
1351.200300,2.472160,-1.750950,134.704940
1351.400300,2.649010,-1.565920,134.777360
1351.600300,2.465680,-1.398790,134.793110
1351.800300,2.014370,-1.283740,134.813150
1352.000299,2.066430,-1.717400,134.817010
1352.200299,2.263910,-1.943750,134.838400
1352.400299,2.359560,-1.269290,134.908380
1352.600299,2.244090,-0.901250,135.028890
1352.800299,2.291640,-1.499980,135.256120
1353.000299,2.213840,-1.400260,135.488100
1353.200299,2.146870,-1.390730,135.700230
1353.400299,2.081130,-1.274590,135.830330
1353.600299,1.977270,-0.980530,136.028460
1353.800299,1.916770,-1.204640,136.078990
1354.000298,1.721000,-1.190730,136.097560
1354.200298,1.830440,-1.096160,136.104290
1354.400298,2.100610,-0.889200,136.048480
1354.600298,2.161430,-0.878190,136.028480
1354.800298,2.266740,-1.074130,136.009430
1355.000298,2.360420,-0.974110,136.030280
1355.200298,2.363540,-0.940340,136.093540
1355.400298,2.619570,-0.765100,136.243820
1355.600298,2.680930,-0.732810,136.352230
1355.800298,2.714470,-0.520220,136.387230
1356.000297,2.916700,-0.348290,136.389640
1356.200297,2.779620,-0.432610,136.613360
1356.400297,2.730190,-0.408890,136.893770
1356.600297,2.705530,-0.369270,137.193230
1356.800297,2.627090,-0.544000,137.496560
1357.000297,2.228080,-0.445320,137.745460
1357.200297,2.267550,-0.623680,137.853930
1357.400297,2.306160,-0.236800,137.823110
1357.600297,2.146220,-0.468910,137.760590
1357.800297,2.080880,-0.553930,137.641220
1358.000296,2.298180,-0.448910,137.504620
1358.200296,2.546650,-0.307960,137.409470
1358.400296,2.925560,-0.697160,137.331340
1358.600296,3.125930,-0.442770,137.326810
1358.800296,2.937900,-0.394240,137.401190
1359.000296,2.978070,-0.519580,137.479580
1359.200296,2.624160,-0.371620,137.431370
1359.400296,2.265650,-0.651670,137.338790
1359.600296,2.172320,-0.562340,137.323930
1359.800295,2.436580,-0.260630,137.283070
1360.000295,2.740400,-0.531200,137.267680
1360.200295,2.667900,-0.667940,137.284430
1360.400295,2.464500,-0.673390,137.293910
1360.600295,2.460620,-0.376560,137.460640
1360.800295,2.036850,-0.498710,137.789310
1361.000295,1.628810,-0.353670,138.214360
1361.200295,1.770670,-0.873210,138.924710
1361.400295,1.683040,-0.976200,139.837190
1361.600295,1.976260,-0.290200,140.962960
1361.800294,1.984070,-0.711160,142.400990
1362.000294,1.902370,-1.027780,144.134410
1362.200294,1.999200,-0.805040,146.243120
1362.400294,1.819340,-0.687780,148.474160
1362.600294,2.024450,-0.814740,151.211660
1362.800294,2.036810,-0.794490,154.155980
1363.000294,2.540180,-1.224980,157.168030
1363.200294,2.783240,-1.564480,160.134880
1363.400294,2.938390,-1.070080,162.523700
1363.600294,2.783740,-1.051550,164.893910
1363.800293,2.484620,-1.564040,167.390970
1364.000293,2.287940,-1.832480,170.043040
1364.200293,2.023520,-1.904360,172.709800
1364.400293,1.812410,-2.047470,175.346790
1364.600293,1.433370,-2.219570,177.941000
1364.800293,1.002720,-2.280090,180.600440
1365.000293,0.857400,-2.151910,183.368320
1365.200293,0.877690,-1.935380,186.165050
1365.400293,1.024610,-1.656280,188.925780
1365.600292,1.399990,-0.867990,191.813030
1365.800292,1.727310,-0.578620,194.988980
1366.000292,2.256370,-0.820310,198.152680
1366.200292,2.593390,-0.671380,201.461170
1366.400292,2.900460,-0.755050,204.801780
1366.600292,2.802890,-0.556990,208.161070
1366.800292,2.818580,-0.478010,211.420500
1367.000292,2.770910,-0.844680,214.670510
1367.200292,2.824530,-0.979390,217.742170
1367.400292,3.087200,-0.884080,220.324310
1367.600291,3.097760,-0.841490,222.362800
1367.800291,3.132050,-0.806190,223.892790
1368.000291,3.144330,-0.923730,224.858180
1368.200291,3.222430,-1.045650,225.371670
1368.400291,3.404620,-0.995330,225.581450
1368.600291,3.494950,-0.878020,225.588880
1368.800291,3.552940,-0.700470,225.495390
1369.000291,3.579910,-0.801250,225.403840
1369.200291,3.694230,-0.620770,225.338640
1369.400291,3.633760,-0.316480,225.293520
1369.600290,3.483200,-0.265010,225.260050
1369.800290,3.340580,-0.244700,225.197080
1370.000290,3.296310,-0.027040,225.163560
1370.200290,3.389580,-0.065090,225.155400
1370.400290,3.350690,0.272550,225.127710
1370.600290,3.093500,0.238200,225.050600
1370.800290,2.911300,-0.140270,224.897640
1371.000290,2.947590,-0.232080,224.692080
1371.200290,2.985860,-0.162770,224.437030
1371.400290,2.957930,-0.116330,224.109530
1371.600289,2.945770,-0.098000,223.643920
1371.800289,2.947140,-0.027780,223.141180
1372.000289,2.990010,0.018590,222.520070
1372.200289,3.002210,0.029370,221.810670
1372.400289,2.924710,0.125180,221.100580
1372.600289,2.957640,0.162990,220.409810
1372.800289,3.008220,0.154620,219.720250
1373.000289,3.074090,0.214450,219.016950
1373.200289,3.105230,0.306980,218.347850
1373.400288,3.191010,0.239230,217.698990
1373.600288,3.176890,0.186210,217.143960
1373.800288,3.032260,0.078300,216.667550
1374.000288,3.016340,0.086360,216.232800
1374.200288,2.955560,0.054700,215.767660
1374.400288,2.892970,0.124410,215.250900
1374.600288,2.810290,0.243040,214.672290
1374.800288,2.805960,0.120540,213.987470
1375.000288,2.844930,0.073850,213.267030
1375.200288,2.960480,0.209010,212.593780
1375.400287,3.070640,0.411130,211.936740
1375.600287,3.165360,0.450930,211.150080
1375.800287,3.161790,0.482330,210.345490
1376.000287,3.207440,0.418810,209.584970
1376.200287,3.179660,0.244580,208.803180
1376.400287,3.182470,0.130030,207.982820
1376.600287,3.202920,0.025190,207.181740
1376.800287,3.152750,0.017090,206.363810
1377.000287,3.053720,0.064740,205.564970
1377.200287,2.912340,0.033560,204.746140
1377.400286,2.845230,0.020460,203.877090
1377.600286,2.942090,-0.068520,202.825980
1377.800286,3.046110,-0.123560,201.700780
1378.000286,3.133920,-0.137610,200.568880
1378.200286,3.054270,-0.164030,199.556780
1378.400286,2.980420,-0.410790,198.686850
1378.600286,3.133500,-0.537810,197.807920
1378.800286,3.212640,-0.533420,196.983120
1379.000286,3.174370,-0.480340,196.224060
1379.200285,2.873810,-0.505060,195.484100
1379.400285,2.761340,-0.670730,194.947840
1379.600285,2.651580,-0.697140,194.477760
1379.800285,2.568970,-0.559990,194.085700
1380.000285,2.543440,-0.655540,193.755520
1380.200285,2.527220,-0.576160,193.585980
1380.400285,2.570680,-0.605980,193.525240
1380.600285,2.537830,-0.556660,193.478350
1380.800285,2.398490,-0.487290,193.474840
1381.000285,2.311750,-0.390180,193.490740
1381.200284,2.206030,-0.381670,193.616520
1381.400284,2.111390,-0.344300,193.977210
1381.600284,2.078280,-0.298400,194.407620
1381.800284,1.990010,-0.507640,194.986650
1382.000284,1.956530,-0.441660,195.795370
1382.200284,2.112870,-0.461650,196.611190
1382.400284,2.224960,-0.412500,197.445810
1382.600284,2.266260,-0.385460,198.357070
1382.800284,2.282400,-0.265930,199.374260
1383.000284,2.361510,-0.206920,200.381240
1383.200283,2.545160,-0.099480,201.362600
1383.400283,2.724260,-0.234080,202.331640
1383.600283,2.836960,-0.148250,203.270220
1383.800283,3.001690,-0.053880,204.200600
1384.000283,2.953920,0.264240,205.119570
1384.200283,2.881790,0.288550,206.103150
1384.400283,2.812050,0.315590,207.070470
1384.600283,2.713430,0.376240,208.062650
1384.800283,2.588410,0.370500,208.990450
1385.000282,2.502960,0.542640,209.874070
1385.200282,2.291330,0.844960,210.753540
1385.400282,2.217710,0.662500,211.626070
1385.600282,2.268990,0.579490,212.545740
1385.800282,2.347490,0.517410,213.437900
1386.000282,2.386170,0.419010,214.331450
1386.200282,2.481480,0.283770,215.260600
1386.400282,2.636780,0.228740,216.207960
1386.600282,2.787460,0.254650,217.138670
1386.800282,2.881120,0.383070,218.041330
1387.000281,2.817520,0.565450,218.947970
1387.200281,2.847290,0.429390,219.813590
1387.400281,2.987100,0.482270,220.639880
1387.600281,3.058960,0.530400,221.367050
1387.800281,3.017480,0.540000,222.054620
1388.000281,2.992470,0.507030,222.631550
1388.200281,2.981260,0.435160,223.040990
1388.400281,2.939640,0.475850,223.386270
1388.600281,2.830390,0.403890,223.698970
1388.800281,2.689160,0.528410,223.896420
1389.000280,2.593860,0.326600,224.053060
1389.200280,2.585430,0.203980,224.200950
1389.400280,2.636690,0.352160,224.352220
1389.600280,2.628080,0.402280,224.500920
1389.800280,2.609050,0.436630,224.648240
1390.000280,2.545960,0.283740,224.771530
1390.200280,2.420520,0.388220,224.859000
1390.400280,2.342770,0.394260,224.947050
1390.600280,2.326060,0.594410,225.057100
1390.800280,2.390340,0.555790,225.130870
1391.000279,2.526660,0.632460,225.208320
1391.200279,2.762630,0.623490,225.292660
1391.400279,3.013650,0.702920,225.378230
1391.600279,3.089090,0.670620,225.459400
1391.800279,3.070580,0.615550,225.556960
1392.000279,2.978930,0.509250,225.630100
1392.200279,2.901480,0.524760,225.694420
1392.400279,2.826440,0.479810,225.759430
1392.600279,2.754990,0.437650,225.833210
1392.800278,2.708070,0.467950,225.884600
1393.000278,2.448740,0.532930,225.962560
1393.200278,2.259960,0.661800,225.981200
1393.400278,2.319580,0.854540,225.994240
1393.600278,2.489330,0.842390,225.979340
1393.800278,2.610910,0.743160,225.962840
1394.000278,2.679180,0.646140,225.947660
1394.200278,2.715110,0.657910,225.913800
1394.400278,2.739620,0.746660,225.884840
1394.600278,2.775270,0.718590,225.855540
1394.800277,2.798420,0.683690,225.863230
1395.000277,2.835450,0.757190,225.942990
1395.200277,2.829170,0.655650,225.937420
1395.400277,2.876070,0.726850,225.972600
1395.600277,2.942310,0.656230,226.019680
1395.800277,3.045730,0.741040,226.040660
1396.000277,3.045870,0.723160,226.060620
1396.200277,2.869470,0.770690,226.116820
1396.400277,2.820430,0.747490,226.344140
1396.600277,2.940050,0.782230,226.537950
1396.800276,3.008260,0.731630,226.748810
1397.000276,2.972490,0.761120,226.979130
1397.200276,2.941040,0.686410,227.093660
1397.400276,2.917060,0.817150,227.170160
1397.600276,2.785590,0.723180,227.283500
1397.800276,2.720190,0.724160,227.371880
1398.000276,2.696610,0.844000,227.406480
1398.200276,2.459780,1.039910,227.398820
1398.400276,2.449730,0.583260,227.371890
1398.600275,2.518700,0.862640,227.265220
1398.800275,2.421240,0.776540,227.146670
1399.000275,2.365670,0.702230,227.032510
1399.200275,2.417510,0.618170,226.873210
1399.400275,2.396730,0.504480,226.719020
1399.600275,2.422570,0.583810,226.543910
1399.800275,2.463870,0.639710,226.368140
1400.000275,2.489780,0.515110,226.194140
1400.200275,2.429130,0.594350,226.048970
1400.400275,2.307730,0.672710,225.908390
1400.600274,2.364050,0.604140,225.821400
1400.800274,2.470970,0.355200,225.773710
1401.000274,2.353840,0.497540,225.755830
1401.200274,2.228220,0.187950,225.731880
1401.400274,2.166050,0.133830,225.718330
1401.600274,2.204140,0.019060,225.683690
1401.800274,2.207570,0.172510,225.681570
1402.000274,2.334720,-0.044010,225.657600
1402.200274,2.593730,0.046170,225.660660
1402.400274,2.689230,0.047520,225.655670
1402.600273,2.742380,-0.126730,225.616080
1402.800273,2.736920,-0.174700,225.551660
1403.000273,2.710910,-0.197830,225.367160
1403.200273,2.680330,-0.149540,225.128240
1403.400273,2.672280,-0.179310,224.874690
1403.600273,2.602350,-0.180910,224.471770
1403.800273,2.507200,-0.103650,224.085100
1404.000273,2.451690,-0.007300,223.711470
1404.200273,2.489040,0.041920,223.324360
1404.400273,2.456310,0.203420,222.932560
1404.600272,2.368470,0.324830,222.524890
1404.800272,2.295480,0.322290,222.137580
1405.000272,2.331420,0.378030,221.793530
1405.200272,2.368470,0.390860,221.517490
1405.400272,2.400990,0.360900,221.429670
1405.600272,2.495990,0.394490,221.389190
1405.800272,2.581540,0.389610,221.396430
1406.000272,2.572020,0.331310,221.441990
1406.200272,2.524820,0.368130,221.577950
1406.400271,2.502800,0.322960,221.721070
1406.600271,2.513250,0.381060,221.888230
1406.800271,2.556180,0.295430,222.067830
1407.000271,2.541930,0.275380,222.211040
1407.200271,2.539930,0.234710,222.222180
1407.400271,2.610600,0.164010,222.067310
1407.600271,2.450970,-0.305430,221.728760
1407.800271,2.500000,-0.255810,221.351000
1408.000271,2.590200,-0.051640,220.621400
1408.200271,2.510920,0.147650,219.424830
1408.400270,2.474920,0.198580,217.911030
1408.600270,2.174540,0.230070,216.001320
1408.800270,1.789230,0.246050,213.581890
1409.000270,1.273630,0.254110,210.739280
1409.200270,0.813360,0.172370,207.543840
1409.400270,0.638290,0.022700,203.918240
1409.600270,0.587420,0.004400,199.898140
1409.800270,0.718260,-0.041810,195.452450
1410.000270,0.602770,-0.147670,190.695390
1410.200270,0.471630,-0.227520,185.757110
1410.400269,0.345390,-0.348590,180.792540
1410.600269,0.460020,-0.602200,175.835780
1410.800269,0.508880,-0.785570,170.810450
1411.000269,0.636680,-0.995630,165.641160
1411.200269,0.859000,-1.131880,160.566230
1411.400269,0.852500,-1.250760,155.797380
1411.600269,1.097180,-1.277850,151.424420
1411.800269,1.160020,-1.208730,147.366950
1412.000269,1.347250,-1.042540,143.769960
1412.200268,1.453840,-0.940750,140.775340
1412.400268,1.702700,-0.924090,138.201870
1412.600268,1.848800,-0.860580,135.973550
1412.800268,1.802650,-0.617350,134.029700
1413.000268,1.741760,-0.584250,132.531990
1413.200268,1.573520,-0.665610,131.533450
1413.400268,1.427600,-0.511200,130.873800
1413.600268,1.480080,-0.623820,130.465010
1413.800268,1.349580,-0.675950,130.368970
1414.000268,1.384450,-0.684920,130.436590
1414.200267,1.391210,-0.995900,130.724080
1414.400267,1.492630,-0.712540,131.191300
1414.600267,1.552480,-0.556100,131.681960
1414.800267,1.502170,-0.624960,132.245320
1415.000267,1.586320,-0.651790,132.819500
1415.200267,1.561050,-0.477150,133.354920
1415.400267,1.496530,-0.503260,133.703400
1415.600267,1.681080,-1.136490,133.920490
1415.800267,1.699270,-1.020520,134.131770
1416.000267,1.591570,0.127020,134.244040
1416.200266,1.607210,-0.582650,134.356790
1416.400266,1.518000,-0.485110,134.468350
1416.600266,1.454920,-0.639910,134.598960
1416.800266,1.470900,-0.717120,134.826910
1417.000266,1.655830,-0.722090,135.084240
1417.200266,1.789530,-0.773750,135.289420
1417.400266,1.959700,-0.716780,135.398430
1417.600266,1.918400,-0.797740,135.416890
1417.800266,1.657470,-0.728160,135.429610
1418.000265,1.540580,-0.643650,135.419250
1418.200265,1.596190,-0.675270,135.399530
1418.400265,1.747600,-1.131800,135.366750
1418.600265,1.821010,-0.236390,135.334200
1418.800265,1.773030,-0.620500,135.331030
1419.000265,1.771100,-0.727010,135.289910
1419.200265,1.817580,-0.593410,135.269490
1419.400265,1.733170,-0.654820,135.306210
1419.600265,1.553920,-0.638690,135.400190
1419.800265,1.452890,-0.667750,135.567620
1420.000264,1.559730,-0.666900,135.710310
1420.200264,1.695080,-0.713260,135.801390
1420.400264,1.622980,-0.806910,135.865290
1420.600264,1.482690,-0.690900,135.896010
1420.800264,1.377860,-0.680380,135.859960
1421.000264,1.468540,-0.695670,135.816410
1421.200264,1.673070,-0.690580,135.800510
1421.400264,1.959430,-0.586460,135.756070
1421.600264,2.024440,-0.510360,135.654960
1421.800264,2.033360,-0.673380,135.566840
1422.000263,2.149400,-0.806890,135.459780
1422.200263,2.169340,-0.823130,135.396770
1422.400263,2.001970,-0.793100,135.345250
1422.600263,1.765460,-1.177280,135.319840
1422.800263,1.797920,-0.269360,135.279160
1423.000263,1.955990,-0.699840,135.182340
1423.200263,1.990260,-0.771750,135.137180
1423.400263,1.946640,-0.717690,135.058110
1423.600263,1.936020,-0.779710,134.977340
1423.800263,2.080250,-0.804560,134.893890
1424.000262,2.121950,-0.841260,134.806950
1424.200262,2.034840,-0.668410,134.650700
1424.400262,2.033890,-0.669000,134.250620
1424.600262,1.940720,-0.831920,133.625710
1424.800262,1.705540,-0.570240,132.952280
1425.000262,1.584890,-0.475890,132.269520
1425.200262,1.659010,-0.433670,131.573430
1425.400262,1.925740,-0.617520,130.761310
1425.600262,2.052210,-0.618240,129.826940
1425.800261,1.970420,-0.531210,128.902060
1426.000261,2.012890,-0.677830,128.011770
1426.200261,2.122470,-0.919870,127.123740
1426.400261,2.146210,-0.730440,126.221950
1426.600261,2.201220,-0.774280,125.207350
1426.800261,2.269820,-0.809870,124.041450
1427.000261,2.238720,-0.688010,122.844720
1427.200261,2.288380,-0.532540,121.669270
1427.400261,2.257880,-0.605900,120.460180
1427.600261,2.357340,-0.792500,119.189830
1427.800260,2.518470,-0.866950,117.929550
1428.000260,2.480740,-0.709820,116.660600
1428.200260,2.290350,-0.605400,115.430140
1428.400260,2.041380,-0.717130,114.200160
1428.600260,1.955240,-0.710660,112.981270
1428.800260,1.926720,-0.849340,111.765800
1429.000260,2.029390,-0.898410,110.561820
1429.200260,2.282590,-0.981480,109.346900
1429.400260,2.495550,-0.905250,108.134240
1429.600260,2.440740,-0.744970,106.964000
1429.800259,2.281650,-0.477460,105.781350
1430.000259,2.164370,-1.083290,104.598160
1430.200259,2.058310,-0.756010,103.455690
1430.400259,2.130690,-0.806370,102.308500
1430.600259,2.211650,-0.838960,101.227350
1430.800259,2.138340,-0.733760,100.172080
1431.000259,2.081680,-0.816420,99.083720
1431.200259,2.097730,-0.840970,98.008550
1431.400259,2.065500,-0.816660,96.990370
1431.600258,2.011370,-0.868690,96.053180
1431.800258,1.876160,-0.687320,95.287300
1432.000258,1.910600,-0.802700,94.625370
1432.200258,1.953330,-0.789840,93.933130
1432.400258,1.942290,-0.664990,93.070950
1432.600258,2.206770,-0.865300,92.101300
1432.800258,2.109260,-0.858310,90.880860
1433.000258,1.723980,-0.556890,89.636750
1433.200258,1.590280,-0.599310,88.285290
1433.400258,1.689590,-0.694880,86.907380
1433.600257,1.561680,-0.774010,85.531620
1433.800257,1.752070,-0.971520,84.069700
1434.000257,1.886060,-0.877700,82.438470
1434.200257,1.871940,-1.005870,80.872120
1434.400257,1.823550,-1.104840,79.255620
1434.600257,1.789130,-1.080960,77.715330
1434.800257,1.645990,-1.109230,76.273470
1435.000257,1.642520,-1.095130,75.068460
1435.200257,1.778830,-1.154000,73.841480
1435.400257,1.865620,-1.118320,72.586410
1435.600256,1.880820,-1.060410,71.348740
1435.800256,1.805800,-1.034700,70.133630
1436.000256,1.784850,-1.082050,68.887640
1436.200256,1.772650,-0.946240,67.631690
1436.400256,1.766710,-0.813720,66.359750
1436.600256,1.879220,-0.803160,65.067200
1436.800256,1.981690,-0.743900,63.805310
1437.000256,1.973050,-0.709360,62.500970
1437.200256,1.950240,-0.598150,61.181290
1437.400255,1.797240,-0.429900,59.831060
1437.600255,1.718930,-0.477600,58.544430
1437.800255,1.752960,-0.432370,57.273000
1438.000255,1.702160,-0.433150,56.038800
1438.200255,1.693510,-0.504760,54.951860
1438.400255,1.771590,-0.357460,53.884070
1438.600255,1.853240,-0.580580,52.868030
1438.800255,1.792050,-0.421800,52.023710
1439.000255,1.710200,-0.371020,51.276110
1439.200255,1.676720,-0.207420,50.511980
1439.400254,1.624280,-0.360240,49.874490
1439.600254,1.695910,-0.428390,49.313560
1439.800254,1.669370,-0.238700,48.786290
1440.000254,1.689620,-0.258560,48.413200
1440.200254,1.603440,-0.339670,48.029270
1440.400254,1.483720,-0.391330,47.677990
1440.600254,1.754620,-0.328520,47.367830
1440.800254,1.704960,-0.084310,47.115090
1441.000254,1.443270,-0.256010,46.903290
1441.200254,1.693120,0.004280,46.708570
1441.400253,2.201900,-0.137340,46.551320
1441.600253,2.242480,-0.238230,46.473110
1441.800253,1.872310,0.053450,46.514810
1442.000253,1.374900,0.162040,46.535500
1442.200253,1.391640,0.252990,46.598300
1442.400253,1.551610,0.365010,46.692520
1442.600253,1.645310,0.220070,46.832270
1442.800253,1.742130,0.347080,46.998180
1443.000253,1.252420,0.247310,47.125740
1443.200253,1.466750,0.191920,47.323610
1443.400252,1.778920,0.417570,47.435200
1443.600252,1.540980,0.404170,47.547410
1443.800252,1.628090,0.460300,47.669830
1444.000252,1.834440,0.390620,47.712420
1444.200252,1.883870,0.323320,47.745470
1444.400252,1.917630,0.259150,47.793680
1444.600252,1.943860,0.361000,47.812430
1444.800252,1.909800,0.319650,47.777520
1445.000252,1.862440,0.342340,47.732260
1445.200251,2.001750,0.205450,47.652210
1445.400251,2.214220,0.098920,47.388130
1445.600251,2.246270,0.304700,47.089170
1445.800251,2.198410,0.168250,46.698610
1446.000251,2.405290,0.093860,46.097420
1446.200251,2.651960,0.044060,45.333820
1446.400251,2.764610,-0.027620,44.586010
1446.600251,2.794330,-0.091940,43.966810
1446.800251,2.940280,-0.075900,43.392790
1447.000251,2.933080,-0.018820,43.006340
1447.200250,2.960470,-0.057470,42.728200
1447.400250,3.084210,-0.140890,42.412930
1447.600250,2.881020,-0.096440,42.110530
1447.800250,2.582830,-0.134410,41.811600
1448.000250,2.482170,-0.090410,41.539900
1448.200250,2.534170,0.114120,41.280000
1448.400250,2.729030,-0.142640,40.972540
1448.600250,2.789360,-0.481770,40.679850
1448.800250,2.656830,-0.355070,40.418890
1449.000250,2.438950,-0.251140,40.185660
1449.200249,2.118170,-0.106280,39.961310
1449.400249,2.229250,-0.328820,39.772860
1449.600249,2.693500,-0.364520,39.607130
1449.800249,2.797680,0.199480,39.404930
1450.000249,2.579160,0.498470,39.261620
1450.200249,2.860990,0.264380,39.116840
1450.400249,2.935510,-0.472250,38.998840
1450.600249,3.097120,0.483200,39.008310
1450.800249,3.159980,0.142810,38.893450
1451.000248,2.586920,0.098970,38.847330
1451.200248,2.475010,-0.064520,38.777260
1451.400248,2.296710,-0.175150,38.667810
1451.600248,2.382300,0.034940,38.594760
1451.800248,2.557310,-0.538380,38.443820
1452.000248,2.986870,-0.050320,38.349810
1452.200248,3.417160,0.503800,38.206730
1452.400248,3.210300,-0.199620,38.060830
1452.600248,3.036200,0.212540,37.972900
1452.800248,3.032670,0.311680,37.914340
1453.000247,3.117900,-0.010270,37.845020
1453.200247,3.235220,-0.018460,37.795920
1453.400247,3.048660,0.339250,37.822810
1453.600247,2.890390,0.306670,37.854810
1453.800247,2.924080,0.635430,37.855360
1454.000247,3.040360,0.421050,37.849270
1454.200247,3.081280,0.014160,37.825910
1454.400247,3.046200,0.066180,37.828460
1454.600247,2.816500,0.334480,37.821560
1454.800247,2.793400,0.433160,37.840950
1455.000246,2.726540,-0.178340,37.764630
1455.200246,2.717180,-0.117310,37.798770
1455.400246,2.761350,0.215880,37.742250
1455.600246,2.643640,0.137030,37.754550
1455.800246,2.598580,0.102740,37.739330
1456.000246,2.622980,0.317370,37.731300
1456.200246,2.549350,0.030540,37.807360
1456.400246,2.483440,-0.006420,37.914980
1456.600246,2.832120,-0.152250,38.061320
1456.800245,3.376530,-0.092710,38.134830
1457.000245,3.488140,-0.075150,38.209810
1457.200245,3.514840,-0.061270,38.213130
1457.400245,3.547990,-0.140280,38.079980
1457.600245,3.503100,-0.043890,37.861570
1457.800245,3.316310,0.072040,37.677590
1458.000245,3.325690,-0.096960,37.609410
1458.200245,3.239030,-0.115600,37.567940
1458.400245,3.054540,-0.028480,37.604750
1458.600245,3.331840,-0.328270,37.646520
1458.800244,3.374500,-0.101750,37.676470
1459.000244,3.405780,0.016340,37.705740
1459.200244,3.344530,0.055710,37.761370
1459.400244,3.306960,-0.004010,37.803830
1459.600244,3.346170,0.025590,37.819510
1459.800244,3.303990,-0.422580,37.803460
1460.000244,3.330060,-0.186850,37.873970
1460.200244,3.361480,-0.302920,37.935510
1460.400244,3.383610,-0.284840,37.952640
1460.600244,3.506210,-0.313480,37.977570
1460.800243,3.627550,-0.300130,37.988040
1461.000243,3.402970,-0.424910,37.961210
1461.200243,3.208780,-0.439210,37.948180
1461.400243,3.316390,-0.250740,37.972280
1461.600243,3.471580,-0.453960,37.973310
1461.800243,3.298150,-0.502270,37.978090
1462.000243,3.176280,-0.469020,37.969940
1462.200243,3.131300,-0.574160,37.981030
1462.400243,3.065260,-0.734010,37.996670
1462.600242,3.138800,-0.650080,38.032190
1462.800242,2.997220,-0.608250,38.052450
1463.000242,2.860650,-0.941350,38.100050
1463.200242,3.053430,-0.747160,38.126820
1463.400242,3.189560,-0.559690,38.159820
1463.600242,3.089280,-0.294830,38.206500
1463.800242,3.108730,-0.618370,38.255490
1464.000242,3.090270,-0.305470,38.264630
1464.200242,3.029730,-0.618090,38.320890
1464.400242,3.227680,-0.332350,38.398740
1464.600241,2.916280,-0.294320,38.414240
1464.800241,2.500630,-0.655830,38.391820
1465.000241,2.848050,-0.607330,38.406950
1465.200241,3.082280,-0.679560,38.371780
1465.400241,2.989770,-0.546410,38.317740
1465.600241,2.923810,-0.300880,38.256890
1465.800241,2.841820,-0.196790,38.203430
1466.000241,2.684660,-0.126690,38.165180
1466.200241,2.807290,0.039190,38.112460
1466.400241,2.878370,-0.058610,37.991100
1466.600240,3.115100,-0.458610,37.900810
1466.800240,3.249530,-0.530220,37.703280
1467.000240,3.189550,-0.325060,37.493630
1467.200240,2.922770,-0.155960,37.252980
1467.400240,3.000510,-0.266590,36.851920
1467.600240,3.048590,-0.253830,36.165750
1467.800240,3.159220,-0.093460,35.276980
1468.000240,3.063830,0.296010,33.957880
1468.200240,2.528710,0.298500,32.157180
1468.400240,2.331740,0.212750,29.943490
1468.600239,1.935570,0.196330,27.098960
1468.800239,1.637360,-0.026520,23.887000
1469.000239,1.212140,0.008380,20.204250
1469.200239,1.452580,-0.085390,16.024240
1469.400239,1.195250,-0.223900,11.581820
1469.600239,1.614380,-0.270010,6.702140
1469.800239,1.713940,-0.083900,1.622760
1470.000239,1.902690,0.080150,356.533230
1470.200239,1.957440,-0.051710,351.595530
1470.400238,2.860780,-0.017830,346.789940
1470.600238,3.153870,0.236890,341.983050
1470.800238,3.142590,1.068460,337.327640
1471.000238,4.049960,1.892160,332.712180
1471.200238,2.906200,1.807250,328.237140
1471.400238,2.943680,1.958340,324.067450
1471.600238,2.751810,1.777540,320.326920
1471.800238,2.659880,1.970370,317.123540
1472.000238,2.395630,1.981120,314.044140
1472.200238,1.879160,2.131880,311.306090
1472.400237,1.589970,1.933770,309.201460
1472.600237,1.137940,2.175830,307.849550
1472.800237,0.783170,2.456150,307.239330
1473.000237,0.392800,1.771540,307.224460
1473.200237,0.960530,1.251970,307.431070
1473.400237,0.781690,1.459220,307.742990
1473.600237,1.335940,1.490920,308.329710
1473.800237,1.652100,1.450630,308.798330
1474.000237,1.523630,1.658530,309.269440
1474.200237,1.599670,1.727380,309.795540
1474.400236,1.367800,1.512650,310.367620
1474.600236,1.814940,1.224390,310.906740
1474.800236,1.976400,1.172040,311.417870
1475.000236,2.167700,1.291280,311.891890
1475.200236,2.217110,1.215980,312.411680
1475.400236,2.558430,0.994420,312.968090
1475.600236,3.171870,0.967750,313.455430
1475.800236,3.650080,1.162260,313.912220
1476.000236,3.521600,1.318230,314.201500
1476.200235,3.709860,1.026820,314.465850
1476.400235,3.852390,1.186520,314.749600
1476.600235,3.791720,1.164340,314.846020
1476.800235,3.803820,1.176340,315.013880
1477.000235,3.674460,1.109430,315.088310
1477.200235,3.578720,0.856320,315.042630
1477.400235,3.469330,0.825660,315.038910
1477.600235,3.485810,0.875780,315.073150
1477.800235,3.442760,1.183430,315.022050
1478.000235,3.460780,0.871260,314.882910
1478.200234,3.593860,0.971340,314.878300
1478.400234,3.749410,1.069620,314.876140
1478.600234,3.711240,1.027430,314.936750
1478.800234,3.083570,1.018620,314.961720
1479.000234,2.722520,0.813870,314.963600
1479.200234,3.010330,0.793130,314.989470
1479.400234,3.152970,0.797900,314.991780
1479.600234,3.354840,1.293030,315.063450
1479.800234,3.344870,1.523260,315.076460
1480.000234,3.652700,1.149310,315.060400
1480.200233,3.417390,1.520120,315.187340
1480.400233,2.479400,1.227250,315.215390
1480.600233,2.378910,1.245760,315.130490
1480.800233,2.326520,1.219390,314.994520
1481.000233,2.770700,0.844260,314.967780
1481.200233,3.304910,1.070760,314.980500
1481.400233,3.233710,1.114240,314.999570
1481.600233,3.054940,1.062850,315.139210
1481.800233,3.161810,1.178270,315.259240
1482.000233,3.124170,1.097470,315.099850
1482.200232,3.024590,0.983190,314.906500
1482.400232,3.078850,0.892240,314.833120
1482.600232,3.138180,0.877280,314.678300
1482.800232,3.361370,0.780450,314.633750
1483.000232,3.594130,0.777850,314.573930
1483.200232,3.410280,0.904980,314.551180
1483.400232,3.015170,0.932980,314.565450
1483.600232,2.743420,0.763920,314.566660
1483.800232,2.588700,0.895640,314.556570
1484.000231,2.242740,0.662070,314.521040
1484.200231,1.944770,0.960300,314.557740
1484.400231,1.725420,0.569370,314.518880
1484.600231,1.579810,0.500530,314.482780
1484.800231,1.993570,0.234600,314.498890
1485.000231,2.355840,0.596940,314.504300
1485.200231,2.164550,0.470540,314.611020
1485.400231,1.823110,0.284730,314.738660
1485.600231,1.715460,0.363980,314.783360
1485.800231,1.611330,0.460100,314.751820
1486.000230,1.458810,0.141790,314.739870
1486.200230,1.595360,0.076840,314.783810
1486.400230,1.731570,0.272470,314.846300
1486.600230,1.829700,0.459910,314.927900
1486.800230,2.198470,0.331580,314.949940
1487.000230,2.372960,0.535360,314.976310
1487.200230,2.494410,0.519190,314.972690
1487.400230,2.658970,0.331540,314.958840
1487.600230,2.712680,0.424410,314.985860
1487.800230,2.613480,0.319940,314.979940
1488.000229,2.181840,0.399790,314.923870
1488.200229,2.191780,0.525390,314.904280
1488.400229,2.218660,0.498540,314.909800
1488.600229,1.921140,0.415040,314.822030
1488.800229,2.092250,0.574410,314.821540
1489.000229,2.313510,0.413060,314.800170
1489.200229,2.507350,0.458090,314.766050
1489.400229,2.493870,0.438530,314.775210
1489.600229,2.509160,0.344260,314.783970
1489.800228,2.480560,0.743150,314.809660
1490.000228,2.409110,0.892880,314.823000
1490.200228,2.307900,0.609440,314.798130
1490.400228,2.155850,0.751670,314.807210
1490.600228,1.985220,0.497720,314.882840
1490.800228,2.240460,0.233610,314.943810
1491.000228,2.535020,0.272070,314.980280
1491.200228,2.977280,0.285160,315.054230
1491.400228,3.150010,0.415790,315.148550
1491.600228,3.097410,0.413540,315.209420
1491.800227,3.095250,0.519330,315.247360
1492.000227,2.950340,0.672380,315.199980
1492.200227,2.917840,0.276940,315.124620
1492.400227,3.352760,0.406940,315.124760
1492.600227,3.535490,0.524440,315.132010
1492.800227,3.708590,0.318770,315.093520
1493.000227,3.535960,0.193240,315.002560
1493.200227,3.597690,0.353310,315.014440
1493.400227,3.507340,0.493000,314.982310
1493.600227,3.541030,0.319350,314.910470
1493.800226,3.586180,0.189640,314.890400
1494.000226,3.500390,0.230340,314.860410
1494.200226,3.434850,0.356360,314.807320
1494.400226,3.431000,0.414440,314.774360
1494.600226,3.455940,0.313510,314.745470
1494.800226,3.298420,0.284700,314.712760
1495.000226,3.262110,0.266590,314.711560
1495.200226,3.276660,0.046130,314.681180
1495.400226,3.181250,0.157820,314.664930
1495.600225,3.107910,0.185390,314.634410
1495.800225,3.056700,0.096170,314.624080
1496.000225,3.259650,0.114220,314.595260
1496.200225,3.240040,0.134580,314.581150
1496.400225,3.216770,0.255150,314.581250
1496.600225,3.282840,0.586210,314.589910
1496.800225,3.527870,0.530440,314.580430
1497.000225,3.357630,0.720210,314.572620
1497.200225,3.386870,0.750060,314.570970
1497.400225,3.355070,0.812910,314.568310
1497.600224,3.378450,0.858940,314.558480
1497.800224,3.372730,0.902000,314.552130
1498.000224,3.344510,0.937560,314.546370
1498.200224,3.331200,0.943670,314.540420
1498.400224,3.351770,0.937970,314.535310
1498.600224,3.345040,0.980550,314.534740
1498.800224,3.331980,1.052280,314.532040
1499.000224,3.311910,1.117920,314.530470
1499.200224,3.312210,1.126930,314.524850
1499.400224,3.224300,1.151730,314.538820
1499.600223,3.285980,1.036700,314.525520
1499.800223,3.354050,0.971470,314.546820
1500.000223,3.232760,0.921700,314.631400
1500.200223,3.191930,0.865680,314.723830
1500.400223,3.081300,0.734300,314.825240
1500.600223,3.017590,0.830820,314.994500
1500.800223,3.021050,0.875950,315.176170
1501.000223,2.973320,0.804050,315.364460
1501.200223,3.039370,0.946720,315.597870
1501.400223,3.148090,1.078400,315.769470
1501.600222,3.047720,1.045540,315.837050
1501.800222,3.149890,0.890790,315.840630
1502.000222,3.181500,0.864440,315.829170
1502.200222,3.183070,0.720020,315.756580
1502.400222,3.128360,0.503320,315.705180
1502.600222,2.989290,0.424710,315.679250
1502.800222,2.930980,0.423900,315.659850
1503.000222,2.738930,0.536600,315.643840
1503.200222,2.709720,0.658240,315.576350
1503.400221,2.838850,0.937000,315.581740
1503.600221,2.806570,0.898230,315.497610
1503.800221,2.936920,0.886870,315.292330
1504.000221,3.324080,0.903300,315.198280
1504.200221,3.321750,0.522140,315.146290
1504.400221,3.263330,0.346420,315.167420
1504.600221,3.305160,0.154340,315.158530
1504.800221,3.478810,0.195080,315.164430
1505.000221,3.241430,0.466390,315.171560
1505.200221,3.063230,0.606490,315.194870
1505.400220,3.202040,0.519320,315.206520
1505.600220,3.374450,0.617630,315.213190
1505.800220,3.630720,0.575120,315.211770
1506.000220,3.675080,0.161860,315.187780
1506.200220,3.608240,0.144680,315.227230
1506.400220,3.342830,0.603960,315.202680
1506.600220,3.340030,0.641250,315.162760
1506.800220,3.490610,0.500290,315.099090
1507.000220,3.622060,0.362650,315.089980
1507.200220,3.459590,0.354370,315.092260
1507.400219,3.264280,0.252070,315.086810
1507.600219,3.203500,0.319740,315.068860
1507.800219,3.224280,0.734840,315.060450
1508.000219,3.199980,0.458180,315.021960
1508.200219,3.071830,0.396330,315.032820
1508.400219,3.071700,0.391080,315.035170
1508.600219,3.478000,0.468040,315.051480
1508.800219,3.496680,0.929110,315.065190
1509.000219,3.257660,0.502170,315.036840
1509.200218,3.243110,0.504980,315.092090
1509.400218,3.343330,0.527730,315.152140
1509.600218,2.991940,0.296540,315.123900
1509.800218,2.769560,0.681680,315.221570
1510.000218,2.834820,0.531740,315.271550
1510.200218,3.021840,0.667800,315.334170
1510.400218,2.852380,0.429250,315.315700
1510.600218,2.753630,0.722270,315.398370
1510.800218,2.698200,0.393210,315.433350
1511.000218,2.682000,0.586230,315.533360
1511.200217,2.587250,0.541700,315.607350
1511.400217,2.408080,0.609070,315.667550
1511.600217,2.138610,0.737630,315.692850
1511.800217,2.173430,0.615010,315.709040
1512.000217,2.392340,0.871770,315.655940
1512.200217,2.633460,0.888660,315.625090
1512.400217,3.255030,0.867390,315.594670
1512.600217,3.626890,0.710450,315.616810
1512.800217,3.360410,0.876450,315.615680
1513.000217,2.452700,1.409340,315.605550
1513.200216,2.241950,1.929760,315.673970
1513.400216,2.723820,1.440440,315.573670
1513.600216,2.767540,1.319870,315.492510
1513.800216,2.620850,1.186190,315.479760
1514.000216,2.598860,1.575640,315.447920
1514.200216,2.575290,1.641350,315.377720
1514.400216,2.752570,1.586160,315.322110
1514.600216,2.981530,1.576740,315.261050
1514.800216,3.055830,1.522660,315.220580
1515.000216,2.902420,1.617290,315.198900
1515.200215,2.827230,1.855530,315.183820
1515.400215,2.881740,1.849370,315.194960
1515.600215,2.991740,2.052320,315.212150
1515.800215,2.941980,2.004600,315.187140
1516.000215,3.008740,2.084570,315.224640
1516.200215,2.932760,2.130690,315.230100
1516.400215,2.825550,2.555760,315.256990
1516.600215,2.957470,2.523100,315.225760
1516.800215,3.223530,2.558900,315.244320
1517.000214,3.470020,2.832630,315.333470
1517.200214,3.411460,3.155730,315.434250
1517.400214,3.064390,3.417270,315.507760
1517.600214,2.930690,3.474560,315.585580
1517.800214,2.956330,3.721970,315.609180
1518.000214,2.882170,3.801170,315.673660
1518.200214,3.087020,4.296560,315.734180
1518.400214,3.212650,4.394410,315.751380
1518.600214,3.161150,4.428530,315.825450
1518.800214,3.056730,4.500670,315.841980
1519.000213,2.706690,4.577970,315.817580
1519.200213,2.664190,5.050250,315.811070
1519.400213,2.983880,4.512200,315.629410
1519.600213,3.122540,4.463780,315.495990
1519.800213,3.183190,4.547520,315.351160
1520.000213,3.188210,4.435780,315.223790
1520.200213,3.088070,4.623200,315.102530
1520.400213,3.310530,4.407110,314.992540
1520.600213,3.450020,4.651960,314.946820
1520.800213,3.369610,4.593620,314.888490
1521.000212,3.380780,4.573460,314.861120
1521.200212,3.387430,4.581000,314.805970
1521.400212,3.279440,4.973760,314.857630
1521.600212,3.216780,4.626930,314.872080
1521.800212,3.254640,4.575570,314.899800
1522.000212,3.201210,4.722770,314.909490
1522.200212,3.255660,4.706990,314.894880
1522.400212,3.117890,4.564590,314.908970
1522.600212,3.132160,4.586250,314.972490
1522.800211,3.215330,4.656390,314.974760
1523.000211,3.225370,4.506700,314.955110
1523.200211,3.241590,4.600040,314.965160
1523.400211,3.211770,4.392080,315.018980
1523.600211,2.810430,4.838490,315.104270
1523.800211,2.393960,4.894010,315.120620
1524.000211,2.307150,5.094450,315.182780
1524.200211,2.355800,4.940300,315.073730
1524.400211,2.507800,4.466480,315.022850
1524.600211,2.602730,4.097740,314.979790
1524.800210,2.631100,4.611770,314.923190
1525.000210,3.286430,4.699890,314.912860
1525.200210,3.466730,5.203990,314.920600
1525.400210,3.370010,4.852890,314.933920
1525.600210,3.380630,5.090660,314.920810
1525.800210,3.212750,5.112920,314.912090
1526.000210,2.948110,4.854660,314.867220
1526.200210,2.856280,4.642430,314.855540
1526.400210,2.700330,4.783220,314.924790
1526.600210,2.804530,4.847790,315.020320
1526.800209,3.266420,4.426580,315.163330
1527.000209,3.113070,4.654200,315.368030
1527.100209,2.862560,4.979380,315.510090
1527.300209,2.659190,4.634040,315.718630
1527.500209,2.663680,4.784790,315.877010
1527.700209,2.435460,4.526370,315.998950
1527.900209,2.569460,4.606790,316.144500
1528.100209,2.614710,4.666360,316.170010
1528.300209,2.547520,4.488300,316.242130
1528.500209,2.782780,4.507680,316.310840
1528.600209,2.786390,4.346110,316.318180
1528.800208,2.489250,4.345870,316.336570
1529.000208,2.225680,4.560030,316.349920
1529.200208,2.733440,4.820270,316.331890
1529.400208,2.960820,4.428880,316.313660
1529.600208,2.888130,4.446940,316.324690
1529.800208,2.814630,4.465730,316.320410
1530.000208,2.840070,4.431380,316.269340
1530.200208,2.900220,4.524960,316.212070
1530.400208,2.837780,4.478500,316.212830
1530.600207,2.775320,4.418840,316.194700
1530.800207,2.639810,4.102900,316.157680
1531.000207,2.779540,4.061680,316.147630
1531.200207,2.829440,4.267850,316.136500
1531.400207,2.315150,4.305460,316.104950
1531.600207,1.775590,3.697270,316.017580
1531.800207,2.307420,4.113480,315.972710
1532.000207,2.725010,3.972640,315.913940
1532.200207,2.961810,3.814920,315.848490
1532.400207,2.944890,3.942570,315.837960
1532.600206,2.946650,3.867320,315.773600
1532.800206,2.971860,4.026310,315.764040
1533.000206,2.521890,4.079280,315.736040
1533.200206,1.871210,4.475220,315.732870
1533.400206,1.479640,4.165090,315.650570
1533.600206,1.363340,3.620050,315.580820
1533.800206,1.134180,3.764900,315.492940
1534.000206,0.921690,3.592140,315.380030
1534.200206,0.833590,2.903670,315.276050
1534.400206,0.497860,2.696050,315.170800
1534.600205,0.764140,2.200360,315.079400
1534.800205,1.246330,2.057380,314.920530
1535.000205,1.686290,1.965670,314.804690
1535.200205,2.054410,1.567950,314.673880
1535.400205,2.337120,1.538420,314.542110
1535.600205,2.326630,2.049850,314.455450
1535.800205,2.142780,2.492820,314.382220
1536.000205,2.018370,2.402690,314.267940
1536.200205,2.099290,2.280150,314.151830
1536.400204,2.288290,2.340190,314.073430
1536.600204,2.321410,1.351930,313.916450
1536.800204,2.447790,1.188160,313.858930
1537.000204,2.482970,1.514480,313.794320
1537.200204,2.437270,1.693390,313.754750
1537.400204,2.327030,1.498080,313.678310
1537.600204,2.242620,1.539450,313.615130
1537.800204,2.232080,1.546540,313.554790
1538.000204,2.147420,1.532030,313.466110
1538.200204,2.224640,1.738290,313.429480
1538.400203,2.329350,1.900850,313.383630
1538.600203,2.290180,2.014830,313.420310
1538.800203,2.325040,2.021590,313.488180
1539.000203,2.479370,1.663260,313.665840
1539.200203,2.414020,1.881180,313.887540
1539.400203,2.300730,1.773050,314.031150
1539.600203,2.270370,1.592290,314.092400
1539.800203,2.206580,1.656740,314.124350
1540.000203,2.152560,1.633050,314.161760
1540.200203,2.080780,1.699600,314.218420
1540.400202,1.905490,1.670900,314.288170
1540.600202,2.007750,1.481820,314.368010
1540.800202,2.242360,1.496700,314.515730
1541.000202,2.189670,1.526640,314.688920
1541.200202,2.148560,1.525450,314.845740
1541.400202,2.256380,1.477500,314.979260
1541.600202,2.408320,1.535200,315.068530
1541.800202,2.615150,1.533620,315.174140
1542.000202,2.656760,1.552260,315.205660
1542.200202,2.609040,1.789470,315.251510
1542.400201,2.333070,1.963060,315.290850
1542.600201,1.967290,1.664630,315.281650
1542.800201,1.928500,1.131630,315.256020
1543.000201,2.233670,1.495140,315.242180
1543.200201,2.520940,1.510110,315.187810
1543.400201,2.562350,1.595680,315.110500
1543.600201,2.468250,1.583300,315.050810
1543.800201,2.309230,1.634850,315.014350
1544.000201,2.073790,1.623220,314.923410
1544.200200,1.962620,1.628780,314.913350
1544.400200,1.950910,1.517820,314.966650
1544.600200,1.979660,1.489560,315.034440
1544.800200,2.016940,1.605030,315.045490
1545.000200,2.030050,1.509800,315.047860
1545.200200,2.089890,1.614200,315.073670
1545.400200,2.127250,1.654180,315.111270
1545.600200,2.124200,1.698320,315.144210
1545.800200,1.959710,1.667990,315.123470
1546.000200,2.045900,1.395700,315.088240
1546.200199,2.171480,1.579330,315.024730
1546.400199,2.138140,1.571240,314.994680
1546.600199,2.037880,1.602440,314.952210
1546.800199,2.067140,1.457450,314.933020
1547.000199,2.130290,1.473710,314.894110
1547.200199,2.050270,1.479610,314.872350
1547.400199,1.928030,1.553520,314.922620
1547.600199,2.018160,1.380450,315.078670
1547.800199,2.270880,1.271150,315.242860
1548.000199,2.336960,1.463250,315.367480
1548.200198,2.403040,1.519380,315.500990
1548.400198,2.458770,1.739400,315.587840
1548.600198,2.406690,1.809730,315.648410
1548.800198,2.469390,2.001390,315.633150
1549.000198,2.616210,1.792980,315.520610
1549.200198,2.617400,1.482520,315.458400
1549.400198,2.683860,1.682010,315.438060
1549.600198,2.835700,1.725390,315.409370
1549.800198,2.621800,1.993560,315.380510
1550.000198,2.407320,1.889760,315.379060
1550.200197,2.521210,1.792970,315.338850
1550.400197,2.550440,1.865280,315.304520
1550.600197,2.519620,1.798800,315.279230
1550.800197,2.584030,1.700650,315.251240
1551.000197,2.556500,1.858330,315.233530
1551.200197,2.373760,1.877070,315.220900
1551.400197,2.342010,1.761600,315.214700
1551.600197,2.427730,1.634860,315.194690
1551.800197,2.321120,1.825050,315.189350
1552.000196,2.288240,1.806400,315.171570
1552.200196,2.338970,1.728600,315.114850
1552.400196,2.306790,1.864680,315.084860
1552.600196,2.361940,1.883460,315.117010
1552.800196,2.399960,1.593320,315.153230
1553.000196,2.397510,1.864500,315.223320
1553.200196,2.521660,1.912330,315.291000
1553.400196,2.528870,1.748640,315.339330
1553.600196,2.477410,1.871110,315.414680
1553.800196,2.548420,1.959540,315.496270
1554.000195,2.525080,1.886330,315.634570
1554.200195,2.474470,2.065490,315.742860
1554.400195,2.496810,1.942970,315.748380
1554.600195,2.383640,1.773140,315.655740
1554.800195,2.189200,2.149830,315.561230
1555.000195,2.225170,1.816280,315.469790
1555.200195,2.287770,1.824960,315.352410
1555.400195,2.204740,1.949340,315.286130
1555.600195,2.088580,1.905270,315.210690
1555.800195,2.163700,1.966080,315.165720
1556.000194,2.297380,1.979270,315.115760
1556.200194,2.373830,1.949850,315.088290
1556.400194,2.262520,2.118290,315.051940
1556.600194,2.039440,2.197770,315.037820
1556.800194,2.160630,1.725560,315.011060
1557.000194,2.405810,1.801400,314.968160
1557.200194,2.307780,1.919070,314.992640
1557.400194,2.151330,2.016500,315.110250
1557.600194,2.012590,1.964550,315.196140
1557.800194,1.965800,1.807720,315.281440
1558.000193,1.959890,1.827360,315.308400
1558.200193,2.017880,1.718160,315.296240
1558.400193,2.125680,1.474100,315.289380
1558.600193,2.370960,1.172110,315.259540
1558.800193,2.524350,1.264840,315.224930
1559.000193,2.475190,1.209170,315.188650
1559.200193,2.591390,1.098690,315.172590
1559.400193,2.681250,1.042520,315.178770
1559.600193,2.585760,1.099190,315.175450
1559.800192,2.565030,0.930320,315.204170
1560.000192,2.660460,0.923180,315.242630
1560.200192,2.676380,1.070960,315.272890
1560.400192,2.550260,1.196800,315.256450
1560.600192,2.455190,1.132290,315.268360
1560.800192,2.435610,1.041260,315.280800
1561.000192,2.541560,1.151530,315.327550
1561.200192,2.808650,1.132230,315.358910
1561.400192,3.191030,0.845530,315.381330
1561.600192,2.722010,1.402560,315.406600
1561.800191,2.329910,1.117430,315.438540
1562.000191,2.410100,1.012330,315.404870
1562.200191,2.364890,1.100170,315.360010
1562.400191,2.252310,1.059710,315.322560
1562.600191,2.240150,0.988020,315.293480
1562.800191,2.216300,0.972390,315.250570
1563.000191,2.106110,1.003000,315.198310
1563.200191,2.132490,0.846770,315.153720
1563.400191,2.224540,0.686250,315.110760
1563.600191,2.350600,0.859940,315.053130
1563.800190,2.545300,0.548300,315.031260
1564.000190,2.619030,0.644270,315.015780
1564.200190,2.648790,0.747790,315.035700
1564.400190,2.692590,0.554070,315.031770
1564.600190,2.757740,0.684320,315.050320
1564.800190,2.678740,0.634080,315.060730
1565.000190,2.562300,0.550480,315.087570
1565.200190,2.493930,0.673360,315.107870
1565.400190,2.355330,0.578080,315.104030
1565.600190,2.238760,0.581050,315.112660
1565.800189,2.277980,0.567600,315.088600
1566.000189,2.293890,0.658530,315.075000
1566.200189,2.274310,0.613090,315.072060
1566.400189,2.228650,0.555100,315.090520
1566.600189,2.193610,0.468560,315.107630
1566.800189,2.043600,0.583010,315.106740
1567.000189,1.929680,0.225730,315.122550
1567.200189,2.160010,0.421070,315.096410
1567.400189,2.421630,0.404400,315.071610
1567.600188,2.442320,0.234980,315.053630
1567.800188,2.516460,0.711390,315.041080
1568.000188,2.600790,0.382790,314.962880
1568.200188,2.578460,0.462030,314.929800
1568.400188,2.504160,0.514560,314.915770
1568.600188,2.532400,0.417440,314.898250
1568.800188,2.429990,0.409390,314.929310
1569.000188,2.346360,0.493100,315.003840
1569.200188,2.193960,0.505490,315.056160
1569.400188,2.041010,0.431100,315.175550
1569.600187,2.003230,0.655690,315.328070
1569.800187,2.004780,0.581040,315.477200
1570.000187,2.095230,0.528450,315.577260
1570.200187,2.107930,0.578950,315.657480
1570.400187,1.972410,0.745830,315.703180
1570.600187,2.106100,0.395590,315.664440
1570.800187,2.294450,0.296450,315.617810
1571.000187,2.237010,0.566840,315.600800
1571.200187,2.352430,0.523370,315.557020
1571.400187,2.402170,0.736030,315.543010
1571.600186,2.214710,0.415710,315.480100
1571.800186,1.999620,0.429130,315.455850
1572.000186,2.086140,0.488900,315.409010
1572.200186,2.212160,0.518240,315.405400
1572.400186,2.147480,0.596290,315.331200
1572.600186,1.987790,0.528530,315.244390
1572.800186,1.902470,0.057750,315.189160
1573.000186,1.933020,0.453750,315.141550
1573.200186,2.004410,0.268990,315.121250
1573.400185,2.179300,0.301410,315.113770
1573.600185,2.233740,0.239270,315.304010
1573.800185,2.194340,0.394270,315.450090
1574.000185,2.220720,0.149600,315.502460
1574.200185,2.297420,0.393840,315.508600
1574.400185,2.424780,0.567960,315.521130
1574.600185,2.541330,0.679430,315.516740
1574.800185,2.738830,0.745020,315.513540
1575.000185,2.610530,0.685250,315.507780
1575.200185,2.349450,0.755420,315.565610
1575.400184,2.227630,0.875660,315.559890
1575.600184,2.124330,0.989320,315.558590
1575.800184,2.242370,1.113040,315.558510
1576.000184,2.252180,0.696930,315.548840
1576.200184,2.277580,0.750320,315.580130
1576.400184,2.561790,0.764280,315.605790
1576.600184,2.636940,0.769810,315.614060
1576.800184,2.361190,0.680540,315.637880
1577.000184,2.308010,0.625650,315.673710
1577.200184,2.392400,0.565540,315.681580
1577.400183,2.380340,0.859290,315.702770
1577.600183,2.226940,0.885110,315.709600
1577.800183,2.142670,0.943650,315.736020
1578.000183,2.130190,0.911190,315.709980
1578.200183,2.243360,0.603650,315.672400
1578.400183,2.180990,0.663170,315.677260
1578.600183,2.169950,0.537960,315.604480
1578.800183,2.049150,0.513240,315.572280
1579.000183,2.038690,0.565660,315.530220
1579.200183,2.018070,0.630370,315.559640
1579.400182,2.030930,0.579740,315.654990
1579.600182,2.003490,0.511570,315.740110
1579.800182,1.989270,0.304370,315.780380
1580.000182,2.086810,0.338260,315.806490
1580.200182,2.129080,0.497260,315.837190
1580.400182,2.164880,0.351820,315.880100
1580.600182,2.213620,0.425520,315.935040
1580.800182,2.138340,0.433500,315.951760
1581.000182,2.064210,0.363450,315.946290
1581.200181,2.031510,0.442190,315.947720
1581.400181,2.219050,0.394900,315.989080
1581.600181,2.491880,0.379050,316.009220
1581.800181,2.694930,0.125440,315.948100
1582.000181,2.287620,1.281250,315.961870
1582.200181,1.853440,0.779750,315.912650
1582.400181,2.006080,0.699070,315.757900
1582.600181,1.841490,0.688730,315.618880
1582.800181,1.700750,0.436730,315.475320
1583.000181,1.867240,0.525730,315.312610
1583.200180,1.785110,0.393930,315.172140
1583.400180,1.884090,0.130730,315.050500
1583.600180,2.127590,0.501080,314.920080
1583.800180,2.114180,0.315610,314.758750
1584.000180,2.161680,0.225750,314.578030
1584.200180,2.389500,-0.030770,314.421190
1584.400180,2.544820,0.645420,314.257440
1584.600180,2.395560,0.733420,314.105000
1584.800180,2.077730,0.746060,313.973230
1585.000180,2.186110,0.227920,313.682120
1585.200179,2.197320,0.451370,313.386510
1585.400179,2.125110,0.687130,313.128940
1585.600179,2.148790,0.761760,312.920380
1585.800179,2.225410,0.880620,312.874910
1586.000179,2.135000,0.372290,313.015490
1586.200179,2.031710,0.726930,313.306480
1586.400179,2.083050,0.550360,313.565160
1586.600179,2.249290,0.486600,313.860000
1586.800179,2.389010,0.488720,314.130190
1587.000179,2.383040,0.524810,314.383150
1587.200178,2.401550,0.402820,314.446760
1587.400178,2.390040,0.478360,314.514760
1587.600178,2.371910,0.358950,314.542920
1587.800178,2.461110,0.400110,314.560120
1588.000178,2.527320,0.522020,314.589580
1588.200178,2.532210,0.396070,314.603900
1588.400178,2.600810,0.638930,314.624750
1588.600178,2.753420,0.144700,314.589130
1588.800178,2.749480,0.141700,314.573080
1589.000177,2.706670,0.266170,314.601590
1589.200177,2.576000,0.178090,314.627940
1589.300177,2.453460,0.234750,314.649020
1589.500177,2.304420,0.335570,314.771560
1589.700177,2.221370,0.520430,314.906350
1589.900177,2.226030,0.476580,314.990240
1590.100177,2.254980,0.265760,315.065300
1590.300177,2.175880,0.358040,315.148730
1590.500177,2.035310,0.432110,315.229870
1590.700177,2.206640,0.431440,315.311920
1590.900177,2.503520,0.473860,315.360470
1591.100176,2.613300,0.624650,315.443160
1591.300176,2.462160,0.645270,315.483050
1591.500176,2.398360,0.189970,315.440210
1591.700176,2.475530,0.336690,315.394430
1591.900176,2.586950,0.303060,315.360540
1592.100176,2.486120,0.280980,315.321630
1592.300176,2.337710,0.382420,315.405170
1592.500176,2.115060,0.569870,315.499020
1592.700176,2.026170,0.370330,315.547350
1592.900175,2.289150,0.292950,315.563280
1593.100175,2.206620,0.460080,315.581550
1593.300175,2.036370,0.224490,315.611220
1593.500175,2.209910,0.185120,315.575730
1593.700175,2.220910,0.382500,315.576890
1593.900175,2.098600,0.320480,315.568990
1594.100175,2.021480,0.326160,315.576390
1594.300175,1.950290,0.444970,315.559750
1594.500175,2.000060,0.488560,315.532970
1594.700175,2.129980,0.555710,315.532310
1594.900174,2.153630,0.671560,315.518740
1595.100174,2.087260,0.679670,315.517260
1595.300174,2.119740,0.457370,315.508100
1595.500174,2.197420,0.545340,315.473970
1595.700174,2.277990,0.953430,315.466430
1595.900174,2.433530,0.739950,315.417590
1596.100174,2.407980,0.807110,315.408920
1596.300174,2.369200,0.807480,315.398180
1596.500174,2.221060,0.632880,315.387100
1596.700174,2.144030,0.800800,315.434780
1596.900173,2.318280,0.788310,315.446300
1597.100173,2.332780,0.810340,315.404200
1597.300173,2.322680,0.841970,315.392130
1597.500173,2.253300,0.982270,315.402460
1597.700173,2.239920,0.637120,315.374050
1597.900173,2.182910,0.840870,315.351590
1598.100173,2.089430,0.817610,315.355750
1598.300173,2.110540,0.948070,315.372290
1598.500173,2.226870,0.862920,315.377670
1598.700173,2.304320,1.040910,315.388230
1598.900172,2.324930,0.937770,315.394650
1599.100172,2.260850,0.891310,315.400900
1599.300172,2.200400,0.845720,315.429130
1599.500172,2.271040,0.942870,315.451710
1599.700172,2.322170,0.605290,315.423220
1599.900172,2.270430,0.595720,315.429160
1600.100172,2.292270,0.561480,315.461560
1600.300172,2.334360,0.450360,315.471210
1600.500172,2.395060,0.450050,315.475150
1600.700172,2.484710,0.356760,315.447410
1600.900171,2.493080,0.398430,315.393280
1601.100171,2.537810,0.436660,315.364200
1601.300171,2.558380,0.254350,315.337580
1601.500171,2.556610,0.390500,315.321200
1601.700171,2.473890,0.181800,315.284880
1601.900171,2.401980,0.211970,315.286810
1602.100171,2.332840,0.242910,315.260220
1602.300171,2.273730,0.361780,315.312090
1602.500171,2.454050,0.371950,315.359180
1602.700170,2.741720,0.308350,315.367810
1602.900170,2.597410,0.359410,315.360990
1603.100170,2.253070,0.257340,315.389470
1603.300170,2.314370,0.332360,315.419320
1603.500170,2.409330,0.328500,315.431940
1603.700170,2.348180,0.342610,315.392150
1603.900170,2.317040,0.289700,315.383530
1604.000170,2.304810,0.344330,315.384790
1604.200170,2.282900,0.417950,315.371240
1604.400170,2.254750,0.355110,315.385560
1604.600170,2.199770,0.228630,315.406350
1604.800169,2.021370,0.369270,315.383200
1605.000169,2.128560,0.323520,315.377390
1605.200169,2.205150,0.633180,315.361300
1605.400169,2.152340,0.521660,315.416760
1605.600169,2.113410,0.450780,315.493630
1605.800169,2.019260,0.510070,315.610330
1606.000169,1.993870,0.599090,315.746430
1606.200169,2.130580,0.415230,315.895220
1606.400169,2.136910,0.564770,316.057780
1606.600168,2.257910,0.277100,316.228150
1606.800168,2.298070,0.442330,316.395110
1607.000168,2.226880,0.490570,316.558820
1607.200168,2.280560,0.291350,316.668050
1607.400168,2.386400,0.430140,316.750370
1607.600168,2.431740,0.554570,316.826350
1607.800168,2.416130,0.447730,316.825220
1608.000168,2.349810,0.419720,316.780390
1608.200168,2.372040,0.422270,316.760900
1608.400168,2.443320,0.301670,316.723430
1608.600167,2.407520,0.379640,316.663890
1608.800167,2.338560,0.443790,316.604400
1609.000167,2.204180,0.475710,316.542590
1609.200167,2.140270,0.491780,316.490660
1609.400167,2.158160,0.320470,316.436440
1609.600167,2.202230,0.467600,316.389380
1609.800167,2.446110,0.588350,316.365700
1610.000167,2.851890,0.395730,316.328290
1610.200167,2.958710,0.586830,316.305350
1610.400167,2.556840,1.908420,316.359240
1610.600166,2.356520,1.120130,316.216280
1610.800166,2.138510,1.294250,316.063760
1611.000166,1.455930,1.368980,315.931700
1611.200166,1.441580,0.928710,315.700840
1611.400166,1.783660,0.757680,315.355350
1611.600166,1.637720,1.107400,315.096410
1611.800166,1.642100,0.623600,314.899650
1612.000166,1.951250,0.555100,314.694210
1612.200166,2.054110,0.907350,314.509460
1612.400166,2.212610,0.463530,314.360390
1612.600165,2.581650,0.818390,314.268790
1612.800165,2.187990,1.465640,314.266740
1613.000165,1.787430,1.285770,314.287110
1613.200165,1.824250,1.192930,314.294350
1613.400165,1.862950,1.144840,314.328830
1613.600165,1.929320,1.068880,314.374370
1613.800165,1.971230,1.211220,314.401760
1614.000165,2.089390,1.129270,314.390070
1614.200165,2.254600,1.305260,314.428550
1614.300165,2.245210,1.429100,314.458620
1614.400164,2.151120,1.423850,314.446370
1614.600164,2.104000,1.302950,314.454380
1614.800164,2.207650,1.244580,314.444900
1615.000164,2.295610,1.376170,314.446220
1615.200164,2.354910,1.370510,314.437250
1615.400164,2.265060,1.457210,314.425340
1615.600164,2.193060,1.415530,314.426670
1615.800164,1.980330,1.193510,314.449670
1616.000164,1.907320,1.111500,314.581420
1616.200164,1.977790,1.056870,314.656340
1616.400163,1.915750,1.419890,314.707590
1616.600163,1.936010,1.399860,314.650210
1616.800163,2.042970,1.272630,314.561670
1617.000163,2.346790,1.208070,314.475790
1617.200163,2.314210,1.410900,314.384470
1617.400163,1.815550,1.537140,314.325170
1617.600163,1.840440,1.175130,314.262860
1617.800163,1.881670,0.915040,314.210990
1618.000163,1.917560,1.173340,314.192110
1618.200163,2.022350,1.111920,314.176510
1618.400162,2.003920,1.078770,314.206920
1618.600162,1.964810,1.198540,314.262690
1618.800162,1.920080,1.301890,314.323210
1619.000162,2.037440,1.113550,314.399540
1619.200162,2.133140,1.294940,314.474090
1619.400162,2.264470,1.228060,314.561050
1619.600162,2.449570,1.140990,314.648360
1619.800162,2.474980,1.195690,314.718490
1620.000162,2.407340,1.188300,314.801480
1620.200162,2.340100,1.160700,314.861990
1620.400161,2.321730,1.201420,314.919240
1620.600161,2.242510,1.234970,314.960200
1620.800161,2.081570,1.254350,314.989560
1621.000161,2.224710,1.164610,315.043020
1621.200161,2.382480,1.074760,315.041590
1621.400161,2.159350,1.044940,315.055250
1621.600161,1.945060,1.338490,315.045460
1621.800161,2.027570,1.230320,314.994370
1622.000161,2.146490,1.167000,314.959870
1622.200160,2.309260,1.182600,314.946110
1622.400160,2.342610,1.209440,314.926540
1622.600160,2.327880,1.246110,314.910100
1622.800160,2.409120,1.175320,314.931780
1623.000160,2.486070,1.115350,314.944500
1623.200160,2.618450,1.070010,314.951540
1623.400160,2.677650,1.129050,315.146300
1623.600160,2.600340,1.034120,315.338160
1623.800160,2.526240,1.161090,315.534850
1624.000160,2.583970,1.096800,315.699650
1624.100160,2.595430,1.046340,315.768080
1624.300159,2.593560,1.200750,315.883210
1624.500159,2.691530,1.088360,315.981920
1624.700159,2.973370,1.242950,316.102970
1624.900159,2.893770,1.224900,316.166690
1625.100159,2.699720,1.370830,316.275920
1625.300159,2.765250,1.017200,316.360310
1625.500159,2.885890,0.987590,316.437290
1625.700159,2.913310,1.341340,316.529830
1625.900159,2.804930,0.960850,316.604290
1626.100159,3.134750,0.818380,316.666840
1626.300158,3.392400,1.205330,316.700090
1626.500158,3.274270,1.154380,316.712110
1626.700158,3.250030,1.179690,316.697090
1626.900158,3.401340,1.238950,316.723850
1627.100158,3.630380,1.004840,316.705120
1627.300158,3.748730,0.962180,316.679840
1627.500158,3.937650,1.043100,316.639300
1627.700158,3.968510,1.249530,316.401000
1627.900158,3.898810,1.209250,316.097930
1628.100157,3.969810,1.049140,315.723660
1628.300157,3.992990,1.389720,315.265960
1628.500157,3.800580,1.508180,314.763730
1628.700157,3.743670,1.190980,314.188840
1628.900157,3.531940,1.205450,313.580200
1629.100157,3.311270,1.166750,312.970620
1629.300157,3.277310,1.298200,312.312290
1629.500157,3.087550,1.643930,311.614920
1629.700157,3.094040,1.552500,310.908740
1629.900157,3.200670,2.013970,310.228290
1630.100156,3.051320,2.057560,309.551430
1630.300156,2.729810,1.409770,309.084220
1630.500156,2.729980,1.946180,308.966880
1630.700156,2.894880,2.061080,308.877110
1630.900156,2.881760,2.010940,308.860760
1631.100156,3.040630,1.974460,308.850000
1631.300156,3.140120,1.984200,308.852960
1631.500156,3.249990,1.993370,308.839610
1631.700156,3.283740,2.061230,308.835290
1631.900156,3.319890,2.120620,308.809180
1632.100155,3.234440,2.140330,308.810220
1632.300155,3.256170,2.211500,308.903270
1632.500155,3.197380,2.306000,309.091110
1632.700155,3.300160,2.256100,309.332050
1632.900155,3.189880,2.227140,309.580730
1633.100155,3.249220,2.211040,309.970890
1633.300155,3.326270,2.362110,310.506720
1633.500155,3.244650,2.360650,311.185130
1633.700155,3.396920,2.408960,311.979750
1633.900155,3.256280,2.476760,312.865820
1634.100154,3.095770,2.763310,314.011810
1634.300154,3.249640,2.980860,315.268300
1634.500154,3.217140,3.015350,316.492300
1634.700154,3.080130,2.972480,317.921450
1634.900154,2.983910,2.914720,319.637110
1635.100154,3.140960,3.005070,321.614040
1635.300154,3.316960,3.162130,323.887010
1635.500154,3.090060,3.261880,326.497750
1635.700154,3.085210,3.216950,329.582140
1635.900153,3.188970,3.141680,332.954570
1636.100153,3.137880,3.187980,336.542580
1636.300153,2.815830,3.172940,340.271320
1636.500153,2.868410,3.037760,344.065780
1636.700153,2.748330,2.672080,348.331540
1636.900153,2.465120,2.369730,352.874400
1637.100153,2.465340,2.386350,357.558780
1637.300153,2.410690,2.369520,2.252000
1637.500153,2.753340,2.205340,6.922490
1637.700153,2.716880,1.942240,11.497720
1637.900152,2.660890,1.548480,15.697790
1638.100152,3.032580,1.211310,19.863590
1638.300152,2.900490,1.080390,23.956270
1638.500152,3.003470,1.018770,27.695820
1638.700152,3.262980,0.814200,30.893760
1638.900152,3.010540,0.485270,33.746770
1639.100152,3.481020,0.368850,36.056520
1639.300152,3.363120,0.165830,37.803550
1639.500152,3.545980,0.019540,38.995570
1639.700152,3.659030,0.031610,39.576530
1639.900151,3.516870,0.037630,39.710780
1640.100151,3.269160,0.002060,39.699910
1640.300151,3.110000,-0.024750,39.728900
1640.500151,2.849580,0.051480,39.766780
1640.700151,2.825940,0.035400,39.820890
1640.900151,2.737900,-0.026780,39.909520
1641.100151,2.751340,-0.058000,39.984230
1641.300151,2.832800,-0.025580,40.091140
1641.500151,2.882670,0.001400,40.137900
1641.700151,2.859820,0.169840,40.036840
1641.900150,2.781140,0.196080,39.957960
1642.100150,2.692310,0.199890,39.836720
1642.300150,2.663450,0.257140,39.736740
1642.500150,2.605680,0.311270,39.667250
1642.700150,2.641880,0.273270,39.618930
1642.900150,2.690470,0.280460,39.602550
1643.100150,2.685840,0.325490,39.583420
1643.300150,2.747960,0.359710,39.552980
1643.500150,2.826390,0.424510,39.538440
1643.700149,2.904200,0.551880,39.439190
1643.900149,2.922020,0.348910,39.247050
1644.100149,3.120580,-0.118670,39.111290
1644.300149,3.330090,0.246270,39.019930
1644.500149,3.316630,0.381500,38.917940
1644.700149,3.220170,0.551590,38.837880
1644.900149,3.096290,0.593990,38.735390
1645.100149,2.965020,0.647360,38.646500
1645.300149,2.925110,0.617340,38.629000
1645.500149,3.179780,0.555780,38.694750
1645.700148,3.292050,0.721860,38.770600
1645.900148,3.206950,0.932620,38.840210
1646.100148,3.172680,0.673810,38.869400
1646.300148,3.279390,0.729070,38.927010
1646.500148,3.271800,0.946010,39.021390
1646.700148,3.286370,0.798930,39.086150
1646.900148,3.230170,0.809100,39.133630
1647.100148,3.177920,0.879930,39.196650
1647.300148,3.180810,0.852210,39.268840
1647.500148,3.262410,0.885790,39.344440
1647.700147,3.332680,0.848960,39.419160
1647.900147,3.366410,0.819700,39.466260
1648.100147,3.371170,0.829930,39.463310
1648.300147,3.266070,0.767210,39.454970
1648.500147,3.156850,0.781920,39.429280
1648.700147,3.048040,0.784050,39.432950
1648.900147,2.836680,0.720670,39.419080
1649.100147,2.820710,0.901500,39.499430
1649.300147,2.840760,0.882970,39.564380
1649.500147,2.905510,0.893400,39.645320
1649.700146,2.943420,0.882050,39.722260
1649.900146,2.956340,0.881230,39.781040
1650.100146,3.007090,0.903080,39.836020
1650.300146,3.097620,0.946290,39.826170
1650.500146,3.201320,0.965460,39.741520
1650.700146,3.260590,0.948320,39.616270
1650.900146,3.258560,0.901960,39.446970
1651.100146,3.152750,0.893560,39.255720
1651.300146,3.071970,0.937410,39.102640
1651.500146,2.956490,1.001950,38.911790
1651.700145,3.106960,0.840140,38.785860
1651.900145,3.051490,1.065990,38.614270
1652.100145,2.708450,1.188400,38.551600
1652.300145,2.745240,0.950550,38.508740
1652.500145,2.855780,0.947170,38.470320
1652.700145,2.797590,0.908490,38.524050
1652.900145,2.800940,1.018650,38.578540
1653.100145,2.791040,0.983230,38.632520
1653.300145,2.708360,0.966180,38.688400
1653.500144,2.746640,0.951110,38.740620
1653.700144,2.791850,0.961240,38.779790
1653.900144,2.894660,1.084380,38.843800
1654.100144,3.014990,0.961170,38.882870
1654.300144,3.002280,0.956690,38.881980
1654.500144,2.915510,1.070210,38.914820
1654.700144,2.882300,0.975220,38.940660
1654.900144,2.877060,0.919170,38.958560
1655.100144,2.867260,0.979290,38.988520
1655.300144,2.767500,0.903920,38.993730
1655.500143,2.723040,0.779030,38.993690
1655.700143,2.699200,1.068430,39.008700
1655.900143,2.744600,0.989900,39.000400
1656.100143,2.710020,1.009990,38.984060
1656.300143,2.785130,1.043290,39.002510
1656.500143,2.833230,1.004770,39.009020
1656.700143,2.856970,0.986080,39.021810
1656.900143,2.877340,1.036830,39.028310
1657.100143,2.885640,1.018260,39.046970
1657.300143,2.913030,0.851000,39.037300
1657.500142,2.820200,0.813460,39.014570
1657.700142,2.846400,0.962170,39.000680
1657.900142,2.852210,0.817020,38.986050
1658.100142,2.709830,0.830890,38.957770
1658.300142,2.751590,0.802500,38.923140
1658.500142,2.777230,0.896550,38.888130
1658.700142,2.645850,0.852230,38.857570
1658.900142,2.532860,0.829380,38.855530
1659.100142,2.571900,0.857440,38.919050
1659.300142,2.663920,0.865020,38.959790
1659.500141,2.747590,0.889520,39.004860
1659.700141,2.812440,0.963350,39.048860
1659.900141,2.829120,0.921660,39.073150
1660.100141,2.818900,0.823620,39.071050
1660.300141,2.987160,0.755410,39.143780
1660.500141,2.953810,0.637040,39.044020
1660.700141,2.865840,0.768040,38.948150
1660.900141,2.902030,0.682040,38.846130
1661.100141,2.854450,0.725140,38.759040
1661.300140,2.888040,0.779080,38.769660
1661.500140,2.985450,0.796740,38.785590
1661.700140,3.014440,0.810170,38.817330
1661.900140,3.084020,0.733860,38.830980
1662.100140,3.127250,0.717310,38.853640
1662.300140,3.093130,0.779610,38.871060
1662.500140,3.074030,0.811420,38.911660
1662.700140,3.123930,0.781300,38.991400
1662.900140,3.266440,0.794540,39.073240
1663.100140,3.354310,0.836340,39.168170
1663.300139,3.388720,0.708240,39.268170
1663.500139,3.332100,0.739650,39.337630
1663.700139,3.251770,0.670580,39.385140
1663.900139,3.208090,0.635210,39.390950
1664.100139,3.184850,0.597040,39.303470
1664.300139,3.055690,0.656190,39.216920
1664.500139,2.842110,0.733270,39.114560
1664.700139,2.791410,0.584310,39.015390
1664.900139,2.780960,0.776520,38.950750
1665.100139,2.753360,0.700250,38.920170
1665.300138,2.840290,0.765030,38.909750
1665.500138,2.853780,0.642680,38.904090
1665.700138,2.636110,0.527020,38.960730
1665.900138,2.516170,0.288390,38.992530
1666.100138,2.362990,0.499580,39.010010
1666.300138,2.361830,0.454400,39.028930
1666.500138,2.701240,0.627500,39.015950
1666.700138,2.836530,0.184360,38.976700
1666.900138,2.776720,0.416170,38.979650
1667.100138,2.730710,0.359210,38.960550
1667.300137,2.637990,0.285850,38.982790
1667.500137,2.612930,0.321390,39.013480
1667.700137,2.624070,0.285920,39.068500
1667.900137,2.656600,0.330890,39.119190
1668.100137,2.706260,0.211220,39.173740
1668.300137,2.798180,0.208840,39.220120
1668.500137,2.814230,0.239630,39.248740
1668.700137,2.794710,0.187160,39.253980
1668.900137,2.751680,0.248700,39.197880
1669.100137,2.744620,0.212520,39.157640
1669.300136,2.831310,0.296460,39.165780
1669.500136,2.794480,0.084170,39.151750
1669.700136,2.650170,0.123950,39.140970
1669.900136,2.541300,0.378430,39.106380
1670.100136,2.479990,0.236270,39.060630
1670.300136,2.514350,0.233760,38.993470
1670.500136,2.383590,0.513590,38.940060
1670.700136,2.818380,0.051590,38.912560
1670.900136,3.145360,0.361090,38.864370
1671.100135,2.841670,0.371060,38.882350
1671.300135,2.745120,0.284960,38.877470
1671.500135,2.744440,0.368190,38.887200
1671.700135,2.927520,0.357270,38.936110
1671.900135,3.102940,0.418260,39.015290
1672.100135,3.147050,0.333690,39.097360
1672.300135,3.102870,0.305700,39.147260
1672.500135,3.057060,0.280780,39.193630
1672.700135,2.996040,0.299680,39.227650
1672.900135,3.048790,0.160920,39.287540
1673.100134,2.781320,0.008290,39.287450
1673.300134,2.613190,0.287190,39.297200
1673.500134,2.772260,0.091360,39.268510
1673.700134,2.696210,0.228500,39.248720
1673.900134,2.767030,0.520620,39.161770
1674.100134,2.841770,0.257160,39.097390
1674.300134,2.801050,0.194210,39.067650
1674.500134,2.848640,0.188100,39.050140
1674.700134,2.829350,0.237100,39.045210
1674.900134,2.797860,0.264580,39.042630
1675.100133,2.801590,0.196480,39.036040
1675.300133,2.837220,0.200480,39.035280
1675.500133,2.844130,0.294700,39.011000
1675.700133,2.838350,0.374400,38.998530
1675.900133,2.669280,0.227800,38.936710
1676.100133,2.505840,0.308440,38.919230
1676.300133,2.507730,0.410580,38.906750
1676.500133,2.882760,0.603170,38.919570
1676.700133,3.103220,0.241580,38.897270
1676.900133,2.887920,0.186640,38.893300
1677.100132,2.702960,0.194910,38.878080
1677.300132,2.552150,0.205510,38.894450
1677.500132,2.466940,0.246930,38.908370
1677.700132,2.450940,0.191930,38.953740
1677.900132,2.425390,0.144460,38.951550
1678.100132,2.516900,0.173260,38.965480
1678.300132,2.726730,0.172780,38.997290
1678.500132,2.992400,0.216540,39.017960
1678.700132,3.057780,0.090860,39.014270
1678.900131,3.094450,0.069070,39.058360
1679.100131,3.133930,0.139110,39.116010
1679.300131,3.147420,0.133450,39.162990
1679.500131,3.179170,0.131030,39.235880
1679.700131,3.156770,0.185080,39.310740
1679.900131,3.094070,0.135740,39.398770
1680.100131,3.021130,0.233610,39.518350
1680.300131,3.010100,0.341210,39.660830
1680.500131,3.043210,0.413110,39.908560
1680.700131,3.028650,0.412680,40.270370
1680.900130,2.974830,0.329020,40.736960
1681.100130,2.944140,0.123020,41.369330
1681.300130,2.750810,0.090800,42.384620
1681.500130,2.674630,0.034390,43.885170
1681.700130,2.739360,-0.057980,45.744340
1681.900130,2.684910,-0.107990,48.170680
1682.100130,2.876150,-0.139440,51.150080
1682.300130,2.921300,-0.244460,54.511270
1682.500130,3.302280,-0.462170,58.242540
1682.700130,3.339140,-0.663560,62.290700
1682.900129,3.500710,-0.779450,66.259900
1683.100129,3.509540,-1.080290,70.412110
1683.300129,3.610370,-1.563120,74.662780
1683.500129,3.918410,-1.717220,78.905210
1683.700129,3.693060,-1.637900,83.135320
1683.900129,3.785830,-1.796010,87.340960
1684.100129,4.020320,-1.966450,91.664240
1684.300129,3.834710,-2.042700,96.037000
1684.500129,3.661110,-1.996640,100.503320
1684.700129,3.640010,-2.052960,105.057710
1684.900128,3.361080,-2.041880,109.527830
1685.100128,3.341510,-2.071860,113.696860
1685.300128,3.277730,-2.128370,117.503130
1685.500128,3.419480,-2.153440,120.940190
1685.700128,3.448180,-2.273110,123.716800
1685.900128,3.584800,-2.268920,125.550430
1686.100128,3.430760,-2.226010,126.645550
1686.300128,3.398000,-2.292260,127.312090
1686.500128,3.483370,-2.227300,127.584500
1686.700128,3.298790,-2.158130,127.592220
1686.900127,3.234250,-2.095600,127.545570
1687.100127,3.107560,-2.179450,127.473920
1687.300127,2.848850,-1.834770,127.488840
1687.500127,2.963670,-1.631950,127.404470
1687.700127,3.178710,-2.308100,127.133220
1687.900127,3.412930,-2.083210,126.895570
1688.100127,3.200910,-1.991400,126.757040
1688.300127,2.865040,-1.830090,126.696790
1688.500127,2.757280,-1.638980,126.631710
1688.700126,2.576250,-1.623910,126.557820
1688.900126,2.553450,-1.565530,126.517490
1689.100126,2.601960,-1.300040,126.545000
1689.300126,2.429600,-1.489850,126.547680
1689.500126,2.365380,-1.743570,126.559830
1689.700126,2.343290,-1.892600,126.567590
1689.900126,2.601050,-1.974090,126.604040
1690.100126,2.523810,-1.560020,126.674760
1690.300126,2.393370,-1.458950,126.719900
1690.500126,2.311400,-1.513000,126.791160
1690.700125,2.507610,-1.658500,126.860660
1690.900125,2.508650,-1.793460,126.931780
1691.100125,2.459680,-1.695280,127.179460
1691.300125,2.465980,-1.639580,127.462440
1691.500125,2.608980,-1.544550,127.759000
1691.700125,2.585250,-1.455460,128.024860
1691.900125,2.480280,-1.475990,128.264740
1692.100125,2.496330,-1.642210,128.504080
1692.300125,2.353400,-1.649820,128.726510
1692.500125,2.287370,-1.599800,128.940310
1692.700124,2.373300,-1.548970,129.131210
1692.900124,2.373480,-1.881650,129.265890
1693.100124,2.267650,-1.473740,129.403530
1693.300124,2.165150,-1.472300,129.476130
1693.500124,2.307980,-1.490170,129.566780
1693.700124,2.265180,-1.715840,129.608880
1693.900124,2.342100,-1.630050,129.681730
1694.100124,2.132870,-1.513040,129.715290
1694.300124,2.104930,-2.036800,129.648060
1694.500124,1.978360,-1.802000,129.551460
1694.700123,1.994550,-1.753060,129.472150
1694.900123,2.126420,-1.293460,129.504540
1695.100123,2.359530,-1.690370,129.534160
1695.300123,2.482770,-1.812030,129.586720
1695.500123,2.119170,-1.377130,129.554970
1695.700123,2.159240,-1.413590,129.499320
1695.900123,2.140220,-1.380130,129.491210
1696.100123,2.502830,-1.259420,129.477150
1696.300123,2.563500,-1.530780,129.473640
1696.500122,2.565320,-1.171600,129.441870
1696.700122,2.569910,-1.172540,129.428810
1696.900122,2.418160,-1.370600,129.386490
1697.100122,2.414780,-1.275470,129.365450
1697.300122,2.263730,-1.143420,129.374260
1697.500122,2.189990,-1.194010,129.341330
1697.700122,2.041160,-1.396040,129.275840
1697.900122,2.140660,-1.246880,129.272590
1698.100122,2.325020,-1.071740,129.246320
1698.300122,2.443920,-0.987820,129.244640
1698.500121,2.446920,-1.014850,129.279440
1698.700121,2.267950,-0.980770,129.312420
1698.900121,2.344770,-1.031410,129.334990
1699.100121,2.351430,-1.229240,129.363030
1699.300121,2.274880,-1.141380,129.374880
1699.500121,2.354190,-1.088740,129.406030
1699.700121,2.322590,-1.216520,129.427070
1699.900121,2.308910,-1.278340,129.415340
1700.100121,2.262080,-1.048720,129.452250
1700.300121,2.329350,-1.156320,129.456130
1700.500120,2.443620,-1.050710,129.444350
1700.700120,2.445390,-1.085390,129.445400
1700.900120,2.298840,-1.138070,129.353810
1701.100120,2.424190,-1.245970,129.120270
1701.300120,2.454210,-1.330370,128.861480
1701.500120,2.473010,-1.220960,128.611550
1701.700120,2.455400,-1.175220,128.549910
1701.900120,2.588730,-1.304510,128.509890
1702.100120,2.637120,-1.173600,128.496790
1702.300120,2.373600,-1.311760,128.479490
1702.500119,2.182950,-0.849680,128.470040
1702.700119,2.263980,-0.875560,128.458400
1702.900119,2.148480,-0.967130,128.462910
1703.100119,1.988950,-1.152720,128.699380
1703.300119,2.026930,-1.003260,128.834840
1703.500119,2.102270,-1.031210,128.875850
1703.700119,2.004820,-1.083030,128.897840
1703.900119,2.226470,-1.197350,128.935690
1704.100119,2.152410,-1.123800,128.948600
1704.300119,2.256610,-0.956600,128.880360
1704.500118,2.124940,-1.031100,128.880770
1704.700118,2.100660,-1.075680,128.885120
1704.900118,2.086020,-1.108140,128.879750
1705.100118,2.080250,-0.969320,128.929140
1705.300118,2.311590,-0.965130,129.014060
1705.500118,2.305800,-1.173250,129.125110
1705.700118,2.334450,-1.113870,129.242000
1705.900118,2.225400,-1.127940,129.431550
1706.100118,2.229230,-1.130850,129.706750
1706.300117,2.221380,-1.071080,130.099930
1706.500117,2.294580,-1.249920,130.625220
1706.700117,2.107880,-1.227390,131.394740
1706.900117,2.117000,-1.072820,132.298610
1707.100117,2.177440,-1.205260,133.269640
1707.300117,2.062540,-1.287150,134.473020
1707.500117,2.331720,-1.270530,135.961290
1707.700117,2.195010,-1.336670,137.612560
1707.900117,2.321610,-1.541990,139.809440
1708.100117,2.361070,-1.573120,142.242300
1708.300116,1.932820,-1.561460,144.886850
1708.500116,2.368840,-1.400310,147.596250
1708.700116,1.969680,-1.374090,150.253100
1708.900116,1.956530,-1.375020,152.963450
1709.100116,2.189810,-1.275410,155.876570
1709.300116,2.468640,-1.220130,159.008850
1709.500116,2.535360,-1.355950,162.332420
1709.700116,2.478650,-1.574010,166.077070
1709.900116,2.615870,-1.628600,170.109060
1710.100116,2.658690,-1.753780,174.133530
1710.300115,2.577770,-1.856490,178.073130
1710.500115,2.542640,-1.617010,181.988820
1710.700115,2.366870,-1.519160,185.722680
1710.900115,2.279620,-1.353970,189.346860
1711.100115,2.378660,-1.317380,193.018240
1711.300115,2.159300,-1.246750,196.728660
1711.500115,2.385670,-1.081590,200.442660
1711.700115,2.309300,-0.945530,203.980580
1711.900115,2.140430,-0.899500,207.413940
1712.100115,2.480050,-0.881490,210.625060
1712.300114,2.435170,-0.735720,213.538150
1712.500114,2.343790,-0.802390,215.871980
1712.700114,2.622000,-0.784220,217.516780
1712.900114,2.516590,-0.715800,218.409000
1713.100114,2.457100,-0.586240,218.885040
1713.300114,2.596570,-0.516910,219.004400
1713.500114,2.541180,-0.602650,218.931920
1713.700114,2.512540,-0.633420,218.859740
1713.900114,2.601910,-0.531300,218.788340
1714.100113,2.493800,-0.472540,218.727740
1714.300113,2.481800,-0.482830,218.702470
1714.500113,2.439940,-0.565650,218.709520
1714.700113,2.322760,-0.538800,218.799160
1714.900113,2.377370,-0.491610,219.003410
1715.100113,2.317190,-0.548080,219.256380
1715.300113,2.196460,-0.678250,219.627960
1715.500113,2.095200,-0.620410,220.118860
1715.700113,2.168940,-0.627240,220.635400
1715.900113,2.404210,-0.528530,221.168090
1716.100112,2.758880,-0.286450,221.681100
1716.300112,2.834860,-0.032570,222.164310
1716.500112,2.749100,0.060680,222.624340
1716.700112,2.580740,0.213840,223.047360
1716.900112,2.622960,0.169970,223.465900
1717.100112,2.437830,0.265140,223.838470
1717.300112,2.375730,0.276200,224.224300
1717.500112,2.298970,0.252440,224.602810
1717.700112,2.335390,0.296080,224.968940
1717.900112,2.398320,0.427530,225.319260
1718.100111,2.256650,0.365050,225.659190
1718.300111,2.415350,0.168200,226.017680
1718.500111,2.341040,0.096830,226.428420
1718.700111,2.402660,0.228140,226.994630
1718.900111,2.403110,0.270530,227.722020
1719.100111,2.401490,0.228530,228.586350
1719.300111,2.403540,0.332670,229.680740
1719.500111,2.352800,0.209270,230.845920
1719.700111,2.292210,0.027300,231.998280
1719.900111,2.341420,0.050260,233.202760
1720.100110,2.538530,0.250430,234.394870
1720.300110,2.803760,0.352540,235.587980
1720.500110,2.870320,0.212160,236.804360
1720.700110,2.825410,0.357250,238.020680
1720.900110,2.837660,0.251460,239.231220
1721.100110,2.894080,0.054790,240.457650
1721.300110,3.099800,0.054380,241.570500
1721.500110,3.083740,0.097010,242.480170
1721.700110,2.991080,0.201010,243.280280
1721.900110,2.878100,0.234900,243.906880
1722.100109,2.704130,0.165510,244.443910
1722.300109,2.734210,0.127240,244.854510
1722.500109,2.700020,0.167490,245.321410
1722.700109,2.671870,0.091020,245.734620
1722.900109,2.739510,0.006170,246.095580
1723.100109,2.619490,-0.081030,246.382020
1723.300109,2.699990,-0.098380,246.623590
1723.500109,2.725030,-0.039290,246.840230
1723.700109,2.818310,-0.016380,247.034020
1723.900108,2.944700,-0.019470,247.141180
1724.100108,2.969160,0.016930,247.252280
1724.300108,3.197160,0.083320,247.289370
1724.500108,3.163510,0.210950,247.260260
1724.700108,3.076680,0.350640,247.231060
1724.900108,3.228290,0.438580,247.237470
1725.100108,3.498560,1.559900,247.270900
1725.300108,3.183380,1.763370,247.278630
1725.500108,3.016260,0.905450,247.289670
1725.700108,3.155380,0.092540,247.278490
1725.900107,3.002520,0.196960,247.291930
1726.100107,3.176210,-0.597640,247.298950
1726.300107,2.976280,-0.632800,247.388030
1726.500107,2.781910,0.242680,247.454360
1726.700107,2.949870,1.070050,247.534810
1726.900107,2.675280,0.813610,247.552070
1727.100107,2.741880,0.817360,247.596360
1727.300107,2.677430,0.698510,247.627670
1727.500107,2.576430,0.563660,247.678150
1727.700107,2.616810,0.508540,247.728900
1727.900106,2.731830,0.422750,247.763970
1728.100106,2.598760,0.596800,247.773080
1728.300106,2.543340,0.561220,247.801730
1728.500106,2.598690,0.539630,247.845940
1728.700106,2.610050,0.537580,247.842240
1728.900106,2.537580,0.575650,247.832240
1729.100106,2.496400,0.608610,247.858060
1729.300106,2.521920,0.672840,247.948150
1729.500106,2.383010,0.778880,247.955560
1729.700106,2.366440,0.767550,247.988240
1729.900105,2.514180,0.617600,248.036060
1730.100105,2.453670,0.512910,248.062470
1730.300105,2.616790,0.609030,248.082330
1730.500105,2.616970,0.588290,248.038590
1730.700105,2.657850,0.418500,247.994690
1730.900105,2.678970,0.484680,247.969970
1731.100105,2.729500,0.622000,247.908500
1731.300105,2.844410,0.531460,247.827710
1731.500105,2.767270,0.489670,247.765070
1731.700105,2.727140,0.448790,247.694740
1731.900104,2.600310,0.394890,247.626210
1732.100104,2.551490,0.497860,247.586550
1732.300104,2.383540,0.421630,247.554370
1732.500104,2.445360,0.361370,247.578070
1732.700104,2.367750,0.518090,247.644180
1732.900104,2.290900,0.434770,247.720150
1733.100104,2.270020,0.401540,247.810410
1733.300104,2.219110,0.378720,247.902400
1733.500104,2.235850,0.361480,248.001490
1733.700103,2.275120,0.257070,248.107430
1733.900103,2.198590,0.368150,248.197400
1734.100103,2.238390,0.439800,248.285260
1734.300103,2.125610,0.289750,248.396480
1734.500103,2.185570,0.313770,248.499680
1734.700103,2.141590,0.322650,248.543650
1734.900103,2.216520,0.222910,248.576260
1735.100103,2.262650,0.230960,248.604540
1735.300103,2.292740,0.214170,248.621980
1735.500103,2.450140,-0.031140,248.593260
1735.700102,2.499520,0.140390,248.599900
1735.900102,2.560320,0.106860,248.595800
1736.100102,2.504930,-0.140180,248.602390
1736.300102,2.455110,0.280490,248.617140
1736.500102,2.340820,0.242850,248.630470
1736.700102,2.250960,0.029460,248.646030
1736.900102,2.402620,0.136670,248.677520
1737.100102,2.416820,0.126820,248.722950
1737.300102,2.377770,0.272260,248.728760
1737.500102,2.417410,0.263490,248.755770
1737.700101,2.431880,0.144740,248.798580
1737.900101,2.422210,0.355160,248.812010
1738.100101,2.594630,0.345920,248.891580
1738.300101,2.494150,0.170950,249.071100
1738.500101,2.606240,0.259560,249.157040
1738.700101,2.382900,0.273570,249.214710
1738.900101,2.414950,0.251570,249.232540
1739.100101,2.250980,0.122030,249.268210
1739.300101,2.278660,0.063530,249.279480
1739.500101,2.267460,0.048690,249.302450
1739.700100,2.289480,-0.133220,249.319900
1739.900100,2.456550,-0.136980,249.317990
1740.100100,2.524390,-0.019070,249.318530
1740.300100,2.672790,0.120100,249.263960
1740.500100,2.487760,0.483410,249.176370
1740.700100,2.942320,1.965020,249.057450
1740.900100,2.345910,0.941690,248.917090
1741.100100,2.292380,-0.298610,248.829100
1741.300100,2.722630,-0.785780,248.706640
1741.500099,2.126550,-0.235790,248.685140
1741.700099,2.191010,1.346410,248.667880
1741.900099,2.304390,0.368600,248.595330
1742.100099,2.263340,0.553840,248.558970
1742.300099,2.325540,0.544390,248.497040
1742.500099,2.397900,0.511570,248.418060
1742.700099,2.568560,0.638740,248.358690
1742.900099,2.757930,0.600040,248.259690
1743.100099,2.768380,0.475990,248.213230
1743.300099,2.965680,0.509050,248.151530
1743.500098,2.762790,0.650570,248.063720
1743.700098,2.748300,0.537170,247.985180
1743.900098,2.659110,0.611660,247.908750
1744.100098,2.610710,0.635390,247.826690
1744.300098,2.701820,0.559440,247.690580
1744.500098,2.597030,0.562930,247.398640
1744.700098,2.618480,0.520830,247.099250
1744.900098,2.504790,0.365580,246.686160
1745.100098,2.661530,0.316370,246.197620
1745.300098,2.731580,0.496450,245.563730
1745.500097,2.901940,0.549460,244.859160
1745.700097,2.902350,0.305640,244.140950
1745.900097,2.876950,0.410820,243.402990
1746.100097,2.768610,0.376490,242.769930
1746.300097,2.697960,0.596210,242.153530
1746.500097,2.634060,0.595970,241.556680
1746.700097,2.550480,0.362290,240.924000
1746.900097,2.503790,0.548670,240.289050
1747.100097,2.549290,0.434840,239.415850
1747.300097,2.636150,0.310400,238.359480
1747.500096,2.590870,0.494590,237.334820
1747.700096,2.570820,0.364300,236.394150
1747.900096,2.426960,0.371340,235.514800
1748.100096,2.343080,0.347970,234.744340
1748.300096,2.188190,0.403830,234.028540
1748.500096,2.224270,0.466530,233.291860
1748.700096,2.292590,0.357620,232.589000
1748.900096,2.306170,0.310310,231.910210
1749.100096,2.170290,0.287210,231.246360
1749.300096,2.139770,0.063780,230.630320
1749.500095,2.174300,0.176310,230.009420
1749.700095,2.106610,0.041250,229.376180
1749.900095,2.212220,-0.227220,228.778170
1750.100095,2.053800,0.053590,228.170310
1750.300095,2.063070,-0.102470,227.437340
1750.500095,2.082560,0.084220,226.688080
1750.700095,2.101950,-0.190230,225.938390
1750.900095,2.129950,-0.139890,225.220670
1751.100095,2.293900,-0.165040,224.488000
1751.300094,2.382200,-0.180210,223.708140
1751.500094,2.259650,-0.019410,222.911970
1751.700094,2.165640,-0.299300,222.153420
1751.900094,2.220930,-0.047920,221.417510
1752.100094,2.219060,-0.310980,220.668430
1752.300094,2.117440,-0.299940,219.959580
1752.500094,1.947870,-0.012090,219.400420
1752.700094,1.666810,-0.283840,219.061110
1752.900094,1.521260,-0.188100,218.947170
1753.100094,1.632920,-0.251930,218.850750
1753.300093,1.704250,-0.299230,218.879470
1753.500093,1.780830,-0.317280,218.901820
1753.700093,1.949420,-0.321310,218.961930
1753.900093,2.036370,-0.577470,219.006580
1754.100093,2.081800,-0.212550,219.023580
1754.300093,1.991450,-0.196680,219.027270
1754.500093,1.888640,-0.259990,219.043660
1754.700093,1.946060,-0.314380,219.064390
1754.900093,2.017780,-0.130700,219.086140
1755.100093,1.973270,-0.349950,219.111930
1755.300092,1.836770,-0.155640,219.127610
1755.500092,1.803610,-0.386670,219.103470
1755.700092,1.995460,-0.319260,219.098690
1755.900092,2.008400,0.103260,219.097100
1756.100092,1.998070,-0.242610,219.101520
1756.300092,2.073250,-0.623760,219.126820
1756.500092,2.078080,-0.612080,219.126530
1756.700092,2.290760,-0.345210,219.134010
1756.900092,2.250950,-0.551600,219.156690
1757.100092,2.188480,-0.119690,219.151050
1757.300091,2.251960,-0.178080,219.187090
1757.500091,2.141650,-0.510020,219.194390
1757.700091,2.180370,-0.349990,219.188100
1757.900091,2.160890,-0.443810,219.243020
1758.100091,2.373890,-0.483360,219.261730
1758.300091,2.283810,-0.437940,219.308550
1758.500091,2.219320,-0.508240,219.344890
1758.700091,2.248500,-0.479660,219.433810
1758.900091,2.391400,-0.590420,219.459100
1759.100091,2.318630,-0.401710,219.490090
1759.300090,2.157350,-0.384240,219.546650
1759.500090,2.030210,-0.500230,219.626580
1759.700090,2.043240,-0.442380,219.651800
1759.900090,2.142220,-0.314460,219.696690
1760.100090,2.065430,-0.392220,219.707520
1760.300090,2.103790,-0.436350,219.704310
1760.500090,2.107790,-0.274960,219.736270
1760.700090,1.928890,-0.589770,219.710510
1760.900090,2.035150,-0.638260,219.691260
1761.100089,2.052260,-0.309220,219.661910
1761.300089,2.164280,-0.433230,219.606620
1761.500089,2.148600,-0.537330,219.592770
1761.700089,2.181650,-0.439210,219.580740
1761.900089,2.242680,-0.555070,219.503430
1762.100089,2.186830,-0.725480,219.441410
1762.300089,2.167260,-0.678660,219.409520
1762.500089,2.163980,-0.868770,219.401980
1762.700089,2.280200,-0.620160,219.362160
1762.900089,2.261930,-0.838080,219.336320
1763.100088,2.268500,-1.045560,219.288430
1763.300088,2.376790,-0.961820,219.238300
1763.500088,2.400730,-0.951000,219.194020
1763.700088,2.411750,-1.020980,219.188850
1763.900088,2.226110,-0.867380,219.105110
1764.100088,2.216410,-0.862060,218.986930
1764.300088,2.184380,-0.889090,218.863030
1764.500088,2.101000,-0.849960,218.670050
1764.700088,2.168190,-0.643480,218.490790
1764.900088,1.987560,-0.786620,218.313460
1765.100087,2.150720,-0.902100,218.202760
1765.300087,2.076280,-0.805410,218.168230
1765.500087,2.151400,-0.741090,218.114600
1765.700087,2.306480,-0.790350,218.135660
1765.900087,2.173520,-1.069140,218.127500
1766.100087,2.169990,-1.034650,218.188720
1766.300087,2.182970,-1.040390,218.319310
1766.500087,2.101020,-1.114910,218.739220
1766.700087,2.311150,-0.945400,219.188850
1766.900087,2.201760,-0.718840,219.766700
1767.100086,2.369100,-0.667610,220.693260
1767.300086,2.162350,-0.787380,221.978830
1767.500086,2.043740,-0.970180,223.696910
1767.700086,2.249080,-1.062400,225.730000
1767.900086,2.064990,-1.167540,228.146480
1768.100086,1.959190,-1.151450,230.690220
1768.300086,1.871000,-1.232040,233.419120
1768.500086,1.747470,-1.186780,236.499060
1768.700086,1.757850,-1.197090,239.952230
1768.900086,1.404700,-1.103610,243.433270
1769.100085,0.221900,-0.720550,246.746970
1769.300085,-0.658400,-0.393890,250.222110
1769.500085,-1.008400,0.192270,253.798190
1769.700085,-0.896710,1.123600,257.737920
1769.900085,-1.301640,1.553460,261.478180
1770.100085,-1.743270,1.956260,265.442460
1770.300085,-2.144900,2.283920,269.399380
1770.500085,-1.216190,2.024510,273.112670
1770.700085,-1.030710,2.277550,277.019700
1770.900084,-0.588470,1.825020,280.886360
1771.100084,-0.279710,1.659080,285.134860
1771.300084,0.246260,1.040610,289.440530
1771.500084,0.073410,0.464700,293.777710
1771.700084,0.725080,0.151500,297.691880
1771.900084,1.041790,-0.445950,301.163650
1772.100084,1.376140,-0.919930,304.420850
1772.300084,1.821760,-0.602260,307.188880
1772.500084,1.928580,-1.240560,309.389380
1772.700084,2.233810,-1.174100,311.233670
1772.900083,2.514200,-1.273470,312.714280
1773.100083,2.842610,-1.385800,313.824050
1773.300083,3.256900,-1.419290,314.561290
1773.500083,3.433360,-1.414570,314.979160
1773.700083,4.218050,-1.504950,315.018600
1773.900083,4.590750,-1.232580,314.718840
1774.100083,3.938460,-0.758850,314.296700
1774.300083,4.246530,-0.582500,313.756620
1774.500083,4.235460,-0.237290,313.141870
1774.700083,4.315770,-0.113680,312.490680
1774.900082,4.407410,-0.069710,311.861360
1775.100082,4.651790,0.150260,311.223410
1775.300082,3.468660,1.317980,310.746020
1775.500082,3.731010,0.739290,310.257180
1775.700082,3.787370,0.568640,309.863060
1775.900082,3.066700,0.583890,309.399500
1776.100082,3.409980,0.678580,309.093230
1776.300082,3.262840,0.651070,308.796820
1776.500082,3.608750,0.750330,308.413250
1776.700082,3.692130,1.115350,308.048090
1776.900081,3.390680,1.094460,307.633970
1777.100081,2.402690,0.083510,307.083520
1777.300081,3.041220,0.295690,306.640470
1777.500081,2.868730,0.658900,306.172160
1777.700081,2.776140,0.766200,305.521590
1777.900081,2.403260,0.919990,304.942950
1778.100081,2.661090,1.243170,304.264560
1778.300081,2.193920,1.671160,303.647150
1778.500081,2.138410,1.142990,302.954600
1778.700081,1.510240,1.041750,302.363740
1778.900080,1.212860,0.837690,302.059880
1779.100080,1.655850,0.805920,301.907660
1779.300080,1.304770,0.583250,301.928730
1779.400080,1.130620,0.563250,301.950440
1779.500080,1.106500,0.602650,301.959400
1779.700080,1.711520,0.265110,301.937740
1779.900080,1.529970,0.243660,301.887940
1780.100080,1.152620,0.077150,301.868360
1780.200080,1.414880,0.096630,301.863780
1780.400080,1.722090,0.116750,301.836980
1780.600080,1.597020,0.789170,302.034290
1780.800079,1.731800,0.838700,302.208200
1781.000079,1.671140,0.534590,302.302690
1781.200079,1.686180,0.114370,302.362480
1781.400079,1.268880,0.246930,302.303530
1781.600079,1.206290,0.188300,302.207690
1781.800079,1.249530,0.022160,301.982840
1782.000079,1.109860,0.098640,301.841310
1782.200079,1.198610,0.335900,301.619780
1782.400079,1.189600,0.341420,301.382340
1782.600079,1.143410,-0.000980,301.160240
1782.800078,1.054180,-0.019970,300.900550
1783.000078,1.071180,-0.206550,300.749870
1783.200078,0.311890,0.149770,300.653510
1783.400078,0.174390,0.376640,300.781560
1783.600078,0.319130,0.411760,300.877160
1783.800078,0.177570,0.416380,300.971070
1784.000078,-0.157640,0.184750,300.959880
1784.200078,0.023430,0.135180,300.853490
1784.400078,0.056180,0.285880,300.733450
1784.600077,0.129850,0.316090,300.630500
1784.800077,-0.155510,0.199430,300.524780
1785.000077,-0.257460,0.253000,300.435570
1785.200077,-0.143280,0.311650,300.357200
1785.400077,-0.192570,0.483940,300.289810
1785.600077,-0.266080,0.504070,300.220520
1785.800077,-0.124390,0.430540,300.149700
1786.000077,-0.250870,1.019620,300.040710
1786.200077,0.309120,1.377800,300.009730
1786.400077,0.113680,-0.133850,299.949800
1786.600076,0.007070,0.113100,299.902420
1786.800076,0.024250,0.342610,299.892220
1787.000076,-0.124960,0.305230,299.843710
1787.200076,-0.062270,0.287220,299.779420
1787.400076,-0.152130,0.325910,299.746790
1787.600076,-0.139330,0.339480,299.726460
1787.800076,0.120870,-0.833120,299.664660
1788.000076,0.122050,0.909950,299.630870
1788.200076,-0.054090,0.778620,299.604910
1788.400076,0.045380,0.762300,299.520260
1788.600075,0.210030,0.968080,299.454460
1788.800075,-0.134630,0.870600,299.404820
1789.000075,-0.001250,1.044880,299.351900
1789.200075,0.216530,1.060200,299.292800
1789.400075,0.054640,1.005700,299.217200
1789.600075,0.032350,0.916950,299.129100
1789.800075,0.255900,0.634830,299.073980
1790.000075,-0.263580,0.624700,299.009460
1790.200075,0.034800,0.751080,298.991670
1790.400075,0.171560,0.823400,298.921850
1790.600074,0.035980,0.988820,298.837720
1790.800074,0.169420,1.079780,298.744580
1791.000074,0.258920,1.205230,298.618670
1791.200074,0.210650,1.309040,298.483850
1791.400074,0.267030,1.281140,298.329040
1791.600074,-0.063450,1.361350,298.232790
1791.800074,0.462300,1.103390,297.923360
1792.000074,0.458130,1.122100,297.658020
1792.200074,0.447390,1.135530,297.330280
1792.400074,0.640850,1.139390,296.946000
1792.600073,0.321760,1.328490,296.475650
1792.800073,0.335640,1.347650,295.936360
1793.000073,0.199290,1.238910,295.353190
1793.200073,0.126820,1.401410,294.730000
1793.400073,-0.375680,1.370970,294.099060
1793.600073,-0.648250,1.367150,293.472370
1793.800073,-0.382720,1.299450,292.742270
1794.000073,-0.487330,1.130480,291.890700
1794.200073,-0.717270,1.010750,290.962840
1794.400072,-0.424590,0.756530,289.839240
1794.600072,-0.128820,0.603520,288.439320
1794.800072,-0.068700,0.592710,286.703870
1795.000072,0.321200,0.391710,284.804410
1795.200072,0.612640,0.645580,282.835020
1795.400072,1.006170,0.294120,280.876680
1795.600072,1.396670,0.620820,278.871640
1795.800072,1.715380,0.648690,276.875040
1796.000072,1.597920,0.865690,274.965130
1796.200072,1.501580,0.935980,273.255860
1796.400071,1.215940,0.958420,271.745110
1796.600071,0.817160,1.160350,270.649600
1796.800071,0.640320,1.191920,270.027760
1797.000071,0.320030,1.300690,269.681180
1797.200071,-0.099240,1.200570,269.748050
1797.400071,-0.348590,1.147210,270.450850
1797.600071,-0.482760,1.249260,271.682010
1797.800071,-0.333630,1.297110,273.547800
1798.000071,-0.186950,1.461490,275.977250
1798.200071,-0.103040,1.682740,278.692330
1798.400070,-0.064280,1.800900,281.747960
1798.600070,0.267220,1.920950,285.122510
1798.800070,0.597960,1.954380,288.774770
1799.000070,0.908880,1.962540,292.642930
1799.200070,0.980600,1.984230,296.775580
1799.400070,0.875620,2.009460,301.283830
1799.600070,0.899850,2.048450,305.989210
1799.800070,0.996860,2.009850,310.544460
1800.000070,1.267390,2.018350,314.912390
1800.200070,1.616690,1.921200,318.942160
1800.400069,1.698250,1.812810,322.520520
1800.600069,2.030940,1.777940,325.534080
1800.800069,2.259230,1.716780,327.861880
1801.000069,2.467720,1.638220,329.640460
1801.200069,2.736180,1.582420,330.935950
1801.400069,2.825540,1.528960,331.834710
1801.600069,2.956060,1.431660,332.390820
1801.800069,2.995800,1.321890,332.642060
1802.000069,2.947960,1.226060,332.698530
1802.200069,2.992060,1.230270,332.670070
1802.400068,2.972240,1.200890,332.669490
1802.600068,2.939740,1.177740,332.845880
1802.800068,2.812420,1.151760,333.289870
1803.000068,2.785030,1.222510,334.210460
1803.200068,2.873560,1.308120,335.410090
1803.400068,2.837480,1.347680,336.799190
1803.600068,2.977660,1.354580,338.322100
1803.800068,3.069380,1.343560,340.032140
1804.000068,3.081590,1.219910,342.185850
1804.200067,3.326180,1.108030,344.676720
1804.400067,3.335580,0.931300,347.075880
1804.600067,3.411950,0.755640,349.516700
1804.800067,3.418230,0.674570,352.173240
1805.000067,3.381330,0.582780,354.992140
1805.200067,3.385580,0.452430,357.958120
1805.400067,3.372140,0.386200,1.001590
1805.600067,3.293360,0.223400,4.046090
1805.800067,3.364440,0.130940,7.068080
1806.000067,3.493150,0.032630,10.162210
1806.200066,4.052760,-0.362900,13.216390
1806.400066,4.577980,-1.137760,16.103830
1806.600066,3.864370,-2.350820,18.762490
1806.800066,3.643410,-3.144710,21.128750
1807.000066,3.676720,-3.339910,23.406760
1807.200066,3.693110,-3.592100,25.689530
1807.400066,3.604550,-3.842680,27.987820
1807.600066,3.612100,-4.155920,30.160300
1807.800066,3.352730,-4.535640,32.106890
1808.000066,3.237020,-4.868930,33.927090
1808.200065,3.354360,-5.297780,35.667200
1808.400065,3.245140,-5.737940,37.363180
1808.600065,3.097530,-6.103760,39.097430
1808.800065,2.906330,-6.421300,40.640220
1809.000065,1.617230,-6.193740,41.558870
1809.200065,0.404400,-5.945330,42.007450
1809.400065,0.497860,-5.755780,42.391870
1809.600065,1.167640,-5.520630,42.768660
1809.800065,1.648020,-5.364390,43.095800
1810.000065,2.118410,-5.254660,43.380350
1810.200064,2.142530,-5.307520,43.560620
1810.400064,2.056990,-5.413490,43.561290
1810.600064,1.724020,-5.313130,43.548960
1810.800064,1.643200,-5.323630,43.498740
1811.000064,1.551310,-5.256080,43.438000
1811.200064,1.574450,-5.213950,43.348930
1811.300064,1.571890,-5.191290,43.276980
1811.500064,1.520640,-5.159090,43.053910
1811.700064,1.455170,-5.070060,42.675840
1811.900064,1.255890,-5.020280,42.210900
1812.100063,1.293110,-4.968550,41.741160
1812.300063,1.395620,-4.913130,41.280580
1812.500063,1.541880,-4.772010,40.936340
1812.700063,1.628700,-4.626420,40.852010
1812.900063,1.621140,-4.515630,40.801990
1813.100063,1.591860,-4.432400,40.745690
1813.300063,1.581960,-4.407910,40.698160
1813.500063,1.558060,-4.429470,40.631890
1813.700063,1.587670,-4.417850,40.473060
1813.900063,1.587520,-4.351940,40.116180
1814.100062,1.587520,-4.351940,40.116170
1814.300062,1.572710,-4.086760,39.691930
1814.500062,1.541460,-3.847660,39.419100
1814.700062,1.539130,-3.699670,39.296770
1814.900062,1.515970,-3.653490,39.267110
1815.100062,1.513310,-3.700200,39.262480
1815.300062,1.484300,-3.614640,39.265640
1815.500062,1.483880,-3.571430,39.263640
1815.700062,1.483880,-3.571430,39.263640
1815.900062,1.488950,-3.567500,39.264530
1816.100061,1.498020,-3.565510,39.260410
1816.300061,1.511350,-3.560150,39.262600
1816.500061,1.513940,-3.560330,39.255000
1816.700061,1.498550,-3.560470,39.256660
1816.900061,1.485240,-3.557380,39.256400
1817.100061,1.488860,-3.560170,39.259510
1817.200061,1.486000,-3.556440,39.260720
1817.400061,1.486000,-3.556440,39.260720
1817.600061,1.485370,-3.559730,39.255330
1817.800061,1.491420,-3.560000,39.259330
1818.000060,1.496260,-3.560280,39.259580
1818.200060,1.492620,-3.553610,39.259080
1818.400060,1.493900,-3.559420,39.262330
1818.600060,1.502340,-3.569200,39.265160
1818.800060,1.494210,-3.559960,39.265950
1819.000060,1.491310,-3.554990,39.268420
1819.200060,1.486000,-3.558520,39.272070
1819.400060,1.488140,-3.561440,39.272030
1819.600060,1.488130,-3.561440,39.272020
1819.800060,1.483730,-3.558550,39.272730
1820.000059,1.487880,-3.558240,39.273670
1820.200059,1.486800,-3.560810,39.274050
1820.400059,1.489540,-3.560160,39.274950
1820.600059,1.492350,-3.566210,39.274970
1820.800059,1.485300,-3.564700,39.277980
1821.000059,1.484750,-3.565250,39.276870
1821.200059,1.492580,-3.567130,39.275970
1821.400059,1.485480,-3.563490,39.275880
1821.600059,1.490520,-3.562340,39.272980
1821.800059,1.497530,-3.563050,39.272520
1822.000058,1.499460,-3.562080,39.274460
1822.100058,1.499270,-3.564230,39.274950
1822.300058,1.501440,-3.570570,39.277470
1822.500058,1.507210,-3.571290,39.277510
1822.700058,1.508020,-3.574200,39.276780
1822.900058,1.511330,-3.572660,39.274570
1823.100058,1.507700,-3.577480,39.274370
1823.300058,1.506430,-3.575010,39.273260
1823.500058,1.511220,-3.580790,39.274820
1823.700058,1.511230,-3.580790,39.274820
1823.900057,1.519680,-3.582670,39.274630
1824.100057,1.521150,-3.576880,39.276240
